company,source_schema,code,title,business_line,department,project,category_name,batch_name,location,publish_date,raw_update_time,post_url,responsibility,requirement_text,bonus,experience_text,jd_text,list_job_name,list_job_category,merge_selected_from,merge_source_count,merge_source_files
拼多多,pdd_tampermonkey,PR023686,用户体验产品经理,产品类,,,产品类,,上海,2026-06-09,2026-06-09,https://careers.pddglobalhr.com/jobs/detail?code=PR023686,"1、负责用户购物体验关键触点（商品质量、商品履约、团点服务、下单体验、售后体验等）的设计优化，对用户体验负责；

2、从仓配作业链路入手，设计产品工具改善缺货和品质问题，保证商品交付体验；

3、从用户反馈中挖掘售后痛点，通过改造售后逻辑，提升用户满意度；

4、结合作业逻辑深度分析，找到体验与成本的产品策略平衡点

5、你将有机会成长为用户体验产品专家，为消费者打造领先的购物体验，并获得跨链路实战机会；","1、有较好的逻辑分析和数据敏感度，能运用数据验证假设、驱动决策；

2、充满好奇心，同理心强，乐于接受挑战，同时有良好的业务理解能力；

3、较强的自我驱动力，对于拿到业务结果有渴求。",无,"1、有较好的逻辑分析和数据敏感度，能运用数据验证假设、驱动决策；

2、充满好奇心，同理心强，乐于接受挑战，同时有良好的业务理解能力；

3、较强的自我驱动力，对于拿到业务结果有渴求。","岗位职责：
1、负责用户购物体验关键触点（商品质量、商品履约、团点服务、下单体验、售后体验等）的设计优化，对用户体验负责；

2、从仓配作业链路入手，设计产品工具改善缺货和品质问题，保证商品交付体验；

3、从用户反馈中挖掘售后痛点，通过改造售后逻辑，提升用户满意度；

4、结合作业逻辑深度分析，找到体验与成本的产品策略平衡点

5、你将有机会成长为用户体验产品专家，为消费者打造领先的购物体验，并获得跨链路实战机会；

任职要求：
1、有较好的逻辑分析和数据敏感度，能运用数据验证假设、驱动决策；

2、充满好奇心，同理心强，乐于接受挑战，同时有良好的业务理解能力；

3、较强的自我驱动力，对于拿到业务结果有渴求。

加分项：
无",用户体验产品经理,产品类,pinduoduo_jobs_产品经理_all_20260609_162018.csv,4,pinduoduo_jobs_产品经理_all_20260609_162018.csv | pinduoduo_jobs_产品经理_all_20260609_162730 copy.csv | pinduoduo_jobs_产品经理_all_20260609_162730.csv | pinduoduo_jobs_产品经理_part_1_14_all_20260609_163854.csv
拼多多,pdd_tampermonkey,PR020775,电商产品经理（会员营销方向）,产品类,,,产品类,,上海,2026-06-08,2026-06-08,https://careers.pddglobalhr.com/jobs/detail?code=PR020775,"1、负责电商会员的用户数、交易额增长；

2、通过数据分析、策略优化、补贴政策、活动玩法迭代等手段，达成上述目标；

3、对用户生命周期做拆解、分析，制定单独的增长手段；

4、跟踪行业的优秀案例，做出创新的增长方案、政策。","1、1年以上相关工作经验，有用户增长、营销活动、业务分析产品经验优先；

2、熟悉电商平台补贴、福利活动相关的手段，能有效地和内外部进行合作，并不断探索和发现新的思路；

3、精通常见的分析方式，能够与相关团队深度合作，通过数据的分析与洞察，找到增长空间。",无,"1、1年以上相关工作经验，有用户增长、营销活动、业务分析产品经验优先；

2、熟悉电商平台补贴、福利活动相关的手段，能有效地和内外部进行合作，并不断探索和发现新的思路；

3、精通常见的分析方式，能够与相关团队深度合作，通过数据的分析与洞察，找到增长空间。","岗位职责：
1、负责电商会员的用户数、交易额增长；

2、通过数据分析、策略优化、补贴政策、活动玩法迭代等手段，达成上述目标；

3、对用户生命周期做拆解、分析，制定单独的增长手段；

4、跟踪行业的优秀案例，做出创新的增长方案、政策。

任职要求：
1、1年以上相关工作经验，有用户增长、营销活动、业务分析产品经验优先；

2、熟悉电商平台补贴、福利活动相关的手段，能有效地和内外部进行合作，并不断探索和发现新的思路；

3、精通常见的分析方式，能够与相关团队深度合作，通过数据的分析与洞察，找到增长空间。

加分项：
无",电商产品经理（会员营销方向）,产品类,pinduoduo_jobs_产品经理_all_20260609_162018.csv,4,pinduoduo_jobs_产品经理_all_20260609_162018.csv | pinduoduo_jobs_产品经理_all_20260609_162730 copy.csv | pinduoduo_jobs_产品经理_all_20260609_162730.csv | pinduoduo_jobs_产品经理_part_1_14_all_20260609_163854.csv
拼多多,pdd_tampermonkey,PR024115,物流代收点产品经理,产品类,,,产品类,,上海,2026-06-07,2026-06-07,https://careers.pddglobalhr.com/jobs/detail?code=PR024115,"1、根据市场情况设计灵活、高效的站点/服务商激励策略，提升拼多多驿站市场占有率

2、拆解取件场景客诉，制定差异化站点激励方案和治理策略，打造极致的取件服务，提升拼多多市场口碑

3、设计C端取件营销活动，在用户取件时提供兼具趣味性和社交传播力的交互体验，提升用户扫码意愿，挖掘用户消费潜力","1、本科及以上学历，1年及以上互联网产品工作经验，有增长策略经验优先

2、对业务数据敏感，有较好的数据分析能力和优秀的逻辑思维，可以从业务数据中发现问题提炼需求

3、自驱力强，能围绕核心目标去主动解决问题，主导方案落地

4、拥有优秀的沟通能力、执行力和产品判断力",暂无,"1、本科及以上学历，1年及以上互联网产品工作经验，有增长策略经验优先

2、对业务数据敏感，有较好的数据分析能力和优秀的逻辑思维，可以从业务数据中发现问题提炼需求

3、自驱力强，能围绕核心目标去主动解决问题，主导方案落地

4、拥有优秀的沟通能力、执行力和产品判断力","岗位职责：
1、根据市场情况设计灵活、高效的站点/服务商激励策略，提升拼多多驿站市场占有率

2、拆解取件场景客诉，制定差异化站点激励方案和治理策略，打造极致的取件服务，提升拼多多市场口碑

3、设计C端取件营销活动，在用户取件时提供兼具趣味性和社交传播力的交互体验，提升用户扫码意愿，挖掘用户消费潜力

任职要求：
1、本科及以上学历，1年及以上互联网产品工作经验，有增长策略经验优先

2、对业务数据敏感，有较好的数据分析能力和优秀的逻辑思维，可以从业务数据中发现问题提炼需求

3、自驱力强，能围绕核心目标去主动解决问题，主导方案落地

4、拥有优秀的沟通能力、执行力和产品判断力

加分项：
暂无",物流代收点产品经理,产品类,pinduoduo_jobs_产品经理_all_20260609_162018.csv,4,pinduoduo_jobs_产品经理_all_20260609_162018.csv | pinduoduo_jobs_产品经理_all_20260609_162730 copy.csv | pinduoduo_jobs_产品经理_all_20260609_162730.csv | pinduoduo_jobs_产品经理_part_1_14_all_20260609_163854.csv
拼多多,pdd_tampermonkey,PR023594,平台服务B端产品经理,产品类,,,产品类,,上海,2026-06-05,2026-06-05,https://careers.pddglobalhr.com/jobs/detail?code=PR023594,"1.负责平台客服工具类产品的规划迭代及运营工作，对产品的效果负责；

2.主动与业务、数据、工程、算法等团队密切合作，输出产品化、智能化的产品方案解决业务痛点问题，提升客服的服务效率。","1.3年以上客服（呼叫中心）行业产品经验，有过智能客服工作台、工单系统、呼叫中心、质检、外包管理等模块的项目经验优先；

2.具备优秀的逻辑思维能力，善于系统性思考，抽象简化复杂问题；

3.项目中能够独当一面，具备优秀的沟通能力和跨团队合作能力、较强的抗压能力；

4.经历过客服中台能力建设及应用项目的优先，大型客服中心（千人以上或多业态客服）供职经历优先。",无,"1.3年以上客服（呼叫中心）行业产品经验，有过智能客服工作台、工单系统、呼叫中心、质检、外包管理等模块的项目经验优先；

2.具备优秀的逻辑思维能力，善于系统性思考，抽象简化复杂问题；

3.项目中能够独当一面，具备优秀的沟通能力和跨团队合作能力、较强的抗压能力；

4.经历过客服中台能力建设及应用项目的优先，大型客服中心（千人以上或多业态客服）供职经历优先。","岗位职责：
1.负责平台客服工具类产品的规划迭代及运营工作，对产品的效果负责；

2.主动与业务、数据、工程、算法等团队密切合作，输出产品化、智能化的产品方案解决业务痛点问题，提升客服的服务效率。

任职要求：
1.3年以上客服（呼叫中心）行业产品经验，有过智能客服工作台、工单系统、呼叫中心、质检、外包管理等模块的项目经验优先；

2.具备优秀的逻辑思维能力，善于系统性思考，抽象简化复杂问题；

3.项目中能够独当一面，具备优秀的沟通能力和跨团队合作能力、较强的抗压能力；

4.经历过客服中台能力建设及应用项目的优先，大型客服中心（千人以上或多业态客服）供职经历优先。

加分项：
无",平台服务B端产品经理,产品类,pinduoduo_jobs_产品经理_all_20260609_162018.csv,4,pinduoduo_jobs_产品经理_all_20260609_162018.csv | pinduoduo_jobs_产品经理_all_20260609_162730 copy.csv | pinduoduo_jobs_产品经理_all_20260609_162730.csv | pinduoduo_jobs_产品经理_part_1_14_all_20260609_163854.csv
拼多多,pdd_tampermonkey,PR020283,客服产品经理,产品类,,,产品类,,上海,2026-06-03,2026-06-03,https://careers.pddglobalhr.com/jobs/detail?code=PR020283,"1、负责电商平台客服系统的产品，从复杂场景中抽象问题和解决方案赋能客服，为消费者提供更好的服务体验；

2、负责某条业务线的产品维护和迭代。和运营团队一起配合，通过模型优化、业务流程优化等方式，提高消费者满意度，效率成本，风险控制三类指标；

3、能从消费者体验的视角出发，挖掘交易链路和服务流程中的问题，推动上下游团队配合，更源头地解决问题；

4、关注行业的趋势和动态，结合业务现状，寻找产品和业务创新的机会点。","1、2~5年互联网产品经验；

2、有较强的用户同理心；

3、有较好的沟通和跨团队协作能力；

4、工作积极主动靠谱，有进取心，学习能力强。",无,"1、2~5年互联网产品经验；

2、有较强的用户同理心；

3、有较好的沟通和跨团队协作能力；

4、工作积极主动靠谱，有进取心，学习能力强。","岗位职责：
1、负责电商平台客服系统的产品，从复杂场景中抽象问题和解决方案赋能客服，为消费者提供更好的服务体验；

2、负责某条业务线的产品维护和迭代。和运营团队一起配合，通过模型优化、业务流程优化等方式，提高消费者满意度，效率成本，风险控制三类指标；

3、能从消费者体验的视角出发，挖掘交易链路和服务流程中的问题，推动上下游团队配合，更源头地解决问题；

4、关注行业的趋势和动态，结合业务现状，寻找产品和业务创新的机会点。

任职要求：
1、2~5年互联网产品经验；

2、有较强的用户同理心；

3、有较好的沟通和跨团队协作能力；

4、工作积极主动靠谱，有进取心，学习能力强。

加分项：
无",客服产品经理,产品类,pinduoduo_jobs_产品经理_all_20260609_162018.csv,4,pinduoduo_jobs_产品经理_all_20260609_162018.csv | pinduoduo_jobs_产品经理_all_20260609_162730 copy.csv | pinduoduo_jobs_产品经理_all_20260609_162730.csv | pinduoduo_jobs_产品经理_part_1_14_all_20260609_163854.csv
拼多多,pdd_tampermonkey,PR021574,智能客服产品经理,产品类,,,产品类,,上海,2026-06-03,2026-06-03,https://careers.pddglobalhr.com/jobs/detail?code=PR021574,"1、负责电商平台的智能客服系统产品设计，构建高效和智能化的服务流程，提升消费者服务体验；

2、深入分析消费者求助问题，设计并实现全链路智能化的服务体验，包括：平台售后机器人、售前商家机器人等智能化产品实现；

3、负责语言大模型对话能力的产品应用落地，以提高智能客服的自动化、智能化和个性化，实现多语言语种、全球市场都得到优质服务体验；

4.对相关业务数据负责，结合算法模型能力，给出可执行的解决方案；

5. 把控进度，协调资源，保证模块迭代优化效果。","1. 对大模型、人工智能感兴趣，或有相关经验；

2. 有较强的学习能力，创新能力，和部门协作与沟通能力；

3. 具备较强的数据敏感性、逻辑思维能力强。",暂无,"1. 对大模型、人工智能感兴趣，或有相关经验；

2. 有较强的学习能力，创新能力，和部门协作与沟通能力；

3. 具备较强的数据敏感性、逻辑思维能力强。","岗位职责：
1、负责电商平台的智能客服系统产品设计，构建高效和智能化的服务流程，提升消费者服务体验；

2、深入分析消费者求助问题，设计并实现全链路智能化的服务体验，包括：平台售后机器人、售前商家机器人等智能化产品实现；

3、负责语言大模型对话能力的产品应用落地，以提高智能客服的自动化、智能化和个性化，实现多语言语种、全球市场都得到优质服务体验；

4.对相关业务数据负责，结合算法模型能力，给出可执行的解决方案；

5. 把控进度，协调资源，保证模块迭代优化效果。

任职要求：
1. 对大模型、人工智能感兴趣，或有相关经验；

2. 有较强的学习能力，创新能力，和部门协作与沟通能力；

3. 具备较强的数据敏感性、逻辑思维能力强。

加分项：
暂无",智能客服产品经理,产品类,pinduoduo_jobs_产品经理_all_20260609_162018.csv,4,pinduoduo_jobs_产品经理_all_20260609_162018.csv | pinduoduo_jobs_产品经理_all_20260609_162730 copy.csv | pinduoduo_jobs_产品经理_all_20260609_162730.csv | pinduoduo_jobs_产品经理_part_1_14_all_20260609_163854.csv
拼多多,pdd_tampermonkey,PR022017,C端电商AI产品经理,产品类,,,产品类,,上海,2026-05-28,2026-05-28,https://careers.pddglobalhr.com/jobs/detail?code=PR022017,"1、 围绕消费者在电商中的真实需求，结合AI能力设计实用、好用的AI电商功能，创造新的导购/客服/营销等方面的体验；
2、关注AI领域的新技术、新应用，评估其在电商场景中的可行性，并推动落地验证。","1、2年以上产品经验，对AI技术有基本理解，有将其转化为用户价值的经验或强烈兴趣；

2、重视体验细节；

3、有责任感，有消费者洞察，关注长期效果。",/,"1、2年以上产品经验，对AI技术有基本理解，有将其转化为用户价值的经验或强烈兴趣；

2、重视体验细节；

3、有责任感，有消费者洞察，关注长期效果。","岗位职责：
1、 围绕消费者在电商中的真实需求，结合AI能力设计实用、好用的AI电商功能，创造新的导购/客服/营销等方面的体验；
2、关注AI领域的新技术、新应用，评估其在电商场景中的可行性，并推动落地验证。

任职要求：
1、2年以上产品经验，对AI技术有基本理解，有将其转化为用户价值的经验或强烈兴趣；

2、重视体验细节；

3、有责任感，有消费者洞察，关注长期效果。

加分项：
/",C端电商AI产品经理,产品类,pinduoduo_jobs_产品经理_all_20260609_162018.csv,4,pinduoduo_jobs_产品经理_all_20260609_162018.csv | pinduoduo_jobs_产品经理_all_20260609_162730 copy.csv | pinduoduo_jobs_产品经理_all_20260609_162730.csv | pinduoduo_jobs_产品经理_part_1_14_all_20260609_163854.csv
拼多多,pdd_tampermonkey,PR016472,策略中台高级产品经理,产品类,,,产品类,,上海,2026-05-27,2026-05-27,https://careers.pddglobalhr.com/jobs/detail?code=PR016472,"1. 负责拼多多客服业务智能策略相关的基础产品和架构设计，以此支撑消费者售中/售后问题的智能、准确、高效解决；

2. 负责消费者售中/售后问题自动化策略流程、半自动化策略流程的流程编排设计、基础产品规划等；

3. 负责承接业务团队针对消费者各问题场景的策略需求，保障业务策略的高效、严谨落地；

4. 对策略中台的简洁性易用性、健康完善度负责，保证策略中台的架构清晰、逻辑严谨以及多业务场景的敏捷接入。","1. 3-5年产品经理工作经验，至少1年以上中台产品规划工作经验，有客服业务、消费者服务相关履历的优先考虑；

2. 拥有计算机等理工类专业背景、互联网电商相关行业背景；

3. 具备优秀的产品设计和逻辑思维能力，擅长架构设计和问题抽象；

4. 拥有严谨的工作态度和高度的责任心，对系统的严谨和鲁棒能保持持久高度关心。",无,"1. 3-5年产品经理工作经验，至少1年以上中台产品规划工作经验，有客服业务、消费者服务相关履历的优先考虑；

2. 拥有计算机等理工类专业背景、互联网电商相关行业背景；

3. 具备优秀的产品设计和逻辑思维能力，擅长架构设计和问题抽象；

4. 拥有严谨的工作态度和高度的责任心，对系统的严谨和鲁棒能保持持久高度关心。","岗位职责：
1. 负责拼多多客服业务智能策略相关的基础产品和架构设计，以此支撑消费者售中/售后问题的智能、准确、高效解决；

2. 负责消费者售中/售后问题自动化策略流程、半自动化策略流程的流程编排设计、基础产品规划等；

3. 负责承接业务团队针对消费者各问题场景的策略需求，保障业务策略的高效、严谨落地；

4. 对策略中台的简洁性易用性、健康完善度负责，保证策略中台的架构清晰、逻辑严谨以及多业务场景的敏捷接入。

任职要求：
1. 3-5年产品经理工作经验，至少1年以上中台产品规划工作经验，有客服业务、消费者服务相关履历的优先考虑；

2. 拥有计算机等理工类专业背景、互联网电商相关行业背景；

3. 具备优秀的产品设计和逻辑思维能力，擅长架构设计和问题抽象；

4. 拥有严谨的工作态度和高度的责任心，对系统的严谨和鲁棒能保持持久高度关心。

加分项：
无",策略中台高级产品经理,产品类,pinduoduo_jobs_产品经理_all_20260609_162018.csv,4,pinduoduo_jobs_产品经理_all_20260609_162018.csv | pinduoduo_jobs_产品经理_all_20260609_162730 copy.csv | pinduoduo_jobs_产品经理_all_20260609_162730.csv | pinduoduo_jobs_产品经理_part_1_14_all_20260609_163854.csv
拼多多,pdd_tampermonkey,PR016668,电商售后资深产品经理/产品leader,产品类,,,产品类,,上海,2026-05-27,2026-05-27,https://careers.pddglobalhr.com/jobs/detail?code=PR016668,"1. 通过竞品分析、业务数据分析，基于用户原声case等完善拼多多售后流程体系。包括消费者售后体验优化、售后流程及效率优化，保障消费者售后权益；

2. 负责分析并定义拼多多C端售后自动化策略，包括但不限于极速退款策略、闪电退货策略等，对策略的准确度、完备性、执行效率等负责；

3. 对拼多多整体电商服务策略的C端交互能力负责，通过设计并抽象丰富的交互手段，发现、收集并快速解决消费者在各场景下的更多服务问题；

4. 协同各有关团队，赋能各项售后相关服务策略，并通过这个过程沉淀并持续提升售后基础能力。","1. 3-5年以上电商交易、售后、客服等相关行业产品经验；

2. 有强烈的责任感、同理心和自驱力。能体会并发现用户售后过程中的痛点，具备扎实的用户体验洞察力，具备深度竞品分析、产品规划的能力；

3. 有系统的 C 端交互设计方法论者、主导或独立负责过具体的C端产品交互设计并有典型成功案例者优先考虑；

4. 具备扎实的数据分析功底，逻辑性好；

5. 有自驱力，有过团队管理经验者优先考虑。",无,"1. 3-5年以上电商交易、售后、客服等相关行业产品经验；

2. 有强烈的责任感、同理心和自驱力。能体会并发现用户售后过程中的痛点，具备扎实的用户体验洞察力，具备深度竞品分析、产品规划的能力；

3. 有系统的 C 端交互设计方法论者、主导或独立负责过具体的C端产品交互设计并有典型成功案例者优先考虑；

4. 具备扎实的数据分析功底，逻辑性好；

5. 有自驱力，有过团队管理经验者优先考虑。","岗位职责：
1. 通过竞品分析、业务数据分析，基于用户原声case等完善拼多多售后流程体系。包括消费者售后体验优化、售后流程及效率优化，保障消费者售后权益；

2. 负责分析并定义拼多多C端售后自动化策略，包括但不限于极速退款策略、闪电退货策略等，对策略的准确度、完备性、执行效率等负责；

3. 对拼多多整体电商服务策略的C端交互能力负责，通过设计并抽象丰富的交互手段，发现、收集并快速解决消费者在各场景下的更多服务问题；

4. 协同各有关团队，赋能各项售后相关服务策略，并通过这个过程沉淀并持续提升售后基础能力。

任职要求：
1. 3-5年以上电商交易、售后、客服等相关行业产品经验；

2. 有强烈的责任感、同理心和自驱力。能体会并发现用户售后过程中的痛点，具备扎实的用户体验洞察力，具备深度竞品分析、产品规划的能力；

3. 有系统的 C 端交互设计方法论者、主导或独立负责过具体的C端产品交互设计并有典型成功案例者优先考虑；

4. 具备扎实的数据分析功底，逻辑性好；

5. 有自驱力，有过团队管理经验者优先考虑。

加分项：
无",电商售后资深产品经理/产品leader,产品类,pinduoduo_jobs_产品经理_all_20260609_162018.csv,4,pinduoduo_jobs_产品经理_all_20260609_162018.csv | pinduoduo_jobs_产品经理_all_20260609_162730 copy.csv | pinduoduo_jobs_产品经理_all_20260609_162730.csv | pinduoduo_jobs_产品经理_part_1_14_all_20260609_163854.csv
拼多多,pdd_tampermonkey,PR024083,用户增长产品经理,产品类,,,产品类,,上海,2026-05-26,2026-05-26,https://careers.pddglobalhr.com/jobs/detail?code=PR024083,"岗位职责

1、负责平台物流产品规划与迭代，基于用户分层、场景化策略及增长实验等方法，持续完善用户体验，优化GMV与用户规模等核心指标；

2、基于消费者端物流体验和供应链全链路视角，持续优化核心物流能力，提升商家履约效率，助力业务规模化增长；

3、聚焦产品体验，提升全场景物流感知，结合用户调研与数据分析形成用户增长与留存策略。","1、本科及以上学历，1年及以上互联网产品工作经验，有知名互联网公司工作经验优先；

2、对业务数据敏感，有较好的数据分析能力和优秀的逻辑思维，可以从业务数据波动中发现问题，提炼需求；

3、具有优秀的沟通能力、执行力和产品判断力；

4、主动追踪业务结果，对产品全生命周期（规划→落地→优化）负责，敢于为决策担责，推动问题闭环解决。",无,"1、本科及以上学历，1年及以上互联网产品工作经验，有知名互联网公司工作经验优先；

2、对业务数据敏感，有较好的数据分析能力和优秀的逻辑思维，可以从业务数据波动中发现问题，提炼需求；

3、具有优秀的沟通能力、执行力和产品判断力；

4、主动追踪业务结果，对产品全生命周期（规划→落地→优化）负责，敢于为决策担责，推动问题闭环解决。","岗位职责：
岗位职责

1、负责平台物流产品规划与迭代，基于用户分层、场景化策略及增长实验等方法，持续完善用户体验，优化GMV与用户规模等核心指标；

2、基于消费者端物流体验和供应链全链路视角，持续优化核心物流能力，提升商家履约效率，助力业务规模化增长；

3、聚焦产品体验，提升全场景物流感知，结合用户调研与数据分析形成用户增长与留存策略。

任职要求：
1、本科及以上学历，1年及以上互联网产品工作经验，有知名互联网公司工作经验优先；

2、对业务数据敏感，有较好的数据分析能力和优秀的逻辑思维，可以从业务数据波动中发现问题，提炼需求；

3、具有优秀的沟通能力、执行力和产品判断力；

4、主动追踪业务结果，对产品全生命周期（规划→落地→优化）负责，敢于为决策担责，推动问题闭环解决。

加分项：
无",用户增长产品经理,产品类,pinduoduo_jobs_产品经理_all_20260609_162018.csv,2,pinduoduo_jobs_产品经理_all_20260609_162018.csv | pinduoduo_jobs_产品经理_part_1_14_all_20260609_163854.csv
拼多多,pdd_tampermonkey,PR022880,产品经理（规则策略）,产品类,,,产品类,,上海,2026-05-21,2026-05-21,https://careers.pddglobalhr.com/jobs/detail?code=PR022880,"1、负责电商平台规则系统的设计、规划和策略制定；

2、根据法律法规要求、搭建与商品安全合规相关的规则体系和系统；

3、与相关团队合作，制定数据识别策略、建立并完善规则识别系统，提升风险识别系统能力；

4、对审核系统进行设计和落地，制定和优化审核策略，提升审核效率和准确率。","1、本科及以上学历，2 年以上产品经理经验，有中后台产品规划落地经验（规则、风控策略背景优先）；

2、具备良好的逻辑和抽象能力，较好的风险敏锐度、以及持续高效的学习能力，能够从实战中不断总结经验；

3、优秀的沟通协调能力和高效的推动项目落地能力。",-,"1、本科及以上学历，2 年以上产品经理经验，有中后台产品规划落地经验（规则、风控策略背景优先）；

2、具备良好的逻辑和抽象能力，较好的风险敏锐度、以及持续高效的学习能力，能够从实战中不断总结经验；

3、优秀的沟通协调能力和高效的推动项目落地能力。","岗位职责：
1、负责电商平台规则系统的设计、规划和策略制定；

2、根据法律法规要求、搭建与商品安全合规相关的规则体系和系统；

3、与相关团队合作，制定数据识别策略、建立并完善规则识别系统，提升风险识别系统能力；

4、对审核系统进行设计和落地，制定和优化审核策略，提升审核效率和准确率。

任职要求：
1、本科及以上学历，2 年以上产品经理经验，有中后台产品规划落地经验（规则、风控策略背景优先）；

2、具备良好的逻辑和抽象能力，较好的风险敏锐度、以及持续高效的学习能力，能够从实战中不断总结经验；

3、优秀的沟通协调能力和高效的推动项目落地能力。

加分项：
-",产品经理（规则策略）,产品类,pinduoduo_jobs_产品经理_all_20260609_162018.csv,2,pinduoduo_jobs_产品经理_all_20260609_162018.csv | pinduoduo_jobs_产品经理_part_1_14_all_20260609_163854.csv
拼多多,pdd_tampermonkey,PR023849,商家入驻产品经理,产品类,,,产品类,,上海,2026-05-18,2026-05-18,https://careers.pddglobalhr.com/jobs/detail?code=PR023849,"1、参与设计整套供给与风控的底层结构，设计从注册到审核、入驻、稳定经营的全链路体系；

2、将复杂的合规、审核与治理规则抽象为可规模化运行的产品能力；

3、与招商、运营、风控团队协同，打通入驻与后续经营、留存的联动。","1、有能力拆解复杂系统（交易/风控/规则/流程），并抽象成产品结构；

2、对平台型业务有兴趣（电商、商家侧、供给体系等）；

3、能在“规则复杂性”和“用户体验”之间找到平衡，以用户为中心、具备同理心；

4、有数据敏感度，能通过数据发现问题并验证方案；

5、1-3年产品经验，有B端/平台经验者优先。",/,"1、有能力拆解复杂系统（交易/风控/规则/流程），并抽象成产品结构；

2、对平台型业务有兴趣（电商、商家侧、供给体系等）；

3、能在“规则复杂性”和“用户体验”之间找到平衡，以用户为中心、具备同理心；

4、有数据敏感度，能通过数据发现问题并验证方案；

5、1-3年产品经验，有B端/平台经验者优先。","岗位职责：
1、参与设计整套供给与风控的底层结构，设计从注册到审核、入驻、稳定经营的全链路体系；

2、将复杂的合规、审核与治理规则抽象为可规模化运行的产品能力；

3、与招商、运营、风控团队协同，打通入驻与后续经营、留存的联动。

任职要求：
1、有能力拆解复杂系统（交易/风控/规则/流程），并抽象成产品结构；

2、对平台型业务有兴趣（电商、商家侧、供给体系等）；

3、能在“规则复杂性”和“用户体验”之间找到平衡，以用户为中心、具备同理心；

4、有数据敏感度，能通过数据发现问题并验证方案；

5、1-3年产品经验，有B端/平台经验者优先。

加分项：
/",商家入驻产品经理,产品类,pinduoduo_jobs_产品经理_all_20260609_162018.csv,2,pinduoduo_jobs_产品经理_all_20260609_162018.csv | pinduoduo_jobs_产品经理_part_12_23_all_20260609_164011.csv
拼多多,pdd_tampermonkey,PR000133,数据产品经理,产品类,,,产品类,,上海,2025-07-21,2025-07-21,https://careers.pddglobalhr.com/jobs/detail?code=PR000133,"1.负责大数据中台的设计和实现，基于现有离线数据平台的架构，结合数据开发流程，推动数据平台产品设计与项目迭代；

2.完成用户研究、需求调研、数据分析、跨部门沟通、产品设计、文档撰写等产品相关工作；

3.推动大数据团队完成产品的开发，协调可用资源将规划高效落地；

4.根据用户反馈与数据分析，结合公司业务发展需求，完成产品迭代更新。","1.3-5年以上互联网或IT行业经验，有丰富的B端产品或者数据产品经验；

2.熟悉产品设计与开发流程，具备优秀的项目管理能力，能保证项目的高效执行；

3.具有很好的跨团队沟通与协调能力，团队精神，敢于担当，能承受较强的工作压力；

4.有较强的数据分析能力，逻辑思维，善于通过现状梳理发现问题，并提出合理的方案；

5.熟练掌握产品设计工具，包括Axure、Visio等；

6.有大数据开发或数据仓库经验优先考虑。",无,"1.3-5年以上互联网或IT行业经验，有丰富的B端产品或者数据产品经验；

2.熟悉产品设计与开发流程，具备优秀的项目管理能力，能保证项目的高效执行；

3.具有很好的跨团队沟通与协调能力，团队精神，敢于担当，能承受较强的工作压力；

4.有较强的数据分析能力，逻辑思维，善于通过现状梳理发现问题，并提出合理的方案；

5.熟练掌握产品设计工具，包括Axure、Visio等；

6.有大数据开发或数据仓库经验优先考虑。","岗位职责：
1.负责大数据中台的设计和实现，基于现有离线数据平台的架构，结合数据开发流程，推动数据平台产品设计与项目迭代；

2.完成用户研究、需求调研、数据分析、跨部门沟通、产品设计、文档撰写等产品相关工作；

3.推动大数据团队完成产品的开发，协调可用资源将规划高效落地；

4.根据用户反馈与数据分析，结合公司业务发展需求，完成产品迭代更新。

任职要求：
1.3-5年以上互联网或IT行业经验，有丰富的B端产品或者数据产品经验；

2.熟悉产品设计与开发流程，具备优秀的项目管理能力，能保证项目的高效执行；

3.具有很好的跨团队沟通与协调能力，团队精神，敢于担当，能承受较强的工作压力；

4.有较强的数据分析能力，逻辑思维，善于通过现状梳理发现问题，并提出合理的方案；

5.熟练掌握产品设计工具，包括Axure、Visio等；

6.有大数据开发或数据仓库经验优先考虑。

加分项：
无",数据产品经理,产品类,pinduoduo_jobs_产品经理_all_20260609_162018.csv,1,pinduoduo_jobs_产品经理_all_20260609_162018.csv
拼多多,pdd_tampermonkey,PR021635,财务产品经理,产品类,,,产品类,,上海,2025-04-18,2025-04-18,https://careers.pddglobalhr.com/jobs/detail?code=PR021635,"岗位职责

1. 负责财务系统的产品规划、设计及优化，包括活动结算、商家发票、预算管理等；

2. 监控活动结算情况，通过产品方案解决结算问题和提升系统效率；

3. 跨团队协作进行沟通和协调，推动关联产品线的合作，以实现产品目标；

4. 响应业务和财务的需求，支持业务开展和财务工作。","任职要求

1. 具备1年以上互联网财务结算、业务计费或其他B端产品的工作经验，财会专业优先；

2. 熟悉电商平台的结算流程，了解发票、预算等财务模块；

3. 逻辑清晰，协调沟通能力强，具有良好的学习、分析和解决问题的能力。",有财务结算产品经验加分,"任职要求

1. 具备1年以上互联网财务结算、业务计费或其他B端产品的工作经验，财会专业优先；

2. 熟悉电商平台的结算流程，了解发票、预算等财务模块；

3. 逻辑清晰，协调沟通能力强，具有良好的学习、分析和解决问题的能力。","岗位职责：
岗位职责

1. 负责财务系统的产品规划、设计及优化，包括活动结算、商家发票、预算管理等；

2. 监控活动结算情况，通过产品方案解决结算问题和提升系统效率；

3. 跨团队协作进行沟通和协调，推动关联产品线的合作，以实现产品目标；

4. 响应业务和财务的需求，支持业务开展和财务工作。

任职要求：
任职要求

1. 具备1年以上互联网财务结算、业务计费或其他B端产品的工作经验，财会专业优先；

2. 熟悉电商平台的结算流程，了解发票、预算等财务模块；

3. 逻辑清晰，协调沟通能力强，具有良好的学习、分析和解决问题的能力。

加分项：
有财务结算产品经验加分",财务产品经理,产品类,pinduoduo_jobs_产品经理_all_20260609_162018.csv,1,pinduoduo_jobs_产品经理_all_20260609_162018.csv
拼多多,pdd_tampermonkey,PR012259,智能聊天机器人产品经理（基础架构方向）,产品类,,,产品类,,上海,2024-10-14,2024-10-14,https://careers.pddglobalhr.com/jobs/detail?code=PR012259,"1.负责智能聊天机器人产品设计工作，以“少配置、全智能”为导向，保证产品体系完整、健壮，为产品的易用性负责；

2.协调运营、算法、研发等资源，设计方案并高效推进落地；

3.面向商家、平台运营、训练师等，体系化搭建并完善机器人的配置后台和运营系统。","1.3-5年智能服务或相关领域经验，有独立负责智能服务产品或负责关键模块的经验；

2.优秀的产品设计能力，用户体验敏感，数据敏感；

3.有优秀的逻辑思维能力，善于系统性思考，抽象简化复杂问题；

4.能基于目标规划方案并推动项目顺利运作达成结果；

5.具备高度的责任心和较强的自我驱动力、抗压能力，善于合作，善于协调和调度资源推动业务发展。",无,"1.3-5年智能服务或相关领域经验，有独立负责智能服务产品或负责关键模块的经验；

2.优秀的产品设计能力，用户体验敏感，数据敏感；

3.有优秀的逻辑思维能力，善于系统性思考，抽象简化复杂问题；

4.能基于目标规划方案并推动项目顺利运作达成结果；

5.具备高度的责任心和较强的自我驱动力、抗压能力，善于合作，善于协调和调度资源推动业务发展。","岗位职责：
1.负责智能聊天机器人产品设计工作，以“少配置、全智能”为导向，保证产品体系完整、健壮，为产品的易用性负责；

2.协调运营、算法、研发等资源，设计方案并高效推进落地；

3.面向商家、平台运营、训练师等，体系化搭建并完善机器人的配置后台和运营系统。

任职要求：
1.3-5年智能服务或相关领域经验，有独立负责智能服务产品或负责关键模块的经验；

2.优秀的产品设计能力，用户体验敏感，数据敏感；

3.有优秀的逻辑思维能力，善于系统性思考，抽象简化复杂问题；

4.能基于目标规划方案并推动项目顺利运作达成结果；

5.具备高度的责任心和较强的自我驱动力、抗压能力，善于合作，善于协调和调度资源推动业务发展。

加分项：
无",智能聊天机器人产品经理（基础架构方向）,产品类,pinduoduo_jobs_产品经理_all_20260609_162018.csv,1,pinduoduo_jobs_产品经理_all_20260609_162018.csv
拼多多,pdd_tampermonkey,PR018599,视频会议产品经理,产品类,,,产品类,,上海,2024-10-08,2024-10-08,https://careers.pddglobalhr.com/jobs/detail?code=PR018599,"1.挖掘用户需求，针对音视频会议场景进行分析，调研，逻辑梳理，并输出高质量的产品文档，在需求上线后进行数据分析和反馈的跟进，持续提升基础体验；
2.熟悉音视频会议基础架构和功能模块，有从0-1搭建音视频应用直播互动平台经验",3年以上相关产品经验，较强的独立工作能力和个人自驱力，能够在快速的业务变化中开展工作，并取得结果；,有视频会议产品经验加分，有相关技术背景加分,3年以上相关产品经验，较强的独立工作能力和个人自驱力，能够在快速的业务变化中开展工作，并取得结果；,"岗位职责：
1.挖掘用户需求，针对音视频会议场景进行分析，调研，逻辑梳理，并输出高质量的产品文档，在需求上线后进行数据分析和反馈的跟进，持续提升基础体验；
2.熟悉音视频会议基础架构和功能模块，有从0-1搭建音视频应用直播互动平台经验

任职要求：
3年以上相关产品经验，较强的独立工作能力和个人自驱力，能够在快速的业务变化中开展工作，并取得结果；

加分项：
有视频会议产品经验加分，有相关技术背景加分",视频会议产品经理,产品类,pinduoduo_jobs_产品经理_all_20260609_162018.csv,3,pinduoduo_jobs_产品经理_all_20260609_162018.csv | pinduoduo_jobs_产品经理_all_20260609_162730 copy.csv | pinduoduo_jobs_产品经理_all_20260609_162730.csv
拼多多,pdd_tampermonkey,PR023850,商品内容产品经理,产品类,,,产品类,,上海,2026-05-18,2026-05-18,https://careers.pddglobalhr.com/jobs/detail?code=PR023850,1、搭建和优化商品模型、类目与属性体系，提升商品结构化与标准化能力；2、设计商家商品发布与管理链路，结合算法能力，提升发品效率与使用体验；3、推动商品数据治理，将商品信息能力应用到搜索、推荐、风控等多业务场景；4、在“规范性”与“灵活性”之间做权衡，既保证数据质量，又不压制供给表达。,1、能理解并拆解复杂数据结构（如商品模型、类目树、属性体系等）；2、对“结构化数据如何影响业务”（搜索/推荐/转化）有认知或兴趣；3、能在规则设计与用户体验之间找到平衡，而不是简单加约束；4、有数据敏感度，能通过数据发现问题并验证方案；5、1-3年产品经验，有B端/商品相关经验者优先。,/,1、能理解并拆解复杂数据结构（如商品模型、类目树、属性体系等）；2、对“结构化数据如何影响业务”（搜索/推荐/转化）有认知或兴趣；3、能在规则设计与用户体验之间找到平衡，而不是简单加约束；4、有数据敏感度，能通过数据发现问题并验证方案；5、1-3年产品经验，有B端/商品相关经验者优先。,"岗位职责：
1、搭建和优化商品模型、类目与属性体系，提升商品结构化与标准化能力；2、设计商家商品发布与管理链路，结合算法能力，提升发品效率与使用体验；3、推动商品数据治理，将商品信息能力应用到搜索、推荐、风控等多业务场景；4、在“规范性”与“灵活性”之间做权衡，既保证数据质量，又不压制供给表达。

任职要求：
1、能理解并拆解复杂数据结构（如商品模型、类目树、属性体系等）；2、对“结构化数据如何影响业务”（搜索/推荐/转化）有认知或兴趣；3、能在规则设计与用户体验之间找到平衡，而不是简单加约束；4、有数据敏感度，能通过数据发现问题并验证方案；5、1-3年产品经验，有B端/商品相关经验者优先。

加分项：
/",商品内容产品经理,产品类,pinduoduo_jobs_产品经理_part_12_23_all_20260609_164011.csv,1,pinduoduo_jobs_产品经理_part_12_23_all_20260609_164011.csv
拼多多,pdd_tampermonkey,PR022054,B端物流产品经理,产品类,,,产品类,,上海,2026-05-18,2026-05-18,https://careers.pddglobalhr.com/jobs/detail?code=PR022054,1、负责仓配各个环节的产品功能支持和设计，达成仓库&配送作业的质量提升和改善履约体验的目标；2、根据对业务情况的分析，找到作业环节的可提升点，并转化为产品方案来推动业务提升；,1、2年及以上的供应链/物流配送/售后相关产品经验；本科及以上学历 ；2、良好的产品设计和规划能力，拥有一定的数据分析能力，有良好的业务理解能力； 3、较强的自我驱动力，对于拿到业务结果有渴求；积极主动，执行能力强，有较强责任心及团队精神。,无,1、2年及以上的供应链/物流配送/售后相关产品经验；本科及以上学历 ；2、良好的产品设计和规划能力，拥有一定的数据分析能力，有良好的业务理解能力； 3、较强的自我驱动力，对于拿到业务结果有渴求；积极主动，执行能力强，有较强责任心及团队精神。,"岗位职责：
1、负责仓配各个环节的产品功能支持和设计，达成仓库&配送作业的质量提升和改善履约体验的目标；2、根据对业务情况的分析，找到作业环节的可提升点，并转化为产品方案来推动业务提升；

任职要求：
1、2年及以上的供应链/物流配送/售后相关产品经验；本科及以上学历 ；2、良好的产品设计和规划能力，拥有一定的数据分析能力，有良好的业务理解能力； 3、较强的自我驱动力，对于拿到业务结果有渴求；积极主动，执行能力强，有较强责任心及团队精神。

加分项：
无",B端物流产品经理,产品类,pinduoduo_jobs_产品经理_part_12_23_all_20260609_164011.csv,1,pinduoduo_jobs_产品经理_part_12_23_all_20260609_164011.csv
拼多多,pdd_tampermonkey,PR023782,Agent策略产品经理,产品类,,,产品类,,上海,2026-05-17,2026-05-17,https://careers.pddglobalhr.com/jobs/detail?code=PR023782,1. 负责特定业务领域的策略制定，完成从复杂问题诊断、根因分析到长效解决方案设计的全链路工作，推动体验问题的系统化解决；2. 构建可复用的包含商品特征、商家行为、行业类目的知识库与案例库；3. 负责设计证据收集与验证机制，为责任判定提供可信依据，平衡消费者体验与商家体验；4. 设计差异化策略，通过产品化工具帮助商家自我诊断、优化商品信息与服务流程。,- 3-5年电商平台及相关领域产品经验，有商品治理、agent深度工作应用相关经验者优先考虑；- 熟悉电商生态，对商家经营、消费者心理、平台规则有深刻理解；- 具备优秀的逻辑推理能力、问题抽象能力、策略制定能力、系统设计能力，能独立完成策略从0到1的构建；- 具备较强的沟通能力与项目推动力，较强的抗压能力。,/,- 3-5年电商平台及相关领域产品经验，有商品治理、agent深度工作应用相关经验者优先考虑；- 熟悉电商生态，对商家经营、消费者心理、平台规则有深刻理解；- 具备优秀的逻辑推理能力、问题抽象能力、策略制定能力、系统设计能力，能独立完成策略从0到1的构建；- 具备较强的沟通能力与项目推动力，较强的抗压能力。,"岗位职责：
1. 负责特定业务领域的策略制定，完成从复杂问题诊断、根因分析到长效解决方案设计的全链路工作，推动体验问题的系统化解决；2. 构建可复用的包含商品特征、商家行为、行业类目的知识库与案例库；3. 负责设计证据收集与验证机制，为责任判定提供可信依据，平衡消费者体验与商家体验；4. 设计差异化策略，通过产品化工具帮助商家自我诊断、优化商品信息与服务流程。

任职要求：
- 3-5年电商平台及相关领域产品经验，有商品治理、agent深度工作应用相关经验者优先考虑；- 熟悉电商生态，对商家经营、消费者心理、平台规则有深刻理解；- 具备优秀的逻辑推理能力、问题抽象能力、策略制定能力、系统设计能力，能独立完成策略从0到1的构建；- 具备较强的沟通能力与项目推动力，较强的抗压能力。

加分项：
/",Agent策略产品经理,产品类,pinduoduo_jobs_产品经理_part_12_23_all_20260609_164011.csv,1,pinduoduo_jobs_产品经理_part_12_23_all_20260609_164011.csv
拼多多,pdd_tampermonkey,PR023937,Agent智能服务产品经理,产品类,,,产品类,,上海,2026-05-17,2026-05-17,https://careers.pddglobalhr.com/jobs/detail?code=PR023937,1. 负责智能聊天机器人、智能服务工作台等智能化产品的规划和落地，推动Agent在真实消费者场景中持续迭代2. 面向消费者体验问题，通过机器人解决、机器人辅助人工解决等形式，革新解决能力3. 面向商家服务场景，通过机器人解决、机器人辅助商家等形式，提升商家售前售后解决能力4. 联合业务、算法、工程团队一起优化端到端的智能服务体验，对用户满意度负责,1. 1年以上互联网产品经验，电商/服务/B端方向皆可，不要求大模型背景。2. 逻辑清楚，数据敏感。有独立拆解复杂问题的能力。3. 具备高度的责任心和较强的自我驱动力、抗压能力，善于合作，善于协调和调度资源推动业务发展。,/,1. 1年以上互联网产品经验，电商/服务/B端方向皆可，不要求大模型背景。2. 逻辑清楚，数据敏感。有独立拆解复杂问题的能力。3. 具备高度的责任心和较强的自我驱动力、抗压能力，善于合作，善于协调和调度资源推动业务发展。,"岗位职责：
1. 负责智能聊天机器人、智能服务工作台等智能化产品的规划和落地，推动Agent在真实消费者场景中持续迭代2. 面向消费者体验问题，通过机器人解决、机器人辅助人工解决等形式，革新解决能力3. 面向商家服务场景，通过机器人解决、机器人辅助商家等形式，提升商家售前售后解决能力4. 联合业务、算法、工程团队一起优化端到端的智能服务体验，对用户满意度负责

任职要求：
1. 1年以上互联网产品经验，电商/服务/B端方向皆可，不要求大模型背景。2. 逻辑清楚，数据敏感。有独立拆解复杂问题的能力。3. 具备高度的责任心和较强的自我驱动力、抗压能力，善于合作，善于协调和调度资源推动业务发展。

加分项：
/",Agent智能服务产品经理,产品类,pinduoduo_jobs_产品经理_part_12_23_all_20260609_164011.csv,1,pinduoduo_jobs_产品经理_part_12_23_all_20260609_164011.csv
拼多多,pdd_tampermonkey,PR022066,AIGC策略产品经理-广告用增方向,产品类,,,产品类,,上海,2026-05-16,2026-05-16,https://careers.pddglobalhr.com/jobs/detail?code=PR022066,1、负责AIGC内容策略的制定，结合业务数据找到机会点&优化点；2、了解文本、图像、视频Ai算法技术，发现业务结合场景并推动相关模型落地验证；3、多方协调合作，提升AIGC内容在用户增长侧的效率；,1、本科以上学历，2年以上图片视频文本内容合成&AI算法相关经验；2、有较好的跨团队沟通协作能力，能主动推动业务进展；3、具有较好的沟通表达和数据分析能力；4、有较强的责任心和积极性；,暂无,1、本科以上学历，2年以上图片视频文本内容合成&AI算法相关经验；2、有较好的跨团队沟通协作能力，能主动推动业务进展；3、具有较好的沟通表达和数据分析能力；4、有较强的责任心和积极性；,"岗位职责：
1、负责AIGC内容策略的制定，结合业务数据找到机会点&优化点；2、了解文本、图像、视频Ai算法技术，发现业务结合场景并推动相关模型落地验证；3、多方协调合作，提升AIGC内容在用户增长侧的效率；

任职要求：
1、本科以上学历，2年以上图片视频文本内容合成&AI算法相关经验；2、有较好的跨团队沟通协作能力，能主动推动业务进展；3、具有较好的沟通表达和数据分析能力；4、有较强的责任心和积极性；

加分项：
暂无",AIGC策略产品经理-广告用增方向,产品类,pinduoduo_jobs_产品经理_part_12_23_all_20260609_164011.csv,1,pinduoduo_jobs_产品经理_part_12_23_all_20260609_164011.csv
拼多多,pdd_tampermonkey,PR022795,增长产品经理,产品类,,,产品类,,上海,2026-05-16,2026-05-16,https://careers.pddglobalhr.com/jobs/detail?code=PR022795,1．负责营销活动、社媒增长和游戏化玩法，对用户新增，转化，LTV负责；2．策划增长活动，为转化效果负责；3．熟悉增长方法论，了解各大社媒平台，能不断输出创意，推动落地，持续优化迭代；4．负责站内营销活动频道，驱动运营团队，做好玩法策划与功能落地,1．可以将英语作为工作语言，有用户增长经验的优先2．懂内容营销，对电商、快时尚领域有热情3．有ROI意识，执行力强，有想法，适应能力强,暂无,1．可以将英语作为工作语言，有用户增长经验的优先2．懂内容营销，对电商、快时尚领域有热情3．有ROI意识，执行力强，有想法，适应能力强,"岗位职责：
1．负责营销活动、社媒增长和游戏化玩法，对用户新增，转化，LTV负责；2．策划增长活动，为转化效果负责；3．熟悉增长方法论，了解各大社媒平台，能不断输出创意，推动落地，持续优化迭代；4．负责站内营销活动频道，驱动运营团队，做好玩法策划与功能落地

任职要求：
1．可以将英语作为工作语言，有用户增长经验的优先2．懂内容营销，对电商、快时尚领域有热情3．有ROI意识，执行力强，有想法，适应能力强

加分项：
暂无",增长产品经理,产品类,pinduoduo_jobs_产品经理_part_12_23_all_20260609_164011.csv,1,pinduoduo_jobs_产品经理_part_12_23_all_20260609_164011.csv
拼多多,pdd_tampermonkey,PR022006,策略产品经理,产品类,,,产品类,,上海,2026-05-16,2026-05-16,https://careers.pddglobalhr.com/jobs/detail?code=PR022006,岗位职责：1、为平台商品丰富度增量负责，通过数据分析，识别转化链路和供给缺口问题，制定并迭代策略，优化商品结构，提升大盘增量；2、主导商品策略项目落地，清晰拆解和定义问题，有效推动跨部门协作，解决环节卡点，确保项目目标达成。3、能够从流量、价格、内容等多维度分析商品转化问题，找到关键增量点和优化策略。,1、2年以上策略产品/运营相关经验优先，有商品、定价、供应链等经验更佳。2、数据敏感度高，分析问题快速、精准，并能从分析中找到迭代方向。3、具备优秀的逻辑和结构化思维能力，有强目标导向及跨部门项目推动力。,暂无,1、2年以上策略产品/运营相关经验优先，有商品、定价、供应链等经验更佳。2、数据敏感度高，分析问题快速、精准，并能从分析中找到迭代方向。3、具备优秀的逻辑和结构化思维能力，有强目标导向及跨部门项目推动力。,"岗位职责：
岗位职责：1、为平台商品丰富度增量负责，通过数据分析，识别转化链路和供给缺口问题，制定并迭代策略，优化商品结构，提升大盘增量；2、主导商品策略项目落地，清晰拆解和定义问题，有效推动跨部门协作，解决环节卡点，确保项目目标达成。3、能够从流量、价格、内容等多维度分析商品转化问题，找到关键增量点和优化策略。

任职要求：
1、2年以上策略产品/运营相关经验优先，有商品、定价、供应链等经验更佳。2、数据敏感度高，分析问题快速、精准，并能从分析中找到迭代方向。3、具备优秀的逻辑和结构化思维能力，有强目标导向及跨部门项目推动力。

加分项：
暂无",策略产品经理,产品类,pinduoduo_jobs_产品经理_part_12_23_all_20260609_164011.csv,1,pinduoduo_jobs_产品经理_part_12_23_all_20260609_164011.csv
拼多多,pdd_tampermonkey,PR020780,达人营销产品经理,产品类,,,产品类,,上海,2026-05-16,2026-05-16,https://careers.pddglobalhr.com/jobs/detail?code=PR020780,1、负责短视频平台的达人营销投放，以高曝光、高转化为目标，制定达人投放的内容营销策略，实现达人和内容的规模化增长；2、通过数据分析和复盘，不断迭代投放策略&产品功能，提高达人内容发布效率，带来增长；3、明确产品目标，把控迭代周期，协调各方资源，推动产品按时、高质量落地；4、推动利用各平台流量工具，放大投放效果，推动整体收益规模上涨。,1 本科及以上学历，在电商行业、内容行业和广告行业有过2年以上工作经验优先；2、熟悉创作者生态，对KOL内容生态（短视频、图文、直播）了解，有KOL行业背景优先；3、较强的数据及业务分析能力，逻辑思维能力强，善于通过数据分析挖掘问题；4、表达能力强，具备逻辑化、结构化思考能力，责任心强，在产品上追求极致，能够推动跨部门、跨业务线的合作。,暂无,1 本科及以上学历，在电商行业、内容行业和广告行业有过2年以上工作经验优先；2、熟悉创作者生态，对KOL内容生态（短视频、图文、直播）了解，有KOL行业背景优先；3、较强的数据及业务分析能力，逻辑思维能力强，善于通过数据分析挖掘问题；4、表达能力强，具备逻辑化、结构化思考能力，责任心强，在产品上追求极致，能够推动跨部门、跨业务线的合作。,"岗位职责：
1、负责短视频平台的达人营销投放，以高曝光、高转化为目标，制定达人投放的内容营销策略，实现达人和内容的规模化增长；2、通过数据分析和复盘，不断迭代投放策略&产品功能，提高达人内容发布效率，带来增长；3、明确产品目标，把控迭代周期，协调各方资源，推动产品按时、高质量落地；4、推动利用各平台流量工具，放大投放效果，推动整体收益规模上涨。

任职要求：
1 本科及以上学历，在电商行业、内容行业和广告行业有过2年以上工作经验优先；2、熟悉创作者生态，对KOL内容生态（短视频、图文、直播）了解，有KOL行业背景优先；3、较强的数据及业务分析能力，逻辑思维能力强，善于通过数据分析挖掘问题；4、表达能力强，具备逻辑化、结构化思考能力，责任心强，在产品上追求极致，能够推动跨部门、跨业务线的合作。

加分项：
暂无",达人营销产品经理,产品类,pinduoduo_jobs_产品经理_part_12_23_all_20260609_164011.csv,1,pinduoduo_jobs_产品经理_part_12_23_all_20260609_164011.csv
拼多多,pdd_tampermonkey,PR020751,搜索广告产品经理（用户增长方向）,产品类,,,产品类,,上海,2026-05-16,2026-05-16,https://careers.pddglobalhr.com/jobs/detail?code=PR020751,1.   负责拼多多APP在国内搜索广告推广的流量、创意与产品投放策略优化，提升广告投放效率2.   研究市场投放和广告引擎，探索合适的投放方式 ，对广告带来的用户数量和质量负责,1.   有搜索、商业化或广告投放其中之一的经验，搜索广告经验的优先2.   本科以上学历，产品或运营工作经验皆可，两年工作经历以上优先3.   数据驱动，有数据分析经验和一定数据分析能力优先,暂无,1.   有搜索、商业化或广告投放其中之一的经验，搜索广告经验的优先2.   本科以上学历，产品或运营工作经验皆可，两年工作经历以上优先3.   数据驱动，有数据分析经验和一定数据分析能力优先,"岗位职责：
1.   负责拼多多APP在国内搜索广告推广的流量、创意与产品投放策略优化，提升广告投放效率2.   研究市场投放和广告引擎，探索合适的投放方式 ，对广告带来的用户数量和质量负责

任职要求：
1.   有搜索、商业化或广告投放其中之一的经验，搜索广告经验的优先2.   本科以上学历，产品或运营工作经验皆可，两年工作经历以上优先3.   数据驱动，有数据分析经验和一定数据分析能力优先

加分项：
暂无",搜索广告产品经理（用户增长方向）,产品类,pinduoduo_jobs_产品经理_part_12_23_all_20260609_164011.csv,1,pinduoduo_jobs_产品经理_part_12_23_all_20260609_164011.csv
拼多多,pdd_tampermonkey,PR023837,C端产品经理,产品类,,,产品类,,上海,2026-05-16,2026-05-16,https://careers.pddglobalhr.com/jobs/detail?code=PR023837,1.深入理解目标用户，发掘用户痛点与潜在机会，负责产品功能的规划、设计与落地；2.需要持续关注行业动态、进行系统性分析，为产品决策提供有效输入；3.负责产品功能的上线后效果追踪与数据分析，对产品核心指标（如用户增长、活跃、留存等）负责；4.有创新思考，了解消费趋势，有商业模式的思考，探索并负责c端活动玩法策划和增长；,1.基本经验：本科及以上学历，2年及以上电商营销活动经验优先；2.核心能力：用户同理心强，逻辑与执行力强，数据驱动目标感强，沟通协作能力强，有好奇心愿意探索。,暂无,1.基本经验：本科及以上学历，2年及以上电商营销活动经验优先；2.核心能力：用户同理心强，逻辑与执行力强，数据驱动目标感强，沟通协作能力强，有好奇心愿意探索。,"岗位职责：
1.深入理解目标用户，发掘用户痛点与潜在机会，负责产品功能的规划、设计与落地；2.需要持续关注行业动态、进行系统性分析，为产品决策提供有效输入；3.负责产品功能的上线后效果追踪与数据分析，对产品核心指标（如用户增长、活跃、留存等）负责；4.有创新思考，了解消费趋势，有商业模式的思考，探索并负责c端活动玩法策划和增长；

任职要求：
1.基本经验：本科及以上学历，2年及以上电商营销活动经验优先；2.核心能力：用户同理心强，逻辑与执行力强，数据驱动目标感强，沟通协作能力强，有好奇心愿意探索。

加分项：
暂无",C端产品经理,产品类,pinduoduo_jobs_产品经理_part_12_23_all_20260609_164011.csv,1,pinduoduo_jobs_产品经理_part_12_23_all_20260609_164011.csv
拼多多,pdd_tampermonkey,PR023990,电商产品经理（履约/交易方向）,产品类,,,产品类,,上海,2026-05-15,2026-05-15,https://careers.pddglobalhr.com/jobs/detail?code=PR023990,1、负责电商 APP端的核心交易链路设计（涵盖首页导购、商详页、购物车、Checkout 与支付）。通过 A/B 测试不断优化关键漏斗，直接对转化率（CVR）和客单价（AOV）等核心业务指标负责。结合不同用户的购买习惯（如针对特定地区的包邮营销策略、本地化支付接入）设计差异化产品方案，提升最终支付转化率。2、主导订单履约系统规划，对接物流，完善全链路物流轨迹追踪、清关时效监控与风险预警机制，降低履约成本并提升妥投率，保障用户物流体验流畅与稳定性，持续优化履约时效并降低单均物流成本。3、主动追踪业务结果，对产品全生命周期（规划→落地→优化）负责，敢于为决策担责，推动问题闭环解决。,1、本科及以上学历，3年以上电商产品经验；2、对业务数据敏感，有较好的数据分析能力和优秀的逻辑思维，可以从业务数据波动中发现问题，提炼需求；3、精通漏斗分析与用户增长策略优先。 熟悉物流流转机制，有服务商对接经验优先。,相关经验者优先,1、本科及以上学历，3年以上电商产品经验；2、对业务数据敏感，有较好的数据分析能力和优秀的逻辑思维，可以从业务数据波动中发现问题，提炼需求；3、精通漏斗分析与用户增长策略优先。 熟悉物流流转机制，有服务商对接经验优先。,"岗位职责：
1、负责电商 APP端的核心交易链路设计（涵盖首页导购、商详页、购物车、Checkout 与支付）。通过 A/B 测试不断优化关键漏斗，直接对转化率（CVR）和客单价（AOV）等核心业务指标负责。结合不同用户的购买习惯（如针对特定地区的包邮营销策略、本地化支付接入）设计差异化产品方案，提升最终支付转化率。2、主导订单履约系统规划，对接物流，完善全链路物流轨迹追踪、清关时效监控与风险预警机制，降低履约成本并提升妥投率，保障用户物流体验流畅与稳定性，持续优化履约时效并降低单均物流成本。3、主动追踪业务结果，对产品全生命周期（规划→落地→优化）负责，敢于为决策担责，推动问题闭环解决。

任职要求：
1、本科及以上学历，3年以上电商产品经验；2、对业务数据敏感，有较好的数据分析能力和优秀的逻辑思维，可以从业务数据波动中发现问题，提炼需求；3、精通漏斗分析与用户增长策略优先。 熟悉物流流转机制，有服务商对接经验优先。

加分项：
相关经验者优先",电商产品经理（履约/交易方向）,产品类,pinduoduo_jobs_产品经理_part_23_33_all_20260609_164104.csv,1,pinduoduo_jobs_产品经理_part_23_33_all_20260609_164104.csv
拼多多,pdd_tampermonkey,PR018648,C端产品经理,产品类,,,产品类,,上海,2026-05-13,2026-05-13,https://careers.pddglobalhr.com/jobs/detail?code=PR018648,1、负责拼多多C端营销活动、增长、交易、支付等相关产品规划和迭代；2、负责创新玩法探索及增长；3、负责特定用户群体的品牌心智建设与目标达成。,1、3年以上产品经验；2、能准确有效拆解目标，带领业务持续寻求增长点；3、有不错的创新能力，对用户行为有较高的敏感度和观察力。,/,1、3年以上产品经验；2、能准确有效拆解目标，带领业务持续寻求增长点；3、有不错的创新能力，对用户行为有较高的敏感度和观察力。,"岗位职责：
1、负责拼多多C端营销活动、增长、交易、支付等相关产品规划和迭代；2、负责创新玩法探索及增长；3、负责特定用户群体的品牌心智建设与目标达成。

任职要求：
1、3年以上产品经验；2、能准确有效拆解目标，带领业务持续寻求增长点；3、有不错的创新能力，对用户行为有较高的敏感度和观察力。

加分项：
/",C端产品经理,产品类,pinduoduo_jobs_产品经理_part_23_33_all_20260609_164104.csv,1,pinduoduo_jobs_产品经理_part_23_33_all_20260609_164104.csv
拼多多,pdd_tampermonkey,PR020870,合规产品经理,产品类,,,产品类,,上海,2026-05-11,2026-05-11,https://careers.pddglobalhr.com/jobs/detail?code=PR020870,1. 负责公司合规管理平台产品规划、需求分析、方案设计、产品落地实施等工作；2. 与公司各团队共同协作，构建公司的合规管理体系和流程框架，并以此为基础，借鉴行业先进经验，形成可落地的解决方案和产品；3. 协同开发和数据团队完成合规管理平台产品的实现和落地。,1. 本科以上学历，一年以上产品相关经验；2. 对互联网电商系统的研发、运维、运营有一定的理解，能够基于实际产品、运营背景构建合规体系；3. 具备较强的跨部门、跨领域沟通协调能力，且工作推动力强；4. 具备良好的逻辑和抽象能力，较好的风险敏锐度、以及持续高效的学习能力，能够从实战中不断总结经验.,1.熟悉合规政策法规优先；2.有互联网公司合规相关项目经验者优先,1. 本科以上学历，一年以上产品相关经验；2. 对互联网电商系统的研发、运维、运营有一定的理解，能够基于实际产品、运营背景构建合规体系；3. 具备较强的跨部门、跨领域沟通协调能力，且工作推动力强；4. 具备良好的逻辑和抽象能力，较好的风险敏锐度、以及持续高效的学习能力，能够从实战中不断总结经验.,"岗位职责：
1. 负责公司合规管理平台产品规划、需求分析、方案设计、产品落地实施等工作；2. 与公司各团队共同协作，构建公司的合规管理体系和流程框架，并以此为基础，借鉴行业先进经验，形成可落地的解决方案和产品；3. 协同开发和数据团队完成合规管理平台产品的实现和落地。

任职要求：
1. 本科以上学历，一年以上产品相关经验；2. 对互联网电商系统的研发、运维、运营有一定的理解，能够基于实际产品、运营背景构建合规体系；3. 具备较强的跨部门、跨领域沟通协调能力，且工作推动力强；4. 具备良好的逻辑和抽象能力，较好的风险敏锐度、以及持续高效的学习能力，能够从实战中不断总结经验.

加分项：
1.熟悉合规政策法规优先；2.有互联网公司合规相关项目经验者优先",合规产品经理,产品类,pinduoduo_jobs_产品经理_part_23_33_all_20260609_164104.csv,1,pinduoduo_jobs_产品经理_part_23_33_all_20260609_164104.csv
拼多多,pdd_tampermonkey,PR022838,产品经理（支付风控方向）,产品类,,,产品类,,上海,2026-05-11,2026-05-11,https://careers.pddglobalhr.com/jobs/detail?code=PR022838,1. 进行风控产品调研，保证风控系统具备对各类风险的防范能力；2. 负责风控系统（例如支付风控系统）设计，保障风控系统在整体架构中的合理应用，兼顾合理的实现逻辑及良好的用户体验，推进系统建设与落地应用；3. 深入了解业务，负责公司业务与风控系统的对接，配合策略推动风控措施的落地，关注风控策略的表现并协助策略进行优化。,1. 本科及以上学历，2年以上工作经验，有支付业务经验，有完整的需求分析、项目实施落地经验； 2. 丰富的风控产品、策略、分析经验或完整的风控系统建设经验； 3. 了解支付业务，对支付市场及支付风险有全面及深刻理解优先； 4. 追求极致产品体验，能够独立思考并解决问题，擅于沟通，执行力强，重视团队合作。,无,1. 本科及以上学历，2年以上工作经验，有支付业务经验，有完整的需求分析、项目实施落地经验； 2. 丰富的风控产品、策略、分析经验或完整的风控系统建设经验； 3. 了解支付业务，对支付市场及支付风险有全面及深刻理解优先； 4. 追求极致产品体验，能够独立思考并解决问题，擅于沟通，执行力强，重视团队合作。,"岗位职责：
1. 进行风控产品调研，保证风控系统具备对各类风险的防范能力；2. 负责风控系统（例如支付风控系统）设计，保障风控系统在整体架构中的合理应用，兼顾合理的实现逻辑及良好的用户体验，推进系统建设与落地应用；3. 深入了解业务，负责公司业务与风控系统的对接，配合策略推动风控措施的落地，关注风控策略的表现并协助策略进行优化。

任职要求：
1. 本科及以上学历，2年以上工作经验，有支付业务经验，有完整的需求分析、项目实施落地经验； 2. 丰富的风控产品、策略、分析经验或完整的风控系统建设经验； 3. 了解支付业务，对支付市场及支付风险有全面及深刻理解优先； 4. 追求极致产品体验，能够独立思考并解决问题，擅于沟通，执行力强，重视团队合作。

加分项：
无",产品经理（支付风控方向）,产品类,pinduoduo_jobs_产品经理_part_23_33_all_20260609_164104.csv,1,pinduoduo_jobs_产品经理_part_23_33_all_20260609_164104.csv
拼多多,pdd_tampermonkey,PR022873,产品经理（电商风控方向）,产品类,,,产品类,,上海,2026-05-11,2026-05-11,https://careers.pddglobalhr.com/jobs/detail?code=PR022873,1、负责电商平台实时和离线风控产品的设计、规划和策略制定；2、对电商平台数据进行分析和挖掘，实现用户画像体系、风险信息库等产品设计；3、推进规则引擎、运营系统、权限系统等风控系统的设计和项目规划。,1、本科及以上学历，统计学、计算机、信息技术等相关专业优先；2、2年以上互联网风控产品经验，有电商平台经验者加分；3、逻辑能力强，对数据敏感，善于发现数据内在联系，构建数据产品；4、良好的团队沟通能力，有足够的好奇心和自驱力。,无,1、本科及以上学历，统计学、计算机、信息技术等相关专业优先；2、2年以上互联网风控产品经验，有电商平台经验者加分；3、逻辑能力强，对数据敏感，善于发现数据内在联系，构建数据产品；4、良好的团队沟通能力，有足够的好奇心和自驱力。,"岗位职责：
1、负责电商平台实时和离线风控产品的设计、规划和策略制定；2、对电商平台数据进行分析和挖掘，实现用户画像体系、风险信息库等产品设计；3、推进规则引擎、运营系统、权限系统等风控系统的设计和项目规划。

任职要求：
1、本科及以上学历，统计学、计算机、信息技术等相关专业优先；2、2年以上互联网风控产品经验，有电商平台经验者加分；3、逻辑能力强，对数据敏感，善于发现数据内在联系，构建数据产品；4、良好的团队沟通能力，有足够的好奇心和自驱力。

加分项：
无",产品经理（电商风控方向）,产品类,pinduoduo_jobs_产品经理_part_23_33_all_20260609_164104.csv,1,pinduoduo_jobs_产品经理_part_23_33_all_20260609_164104.csv
拼多多,pdd_tampermonkey,PR023246,产品经理（数据产品方向）,产品类,,,产品类,,上海,2026-05-11,2026-05-11,https://careers.pddglobalhr.com/jobs/detail?code=PR023246,1. 负责平台商品相关的策略分析、方案设计、产品落地、运营；2. 与技术团队共同协作，构建可行的方案并推动落地；3. 跟踪业界动态，掌握最新变化，制定相关策略方案。,1. 本科及以上学历，1年及以上互联网平台产品经验；2. 逻辑能力强，对数据敏感，能从数据中分析出问题并做出策略优化；3. 具有开放思维，动手能力强，喜欢探索新鲜事物；4. 具有良好的沟通能力、责任感强、执行力强。,无,1. 本科及以上学历，1年及以上互联网平台产品经验；2. 逻辑能力强，对数据敏感，能从数据中分析出问题并做出策略优化；3. 具有开放思维，动手能力强，喜欢探索新鲜事物；4. 具有良好的沟通能力、责任感强、执行力强。,"岗位职责：
1. 负责平台商品相关的策略分析、方案设计、产品落地、运营；2. 与技术团队共同协作，构建可行的方案并推动落地；3. 跟踪业界动态，掌握最新变化，制定相关策略方案。

任职要求：
1. 本科及以上学历，1年及以上互联网平台产品经验；2. 逻辑能力强，对数据敏感，能从数据中分析出问题并做出策略优化；3. 具有开放思维，动手能力强，喜欢探索新鲜事物；4. 具有良好的沟通能力、责任感强、执行力强。

加分项：
无",产品经理（数据产品方向）,产品类,pinduoduo_jobs_产品经理_part_23_33_all_20260609_164104.csv,1,pinduoduo_jobs_产品经理_part_23_33_all_20260609_164104.csv
拼多多,pdd_tampermonkey,PR023962,物流产品经理,产品类,,,产品类,,上海,2026-04-24,2026-04-24,https://careers.pddglobalhr.com/jobs/detail?code=PR023962,1、负责拼多多平台物流产品规划与迭代，基于用户分层、场景化策略及增长实验等方法，持续完善用户体验，优化GMV与用户规模等核心指标；2、基于消费者端物流体验和供应链全链路视角，持续优化核心物流能力，提升商家履约效率，助力业务规模化增长；3、聚焦产品体验，提升全场景物流感知，结合用户调研与数据分析形成用户增长与留存策略。,1、本科及以上学历，1年及以上互联网产品工作经验，有知名互联网公司工作经验优先；2、对业务数据敏感，有较好的数据分析能力和优秀的逻辑思维，可以从业务数据波动中发现问题，提炼需求；3、具有优秀的沟通能力、执行力和产品判断力；4、主动追踪业务结果，对产品全生命周期（规划→落地→优化）负责，敢于为决策担责，推动问题闭环解决。,有相关经验者加分,1、本科及以上学历，1年及以上互联网产品工作经验，有知名互联网公司工作经验优先；2、对业务数据敏感，有较好的数据分析能力和优秀的逻辑思维，可以从业务数据波动中发现问题，提炼需求；3、具有优秀的沟通能力、执行力和产品判断力；4、主动追踪业务结果，对产品全生命周期（规划→落地→优化）负责，敢于为决策担责，推动问题闭环解决。,"岗位职责：
1、负责拼多多平台物流产品规划与迭代，基于用户分层、场景化策略及增长实验等方法，持续完善用户体验，优化GMV与用户规模等核心指标；2、基于消费者端物流体验和供应链全链路视角，持续优化核心物流能力，提升商家履约效率，助力业务规模化增长；3、聚焦产品体验，提升全场景物流感知，结合用户调研与数据分析形成用户增长与留存策略。

任职要求：
1、本科及以上学历，1年及以上互联网产品工作经验，有知名互联网公司工作经验优先；2、对业务数据敏感，有较好的数据分析能力和优秀的逻辑思维，可以从业务数据波动中发现问题，提炼需求；3、具有优秀的沟通能力、执行力和产品判断力；4、主动追踪业务结果，对产品全生命周期（规划→落地→优化）负责，敢于为决策担责，推动问题闭环解决。

加分项：
有相关经验者加分",物流产品经理,产品类,pinduoduo_jobs_产品经理_part_23_33_all_20260609_164104.csv,1,pinduoduo_jobs_产品经理_part_23_33_all_20260609_164104.csv
拼多多,pdd_tampermonkey,PR022784,电商产品经理,产品类,,,产品类,,上海,2026-04-24,2026-04-24,https://careers.pddglobalhr.com/jobs/detail?code=PR022784,1、负责电商平台增长、物流保障的产品策略，设计和实现；2、从消费者体验角度，做好消费者使用拼多多端功能的优化迭代，提升消费者购物体验；3、主导物流系统的功能迭代，带领团队一起推动相关产品的设计、开发及上线；,1、本科及以上学历，2年及以上互联网产品工作经验清楚了解电商行业的物流模型，熟悉快递行业的运作机制，至少参与或负责过一款出口电商相关的产品，有知名互联网公司工作经验优先；2、对业务数据敏感，有较好的数据分析能力和优秀的逻辑思维，可以从业务数据波动中发现问题，提炼需求；3、具有优秀的沟通能力、执行力和产品判断力；4、主动追踪业务结果，对产品全生命周期（规划→落地→优化）负责，敢于为决策担责，推动问题闭环解决。,无,1、本科及以上学历，2年及以上互联网产品工作经验清楚了解电商行业的物流模型，熟悉快递行业的运作机制，至少参与或负责过一款出口电商相关的产品，有知名互联网公司工作经验优先；2、对业务数据敏感，有较好的数据分析能力和优秀的逻辑思维，可以从业务数据波动中发现问题，提炼需求；3、具有优秀的沟通能力、执行力和产品判断力；4、主动追踪业务结果，对产品全生命周期（规划→落地→优化）负责，敢于为决策担责，推动问题闭环解决。,"岗位职责：
1、负责电商平台增长、物流保障的产品策略，设计和实现；2、从消费者体验角度，做好消费者使用拼多多端功能的优化迭代，提升消费者购物体验；3、主导物流系统的功能迭代，带领团队一起推动相关产品的设计、开发及上线；

任职要求：
1、本科及以上学历，2年及以上互联网产品工作经验清楚了解电商行业的物流模型，熟悉快递行业的运作机制，至少参与或负责过一款出口电商相关的产品，有知名互联网公司工作经验优先；2、对业务数据敏感，有较好的数据分析能力和优秀的逻辑思维，可以从业务数据波动中发现问题，提炼需求；3、具有优秀的沟通能力、执行力和产品判断力；4、主动追踪业务结果，对产品全生命周期（规划→落地→优化）负责，敢于为决策担责，推动问题闭环解决。

加分项：
无",电商产品经理,产品类,pinduoduo_jobs_产品经理_part_23_33_all_20260609_164104.csv,1,pinduoduo_jobs_产品经理_part_23_33_all_20260609_164104.csv
拼多多,pdd_tampermonkey,PR023910,用户体验产品经理,产品类,,,产品类,,上海,2026-04-19,2026-04-19,https://careers.pddglobalhr.com/jobs/detail?code=PR023910,1、负责深度挖掘、分析、解决拼多多平台的功能体验优化点，落地产品化的解决方案2、独立负责c端体验项目的迭代和发展方向，为最终结果负责3、密切关注消费者反馈，有钻研、创新精神，能切实解决消费者的体验问题,任职要求：1、1年以上互联网产品经验2、具备C端需求经验和消费者体验视角，能洞察消费者痛点并提出多维的解决方案3、具备优秀的跨部门沟通和数据分析能力,无,任职要求：1、1年以上互联网产品经验2、具备C端需求经验和消费者体验视角，能洞察消费者痛点并提出多维的解决方案3、具备优秀的跨部门沟通和数据分析能力,"岗位职责：
1、负责深度挖掘、分析、解决拼多多平台的功能体验优化点，落地产品化的解决方案2、独立负责c端体验项目的迭代和发展方向，为最终结果负责3、密切关注消费者反馈，有钻研、创新精神，能切实解决消费者的体验问题

任职要求：
任职要求：1、1年以上互联网产品经验2、具备C端需求经验和消费者体验视角，能洞察消费者痛点并提出多维的解决方案3、具备优秀的跨部门沟通和数据分析能力

加分项：
无",用户体验产品经理,产品类,pinduoduo_jobs_产品经理_part_32_43_all_20260609_164257.csv,2,pinduoduo_jobs_产品经理_part_23_33_all_20260609_164104.csv | pinduoduo_jobs_产品经理_part_32_43_all_20260609_164257.csv
拼多多,pdd_tampermonkey,PR022426,搜索策略产品经理,产品类,,,产品类,,上海,2026-04-16,2026-04-16,https://careers.pddglobalhr.com/jobs/detail?code=PR022426,1.负责搜索场景的出品和排序策略相关内容，提升场景的流量转化效率；2.能够深入了解各搜索场景，挖掘用户需求，分析存在问题，以产品化形式，提升搜索产品的体验；3.能够协调其他团队进行产品创新和落地；合作过程中能够承担主导作用，协调资源，解决问题；,1.一年及以上推荐/搜索/广告策略产品经验；2.学习能力强；有一定的数据分析、产品策划能力；3.有强烈的自驱力和责任感；可跨多团队合作，推动复杂问题快速解决；,无,1.一年及以上推荐/搜索/广告策略产品经验；2.学习能力强；有一定的数据分析、产品策划能力；3.有强烈的自驱力和责任感；可跨多团队合作，推动复杂问题快速解决；,"岗位职责：
1.负责搜索场景的出品和排序策略相关内容，提升场景的流量转化效率；2.能够深入了解各搜索场景，挖掘用户需求，分析存在问题，以产品化形式，提升搜索产品的体验；3.能够协调其他团队进行产品创新和落地；合作过程中能够承担主导作用，协调资源，解决问题；

任职要求：
1.一年及以上推荐/搜索/广告策略产品经验；2.学习能力强；有一定的数据分析、产品策划能力；3.有强烈的自驱力和责任感；可跨多团队合作，推动复杂问题快速解决；

加分项：
无",搜索策略产品经理,产品类,pinduoduo_jobs_产品经理_part_32_43_all_20260609_164257.csv,1,pinduoduo_jobs_产品经理_part_32_43_all_20260609_164257.csv
拼多多,pdd_tampermonkey,PR013536,产品经理-企业信息化平台,产品类,,,产品类,,上海,2026-04-01,2026-04-01,https://careers.pddglobalhr.com/jobs/detail?code=PR013536,1、负责公司企业信息化产品的需求分析，业务流程梳理，产品方案规划设计，交互和原型设计，最终产出详细的PRD文档；2、负责与业务、设计等各环节沟通协调，向开发人员讲解业务需求，确保产品功能被正确、及时的交付，并控制项目进度；3、依据需求分析文档，对技术开发结果进行需求验证，跟进产品发布；4、产品效果的持续跟踪和监控、产品持续迭代优化等；5、承担面向内部的正式场合培训用户工作。,"1、本科以上学历，3年以上产品经理工作经验，主导过互联网产品全生命周期的管理。有企业信息化产品（如OA, E-HR, ERP等）的产品和项目管理经验优先；2、思维敏捷，性格开朗，责任感强，工作积极主动，具备学习意识，有良好的团队协作意识；3、具备沟通协调, 项目推进,文档书写等产品岗位能力；能够熟练应用制图工具完成产品原型、流程图、PRD文档编辑，能够熟练使用Jira, Wiki管理项目进度和项目文档。",无,"1、本科以上学历，3年以上产品经理工作经验，主导过互联网产品全生命周期的管理。有企业信息化产品（如OA, E-HR, ERP等）的产品和项目管理经验优先；2、思维敏捷，性格开朗，责任感强，工作积极主动，具备学习意识，有良好的团队协作意识；3、具备沟通协调, 项目推进,文档书写等产品岗位能力；能够熟练应用制图工具完成产品原型、流程图、PRD文档编辑，能够熟练使用Jira, Wiki管理项目进度和项目文档。","岗位职责：
1、负责公司企业信息化产品的需求分析，业务流程梳理，产品方案规划设计，交互和原型设计，最终产出详细的PRD文档；2、负责与业务、设计等各环节沟通协调，向开发人员讲解业务需求，确保产品功能被正确、及时的交付，并控制项目进度；3、依据需求分析文档，对技术开发结果进行需求验证，跟进产品发布；4、产品效果的持续跟踪和监控、产品持续迭代优化等；5、承担面向内部的正式场合培训用户工作。

任职要求：
1、本科以上学历，3年以上产品经理工作经验，主导过互联网产品全生命周期的管理。有企业信息化产品（如OA, E-HR, ERP等）的产品和项目管理经验优先；2、思维敏捷，性格开朗，责任感强，工作积极主动，具备学习意识，有良好的团队协作意识；3、具备沟通协调, 项目推进,文档书写等产品岗位能力；能够熟练应用制图工具完成产品原型、流程图、PRD文档编辑，能够熟练使用Jira, Wiki管理项目进度和项目文档。

加分项：
无",产品经理-企业信息化平台,产品类,pinduoduo_jobs_产品经理_part_32_43_all_20260609_164257.csv,1,pinduoduo_jobs_产品经理_part_32_43_all_20260609_164257.csv
拼多多,pdd_tampermonkey,PR021337,商家端产品经理,产品类,,,产品类,,上海,2026-03-17,2026-03-17,https://careers.pddglobalhr.com/jobs/detail?code=PR021337,1、熟悉并了解商家端系统行业痛点问题，能够有针对性的制定产品方案并落地；2、协调各方资源，带领团队一起推动相关产品的设计、开发及上线，并对产品质量进行把控； 3、负责产品从需求调研到上线落地的完整流程，具备独立B端产品设计经验。,1、本科及以上学历，2年及以上互联网产品工作经验，有大型平台B端产品工作经验者优先，有知名互联网公司工作经验优先；2、有较强的自驱力，快速学习，融入新领域，确保项目落地；3、对业务数据敏感，有较好的数据分析能力和优秀的逻辑思维，可以从业务数据波动中发现问题，提炼需求；4、具有优秀的沟通能力、执行力和产品判断力，情商高，有极强的工作热情。,无,1、本科及以上学历，2年及以上互联网产品工作经验，有大型平台B端产品工作经验者优先，有知名互联网公司工作经验优先；2、有较强的自驱力，快速学习，融入新领域，确保项目落地；3、对业务数据敏感，有较好的数据分析能力和优秀的逻辑思维，可以从业务数据波动中发现问题，提炼需求；4、具有优秀的沟通能力、执行力和产品判断力，情商高，有极强的工作热情。,"岗位职责：
1、熟悉并了解商家端系统行业痛点问题，能够有针对性的制定产品方案并落地；2、协调各方资源，带领团队一起推动相关产品的设计、开发及上线，并对产品质量进行把控； 3、负责产品从需求调研到上线落地的完整流程，具备独立B端产品设计经验。

任职要求：
1、本科及以上学历，2年及以上互联网产品工作经验，有大型平台B端产品工作经验者优先，有知名互联网公司工作经验优先；2、有较强的自驱力，快速学习，融入新领域，确保项目落地；3、对业务数据敏感，有较好的数据分析能力和优秀的逻辑思维，可以从业务数据波动中发现问题，提炼需求；4、具有优秀的沟通能力、执行力和产品判断力，情商高，有极强的工作热情。

加分项：
无",商家端产品经理,产品类,pinduoduo_jobs_产品经理_part_32_43_all_20260609_164257.csv,1,pinduoduo_jobs_产品经理_part_32_43_all_20260609_164257.csv
拼多多,pdd_tampermonkey,PR023668,产品经理（B端C端结合）,产品类,,,产品类,,上海,2026-03-14,2026-03-14,https://careers.pddglobalhr.com/jobs/detail?code=PR023668,1、负责对应站点的用户侧、商家侧产品的需求分析和产品规划；2、拆分用户生命周期和消费场景，优化用户端到端购物体验，提升平台转化效率；3、探索并负责电商全链路的功能创新迭代，提升平台用户规模和经营收入；4、设计包括但不限于物流策略/售后策略/商品策略等，保障平台稳健可持续发展；5、对商家经营流程深入挖掘，使得商家端系统更适配站点情况。,1、本科及以上学历，1年以上用户增长、基础功能、经营策略等C端、B端方向的产品经验；2、目标明确，拥有强烈的责任心和合作精神，能持续推动项目落地；3、对用户体验有感知，同理心强；能深入参与调研平台经营模式和商家痛点；4、有较强的逻辑梳理及调研能力，有较强的数据分析能力，从数据中挖掘优化点；5、英语表达能力较好，可满足基础工作需要。,葡语为加分项,1、本科及以上学历，1年以上用户增长、基础功能、经营策略等C端、B端方向的产品经验；2、目标明确，拥有强烈的责任心和合作精神，能持续推动项目落地；3、对用户体验有感知，同理心强；能深入参与调研平台经营模式和商家痛点；4、有较强的逻辑梳理及调研能力，有较强的数据分析能力，从数据中挖掘优化点；5、英语表达能力较好，可满足基础工作需要。,"岗位职责：
1、负责对应站点的用户侧、商家侧产品的需求分析和产品规划；2、拆分用户生命周期和消费场景，优化用户端到端购物体验，提升平台转化效率；3、探索并负责电商全链路的功能创新迭代，提升平台用户规模和经营收入；4、设计包括但不限于物流策略/售后策略/商品策略等，保障平台稳健可持续发展；5、对商家经营流程深入挖掘，使得商家端系统更适配站点情况。

任职要求：
1、本科及以上学历，1年以上用户增长、基础功能、经营策略等C端、B端方向的产品经验；2、目标明确，拥有强烈的责任心和合作精神，能持续推动项目落地；3、对用户体验有感知，同理心强；能深入参与调研平台经营模式和商家痛点；4、有较强的逻辑梳理及调研能力，有较强的数据分析能力，从数据中挖掘优化点；5、英语表达能力较好，可满足基础工作需要。

加分项：
葡语为加分项",产品经理（B端C端结合）,产品类,pinduoduo_jobs_产品经理_part_32_43_all_20260609_164257.csv,1,pinduoduo_jobs_产品经理_part_32_43_all_20260609_164257.csv
拼多多,pdd_tampermonkey,PR023702,商品内容产品经理,产品类,,,产品类,,上海,2026-03-14,2026-03-14,https://careers.pddglobalhr.com/jobs/detail?code=PR023702,1、规划和迭代平台商品模型、类目和属性规则，提升商品信息规范和管理效率；2、设计和优化商家商品发布及运营相关的产品能力，提升商家使用体验和发品效率；3、推动商品数据治理与多业务场景应用，确保商品信息质量，为商家GMV增长提供支持；4、协同技术、运营、算法等团队推进产品落地，通过数据分析与用户反馈持续迭代产品能力。,1、具有1年以上互联网中后台产品经验，有商品中台或相关产品经验优先；2、深入理解电商平台商品体系，熟悉商品模型、类目与属性体系、商品数据结构及发布链路；3、具备较强的产品规划与项目推进能力，能够将复杂业务需求抽象为可落地的产品方案，并跨部门推动项目高效落地；4、具备数据分析能力和跨团队协作能力，能够基于数据发现问题并持续优化产品体验；5、有电商平台经验者优先。,/,1、具有1年以上互联网中后台产品经验，有商品中台或相关产品经验优先；2、深入理解电商平台商品体系，熟悉商品模型、类目与属性体系、商品数据结构及发布链路；3、具备较强的产品规划与项目推进能力，能够将复杂业务需求抽象为可落地的产品方案，并跨部门推动项目高效落地；4、具备数据分析能力和跨团队协作能力，能够基于数据发现问题并持续优化产品体验；5、有电商平台经验者优先。,"岗位职责：
1、规划和迭代平台商品模型、类目和属性规则，提升商品信息规范和管理效率；2、设计和优化商家商品发布及运营相关的产品能力，提升商家使用体验和发品效率；3、推动商品数据治理与多业务场景应用，确保商品信息质量，为商家GMV增长提供支持；4、协同技术、运营、算法等团队推进产品落地，通过数据分析与用户反馈持续迭代产品能力。

任职要求：
1、具有1年以上互联网中后台产品经验，有商品中台或相关产品经验优先；2、深入理解电商平台商品体系，熟悉商品模型、类目与属性体系、商品数据结构及发布链路；3、具备较强的产品规划与项目推进能力，能够将复杂业务需求抽象为可落地的产品方案，并跨部门推动项目高效落地；4、具备数据分析能力和跨团队协作能力，能够基于数据发现问题并持续优化产品体验；5、有电商平台经验者优先。

加分项：
/",商品内容产品经理,产品类,pinduoduo_jobs_产品经理_part_32_43_all_20260609_164257.csv,1,pinduoduo_jobs_产品经理_part_32_43_all_20260609_164257.csv
拼多多,pdd_tampermonkey,PR023703,商家入驻产品经理,产品类,,,产品类,,上海,2026-03-14,2026-03-14,https://careers.pddglobalhr.com/jobs/detail?code=PR023703,1、负责从商家注册入驻到店铺正常经营的全链路产品规划与迭代；2、推动治理审核及平台合规风控，将复杂的治理审核及合规要求抽象并产品化；3、搭建入驻环节的数据监控，同时与招商运营团队紧密配合，打通入驻与后续链路的联动。,1、具有1年以上互联网中后台产品经验，有B端商家入驻、平台规则类优先；2、逻辑思维强，能够梳理复杂的业务流程，抽象出标准化的产品化解决思路；3、以用户为中心，具备同理心，能从繁琐的入驻规则中寻找用户体验的平衡点；4、数据敏感，善于通过数据发现流程中的卡点，并能通过AB测试验证产品效果。,/,1、具有1年以上互联网中后台产品经验，有B端商家入驻、平台规则类优先；2、逻辑思维强，能够梳理复杂的业务流程，抽象出标准化的产品化解决思路；3、以用户为中心，具备同理心，能从繁琐的入驻规则中寻找用户体验的平衡点；4、数据敏感，善于通过数据发现流程中的卡点，并能通过AB测试验证产品效果。,"岗位职责：
1、负责从商家注册入驻到店铺正常经营的全链路产品规划与迭代；2、推动治理审核及平台合规风控，将复杂的治理审核及合规要求抽象并产品化；3、搭建入驻环节的数据监控，同时与招商运营团队紧密配合，打通入驻与后续链路的联动。

任职要求：
1、具有1年以上互联网中后台产品经验，有B端商家入驻、平台规则类优先；2、逻辑思维强，能够梳理复杂的业务流程，抽象出标准化的产品化解决思路；3、以用户为中心，具备同理心，能从繁琐的入驻规则中寻找用户体验的平衡点；4、数据敏感，善于通过数据发现流程中的卡点，并能通过AB测试验证产品效果。

加分项：
/",商家入驻产品经理,产品类,pinduoduo_jobs_产品经理_part_32_43_all_20260609_164257.csv,1,pinduoduo_jobs_产品经理_part_32_43_all_20260609_164257.csv
拼多多,pdd_tampermonkey,PR023690,开放平台产品经理,产品类,,,产品类,,上海,2026-03-11,2026-03-11,https://careers.pddglobalhr.com/jobs/detail?code=PR023690,1、负责开放平台API产品设计（包括但不限于商品、订单、库存、物流等模块）；2、制定ERP对接标准与管理规则，搭建和完善开平门户；3、管理并负责重点ERP合作伙伴，结合模块业务目标能独立产出对接方案。,1、2年以上电商开放平台/中后台产品经验，熟悉ERP对接流程；2、熟悉接口设计规范，能将复杂的业务规则抽象化，目标导向，有较强抗压能力；3、学习和沟通推动能力强，英语能满足日常对话要求；4、有良好的数据分析能力，能通过数据分析发现业务问题并推进迭代。,有开放平台0-1经验 / ERP厂商背景 / 熟悉电商,1、2年以上电商开放平台/中后台产品经验，熟悉ERP对接流程；2、熟悉接口设计规范，能将复杂的业务规则抽象化，目标导向，有较强抗压能力；3、学习和沟通推动能力强，英语能满足日常对话要求；4、有良好的数据分析能力，能通过数据分析发现业务问题并推进迭代。,"岗位职责：
1、负责开放平台API产品设计（包括但不限于商品、订单、库存、物流等模块）；2、制定ERP对接标准与管理规则，搭建和完善开平门户；3、管理并负责重点ERP合作伙伴，结合模块业务目标能独立产出对接方案。

任职要求：
1、2年以上电商开放平台/中后台产品经验，熟悉ERP对接流程；2、熟悉接口设计规范，能将复杂的业务规则抽象化，目标导向，有较强抗压能力；3、学习和沟通推动能力强，英语能满足日常对话要求；4、有良好的数据分析能力，能通过数据分析发现业务问题并推进迭代。

加分项：
有开放平台0-1经验 / ERP厂商背景 / 熟悉电商",开放平台产品经理,产品类,pinduoduo_jobs_产品经理_part_32_43_all_20260609_164257.csv,1,pinduoduo_jobs_产品经理_part_32_43_all_20260609_164257.csv
拼多多,pdd_tampermonkey,PR023660,商家结算产品经理,产品类,,,产品类,,上海,2026-03-09,2026-03-09,https://careers.pddglobalhr.com/jobs/detail?code=PR023660,1、负责电商平台商家结算产品的规划、设计、实现，以及店铺绩效与权益等规则策略的制定和迭代；2、协同上下游及各相关模块，推动项目设计、开发和上线，保障产品质量；3、调研及收集商家需求，通过数据分析等方式持续优化产品体验。,1、本科及以上学历，2年以上互联网产品经验，有大型平台B端产品或知名互联网公司经验者优先；2、熟悉电商结算、物流、售后等模块，具备相应产品参与或负责经历；3、具备良好的业务敏感度和整体把控能力，能洞察业务现状和未来趋势；4、学习能力和逻辑思维强，能快速理解复杂业务及相关财税法规，设计并落地系统方案，思考全面严谨；5、数据分析能力强，能从业务数据中发现问题并提炼需求；6、具备优秀的沟通能力、执行力和产品判断力，情商高，工作热情强，强结果导向。,/,1、本科及以上学历，2年以上互联网产品经验，有大型平台B端产品或知名互联网公司经验者优先；2、熟悉电商结算、物流、售后等模块，具备相应产品参与或负责经历；3、具备良好的业务敏感度和整体把控能力，能洞察业务现状和未来趋势；4、学习能力和逻辑思维强，能快速理解复杂业务及相关财税法规，设计并落地系统方案，思考全面严谨；5、数据分析能力强，能从业务数据中发现问题并提炼需求；6、具备优秀的沟通能力、执行力和产品判断力，情商高，工作热情强，强结果导向。,"岗位职责：
1、负责电商平台商家结算产品的规划、设计、实现，以及店铺绩效与权益等规则策略的制定和迭代；2、协同上下游及各相关模块，推动项目设计、开发和上线，保障产品质量；3、调研及收集商家需求，通过数据分析等方式持续优化产品体验。

任职要求：
1、本科及以上学历，2年以上互联网产品经验，有大型平台B端产品或知名互联网公司经验者优先；2、熟悉电商结算、物流、售后等模块，具备相应产品参与或负责经历；3、具备良好的业务敏感度和整体把控能力，能洞察业务现状和未来趋势；4、学习能力和逻辑思维强，能快速理解复杂业务及相关财税法规，设计并落地系统方案，思考全面严谨；5、数据分析能力强，能从业务数据中发现问题并提炼需求；6、具备优秀的沟通能力、执行力和产品判断力，情商高，工作热情强，强结果导向。

加分项：
/",商家结算产品经理,产品类,pinduoduo_jobs_产品经理_part_32_43_all_20260609_164257.csv,1,pinduoduo_jobs_产品经理_part_32_43_all_20260609_164257.csv
拼多多,pdd_tampermonkey,PR022427,推荐策略产品经理,产品类,,,产品类,,上海,2026-03-02,2026-03-02,https://careers.pddglobalhr.com/jobs/detail?code=PR022427,1、策略方向产品；负责app内推荐，包括首页、频道页等位置；需优化商品推荐结果、体验；2、提升推荐效率：与合作部门一起迭代策略，提升有效转化效率及规模，交付订单、GMV等各类指标；3、优化用户体验：优化出品、选图结果，促进相关基础能力建设升级、应用策略迭代；4、平衡商家生态：结合行业及商家诉求，设计相关策略，优化商家站内获量生态。,1、一年及以上推荐/搜索/广告策略产品经验；2、具备较强逻辑思维能力、对数据敏感、责任心强、执行力强；3、有好奇心和自驱力。,无,1、一年及以上推荐/搜索/广告策略产品经验；2、具备较强逻辑思维能力、对数据敏感、责任心强、执行力强；3、有好奇心和自驱力。,"岗位职责：
1、策略方向产品；负责app内推荐，包括首页、频道页等位置；需优化商品推荐结果、体验；2、提升推荐效率：与合作部门一起迭代策略，提升有效转化效率及规模，交付订单、GMV等各类指标；3、优化用户体验：优化出品、选图结果，促进相关基础能力建设升级、应用策略迭代；4、平衡商家生态：结合行业及商家诉求，设计相关策略，优化商家站内获量生态。

任职要求：
1、一年及以上推荐/搜索/广告策略产品经验；2、具备较强逻辑思维能力、对数据敏感、责任心强、执行力强；3、有好奇心和自驱力。

加分项：
无",推荐策略产品经理,产品类,pinduoduo_jobs_产品经理_part_32_43_all_20260609_164257.csv,1,pinduoduo_jobs_产品经理_part_32_43_all_20260609_164257.csv
拼多多,pdd_tampermonkey,PR023593,智能服务产品经理,产品类,,,产品类,,上海,2026-02-26,2026-02-26,https://careers.pddglobalhr.com/jobs/detail?code=PR023593,1.负责智能化相关产品、包括但不限于智能聊天机器人、智能服务工作台等产品工作；2.构建独立的商家服务运营体系，构建商家对于智能服务心智的认知；3.参与搭建机器人与人工客服体验闭环、数据闭环，提高效率和效果；4.联合业务、技术、服务等团队共同优化智能体验保障客户满意度；,1.3年以上电商产品体系和行业服务产品领域经验，有独立运营负责消费者服务体验的经验；2.优秀的数据分析能力和逻辑思维，善于利用数据驱动需求或指导决策；3.具备B端运营或产品运营等经验，用智能化的思维扩展服务相关业务；4.具备高度的责任心和较强的自我驱动力、抗压能力，善于合作，善于协调和调度资源推动业务发展。,无,1.3年以上电商产品体系和行业服务产品领域经验，有独立运营负责消费者服务体验的经验；2.优秀的数据分析能力和逻辑思维，善于利用数据驱动需求或指导决策；3.具备B端运营或产品运营等经验，用智能化的思维扩展服务相关业务；4.具备高度的责任心和较强的自我驱动力、抗压能力，善于合作，善于协调和调度资源推动业务发展。,"岗位职责：
1.负责智能化相关产品、包括但不限于智能聊天机器人、智能服务工作台等产品工作；2.构建独立的商家服务运营体系，构建商家对于智能服务心智的认知；3.参与搭建机器人与人工客服体验闭环、数据闭环，提高效率和效果；4.联合业务、技术、服务等团队共同优化智能体验保障客户满意度；

任职要求：
1.3年以上电商产品体系和行业服务产品领域经验，有独立运营负责消费者服务体验的经验；2.优秀的数据分析能力和逻辑思维，善于利用数据驱动需求或指导决策；3.具备B端运营或产品运营等经验，用智能化的思维扩展服务相关业务；4.具备高度的责任心和较强的自我驱动力、抗压能力，善于合作，善于协调和调度资源推动业务发展。

加分项：
无",智能服务产品经理,产品类,pinduoduo_jobs_产品经理_part_32_43_all_20260609_164257.csv,1,pinduoduo_jobs_产品经理_part_32_43_all_20260609_164257.csv
拼多多,pdd_tampermonkey,PR022779,【电商】商业化产品经理,产品类,,,产品类,,上海,2026-01-14,2026-01-14,https://careers.pddglobalhr.com/jobs/detail?code=PR022779,1、以商家生意增长和平台收入增长为目标，优化商家投广体验，降低商家投广门槛，提供有效的投放产品2、负责电商的广告后台和广告策略设计，包括不限于商家增长、广告链路、财务系统、数据系统等；策略方向包括不限于出价、排序等3、深入理解电商商家的经营流程，挖掘商家的广告投放诉求，设计解决方案推进落地4、建立效果评估体系，从数据中发现问题数据，推动产品从需求分析到上线迭代的全流程5、持续了解市场动态，保持对市场和商家的敏锐感知,1、本科及以上学历，理工科背景优先2、2年以上互联网广告从业经验，有广告平台、电商平台背景优先3、具备强烈的好奇心和自驱力，严谨认真，有较强的抗压能力,无,1、本科及以上学历，理工科背景优先2、2年以上互联网广告从业经验，有广告平台、电商平台背景优先3、具备强烈的好奇心和自驱力，严谨认真，有较强的抗压能力,"岗位职责：
1、以商家生意增长和平台收入增长为目标，优化商家投广体验，降低商家投广门槛，提供有效的投放产品2、负责电商的广告后台和广告策略设计，包括不限于商家增长、广告链路、财务系统、数据系统等；策略方向包括不限于出价、排序等3、深入理解电商商家的经营流程，挖掘商家的广告投放诉求，设计解决方案推进落地4、建立效果评估体系，从数据中发现问题数据，推动产品从需求分析到上线迭代的全流程5、持续了解市场动态，保持对市场和商家的敏锐感知

任职要求：
1、本科及以上学历，理工科背景优先2、2年以上互联网广告从业经验，有广告平台、电商平台背景优先3、具备强烈的好奇心和自驱力，严谨认真，有较强的抗压能力

加分项：
无",【电商】商业化产品经理,产品类,pinduoduo_jobs_产品经理_part_32_43_all_20260609_164257.csv,1,pinduoduo_jobs_产品经理_part_32_43_all_20260609_164257.csv
拼多多,pdd_tampermonkey,PR023407,支付产品经理,产品类,,,产品类,,上海,2026-01-14,2026-01-14,https://careers.pddglobalhr.com/jobs/detail?code=PR023407,1、负责C端支付流程优化，促进支付转化率的提升；2、负责基于不同支付方式的特性进行玩法创新;3、通过数据分析制定针对不同人群的差异化支付策略。,1、2年以上银行、支付相关行业产品设计经验，熟悉线上移动支付、银行产品和相关业务规则，具备丰富的行业知识能够通过优化银行风控相关策略提升支付成功率；2、具备支付经验，熟悉主流的第三方支付方式和优缺点；3、了解Gift card、credit、分期、BNPL等产品玩法；4、具备成熟的C端用户产品经验，具备良好的用户洞察能力；5、较强的数据分析能力和决策能力，能够定义和管理定性/定量研究以及可衡量的目标。,/,1、2年以上银行、支付相关行业产品设计经验，熟悉线上移动支付、银行产品和相关业务规则，具备丰富的行业知识能够通过优化银行风控相关策略提升支付成功率；2、具备支付经验，熟悉主流的第三方支付方式和优缺点；3、了解Gift card、credit、分期、BNPL等产品玩法；4、具备成熟的C端用户产品经验，具备良好的用户洞察能力；5、较强的数据分析能力和决策能力，能够定义和管理定性/定量研究以及可衡量的目标。,"岗位职责：
1、负责C端支付流程优化，促进支付转化率的提升；2、负责基于不同支付方式的特性进行玩法创新;3、通过数据分析制定针对不同人群的差异化支付策略。

任职要求：
1、2年以上银行、支付相关行业产品设计经验，熟悉线上移动支付、银行产品和相关业务规则，具备丰富的行业知识能够通过优化银行风控相关策略提升支付成功率；2、具备支付经验，熟悉主流的第三方支付方式和优缺点；3、了解Gift card、credit、分期、BNPL等产品玩法；4、具备成熟的C端用户产品经验，具备良好的用户洞察能力；5、较强的数据分析能力和决策能力，能够定义和管理定性/定量研究以及可衡量的目标。

加分项：
/",支付产品经理,产品类,pinduoduo_jobs_产品经理_part_44_55_all_20260609_164338.csv,1,pinduoduo_jobs_产品经理_part_44_55_all_20260609_164338.csv
拼多多,pdd_tampermonkey,PR023408,售后C端产品经理,产品类,,,产品类,,上海,2026-01-14,2026-01-14,https://careers.pddglobalhr.com/jobs/detail?code=PR023408,1、负责搭建及持续优化售后流程，为用户提供友好的售后体验；2、围绕核心指标，通过数据分析、用户反馈等多种方式发掘产品优化点并推进落地；3、进行创新性思考，更好地平衡业务各项综合指标。,1、具备主动、认真、踏实、负责的职业素养；2、有较好的逻辑思考、信息调研、数据分析及沟通能力，有用户同理心和共情能力。,无,1、具备主动、认真、踏实、负责的职业素养；2、有较好的逻辑思考、信息调研、数据分析及沟通能力，有用户同理心和共情能力。,"岗位职责：
1、负责搭建及持续优化售后流程，为用户提供友好的售后体验；2、围绕核心指标，通过数据分析、用户反馈等多种方式发掘产品优化点并推进落地；3、进行创新性思考，更好地平衡业务各项综合指标。

任职要求：
1、具备主动、认真、踏实、负责的职业素养；2、有较好的逻辑思考、信息调研、数据分析及沟通能力，有用户同理心和共情能力。

加分项：
无",售后C端产品经理,产品类,pinduoduo_jobs_产品经理_part_44_55_all_20260609_164338.csv,1,pinduoduo_jobs_产品经理_part_44_55_all_20260609_164338.csv
拼多多,pdd_tampermonkey,PR023409,交易产品经理,产品类,,,产品类,,上海,2026-01-14,2026-01-14,https://careers.pddglobalhr.com/jobs/detail?code=PR023409,1、负责基础交易链路的设计和创新，对GMV和购物体验负责，不局限于商详、购物车、下单等；2、基于用户数据、功能情况快速分析、迭代、优化产品功能，了解行业趋势、不断探索用户需求，根据市场变化及时调整产品策略。,1、2年以上互联网行业工作经验，有C端产品工作经验者优先；2、逻辑性强、思维活跃，具备创新思维能力；3、较强的数据分析能力，能够通过业务数据洞察业务问题，并根据自己的分析结论找到解决办法。,无,1、2年以上互联网行业工作经验，有C端产品工作经验者优先；2、逻辑性强、思维活跃，具备创新思维能力；3、较强的数据分析能力，能够通过业务数据洞察业务问题，并根据自己的分析结论找到解决办法。,"岗位职责：
1、负责基础交易链路的设计和创新，对GMV和购物体验负责，不局限于商详、购物车、下单等；2、基于用户数据、功能情况快速分析、迭代、优化产品功能，了解行业趋势、不断探索用户需求，根据市场变化及时调整产品策略。

任职要求：
1、2年以上互联网行业工作经验，有C端产品工作经验者优先；2、逻辑性强、思维活跃，具备创新思维能力；3、较强的数据分析能力，能够通过业务数据洞察业务问题，并根据自己的分析结论找到解决办法。

加分项：
无",交易产品经理,产品类,pinduoduo_jobs_产品经理_part_44_55_all_20260609_164338.csv,1,pinduoduo_jobs_产品经理_part_44_55_all_20260609_164338.csv
拼多多,pdd_tampermonkey,PR023410,商品体系产品经理,产品类,,,产品类,,上海,2026-01-14,2026-01-14,https://careers.pddglobalhr.com/jobs/detail?code=PR023410,1、负责平台不同类型货品在C端的透出和产品迭代；思考不同商品的玩法策略，协助完善供给侧货品结构；2、负麦商品基础管理体系的优化，提升效率；同时基于交易链路，思考提升用户对平台安全感和信任度的产品方案；3、优化辅助产品购买决策的功能，如尺码、组合套装等。,1、具备较好的逻辑性，善于发现问题，能够主动思考；2、具备较强的自驱力和跨团队协作能力；3、2年及以上工作经验，有安全、商品基础相关经验优先。,无,1、具备较好的逻辑性，善于发现问题，能够主动思考；2、具备较强的自驱力和跨团队协作能力；3、2年及以上工作经验，有安全、商品基础相关经验优先。,"岗位职责：
1、负责平台不同类型货品在C端的透出和产品迭代；思考不同商品的玩法策略，协助完善供给侧货品结构；2、负麦商品基础管理体系的优化，提升效率；同时基于交易链路，思考提升用户对平台安全感和信任度的产品方案；3、优化辅助产品购买决策的功能，如尺码、组合套装等。

任职要求：
1、具备较好的逻辑性，善于发现问题，能够主动思考；2、具备较强的自驱力和跨团队协作能力；3、2年及以上工作经验，有安全、商品基础相关经验优先。

加分项：
无",商品体系产品经理,产品类,pinduoduo_jobs_产品经理_part_44_55_all_20260609_164338.csv,1,pinduoduo_jobs_产品经理_part_44_55_all_20260609_164338.csv
拼多多,pdd_tampermonkey,PR023411,电商基础产品经理,产品类,,,产品类,,上海,2026-01-14,2026-01-14,https://careers.pddglobalhr.com/jobs/detail?code=PR023411,1、负责业务订单系统的规划、设计、开发和上线，确保系统符合用户需求和公司业务目标；2、管理和优化账号体系，提升用户体验和安全性；3、了解行业趋势、用户需求等情况，根据市场变化及时调整产品策略；4、协调各个部门的资源，推动产品开发进度，确保项目按时交付。,1、本科及以上学历，1年以上电商产品经理工作经验，熟悉电商业务流程和相关法律法规、有订单、账号体系设计经验者优先；2、良好的英文听说读写能力；3、良好的数据分析能力，能够根据业务数据发现问题和机会；较高的用户体验敏感度，能够从用户需求出发设计产品，不断优化用户体验,/,1、本科及以上学历，1年以上电商产品经理工作经验，熟悉电商业务流程和相关法律法规、有订单、账号体系设计经验者优先；2、良好的英文听说读写能力；3、良好的数据分析能力，能够根据业务数据发现问题和机会；较高的用户体验敏感度，能够从用户需求出发设计产品，不断优化用户体验,"岗位职责：
1、负责业务订单系统的规划、设计、开发和上线，确保系统符合用户需求和公司业务目标；2、管理和优化账号体系，提升用户体验和安全性；3、了解行业趋势、用户需求等情况，根据市场变化及时调整产品策略；4、协调各个部门的资源，推动产品开发进度，确保项目按时交付。

任职要求：
1、本科及以上学历，1年以上电商产品经理工作经验，熟悉电商业务流程和相关法律法规、有订单、账号体系设计经验者优先；2、良好的英文听说读写能力；3、良好的数据分析能力，能够根据业务数据发现问题和机会；较高的用户体验敏感度，能够从用户需求出发设计产品，不断优化用户体验

加分项：
/",电商基础产品经理,产品类,pinduoduo_jobs_产品经理_part_44_55_all_20260609_164338.csv,1,pinduoduo_jobs_产品经理_part_44_55_all_20260609_164338.csv
拼多多,pdd_tampermonkey,PR023103,C端物流产品经理,产品类,,,产品类,,上海,2026-01-13,2026-01-13,https://careers.pddglobalhr.com/jobs/detail?code=PR023103,1、基于电商业务及其履约模式，优化地址、物流等消费者履约体验，对消费者履约相关C端体验负责；2、协同相关合作团队，共同提高用户的使用满意度。,1、2年以上C端产品工作经验，本科及以上学历，英文好；2、强烈的自驱力和责任感，具备扎实的用户体验洞察、调研分析、产品策划能力；3、理性、逻辑思维强，认真、严谨，能独立完成产品工作；4、较强的同理心，有团队合作精神。,/,1、2年以上C端产品工作经验，本科及以上学历，英文好；2、强烈的自驱力和责任感，具备扎实的用户体验洞察、调研分析、产品策划能力；3、理性、逻辑思维强，认真、严谨，能独立完成产品工作；4、较强的同理心，有团队合作精神。,"岗位职责：
1、基于电商业务及其履约模式，优化地址、物流等消费者履约体验，对消费者履约相关C端体验负责；2、协同相关合作团队，共同提高用户的使用满意度。

任职要求：
1、2年以上C端产品工作经验，本科及以上学历，英文好；2、强烈的自驱力和责任感，具备扎实的用户体验洞察、调研分析、产品策划能力；3、理性、逻辑思维强，认真、严谨，能独立完成产品工作；4、较强的同理心，有团队合作精神。

加分项：
/",C端物流产品经理,产品类,pinduoduo_jobs_产品经理_part_44_55_all_20260609_164338.csv,1,pinduoduo_jobs_产品经理_part_44_55_all_20260609_164338.csv
拼多多,pdd_tampermonkey,PR023096,商家端产品经理,产品类,,,产品类,,上海,2026-01-13,2026-01-13,https://careers.pddglobalhr.com/jobs/detail?code=PR023096,1、帮助商家降低运营成本，挖掘生意增长机会，解决经营的问题和卡点。包括但不限于商家增长、商品策略、营销、履约、售后、开放平台等方向；2、充分调研和分析电商市场环境，供给需求和商家的经营模式，挖掘机会类目和增长机会，并协调各方资源，带领团队一起推动产品方案落地；3、基于对市场和平台特征的深入理解，思考和探索创新模式（发品/履约/营销等），助力生意增长。,1、对供给结构、商家经营模式感兴趣，对生意增长有好奇心，能够快速学习并自驱探索。2、乐于思考，善于敏锐发现问题，对于业务现状以及未来方向能够持续思考和大胆尝试3、对数据敏感，有较好的数据分析能力和优秀的逻辑思维，可以从业务数据波动中发现问题，提炼需求。,/,1、对供给结构、商家经营模式感兴趣，对生意增长有好奇心，能够快速学习并自驱探索。2、乐于思考，善于敏锐发现问题，对于业务现状以及未来方向能够持续思考和大胆尝试3、对数据敏感，有较好的数据分析能力和优秀的逻辑思维，可以从业务数据波动中发现问题，提炼需求。,"岗位职责：
1、帮助商家降低运营成本，挖掘生意增长机会，解决经营的问题和卡点。包括但不限于商家增长、商品策略、营销、履约、售后、开放平台等方向；2、充分调研和分析电商市场环境，供给需求和商家的经营模式，挖掘机会类目和增长机会，并协调各方资源，带领团队一起推动产品方案落地；3、基于对市场和平台特征的深入理解，思考和探索创新模式（发品/履约/营销等），助力生意增长。

任职要求：
1、对供给结构、商家经营模式感兴趣，对生意增长有好奇心，能够快速学习并自驱探索。2、乐于思考，善于敏锐发现问题，对于业务现状以及未来方向能够持续思考和大胆尝试3、对数据敏感，有较好的数据分析能力和优秀的逻辑思维，可以从业务数据波动中发现问题，提炼需求。

加分项：
/",商家端产品经理,产品类,pinduoduo_jobs_产品经理_part_44_55_all_20260609_164338.csv,1,pinduoduo_jobs_产品经理_part_44_55_all_20260609_164338.csv
拼多多,pdd_tampermonkey,PR022819,商家端产品经理,产品类,,,产品类,,上海,2026-01-13,2026-01-13,https://careers.pddglobalhr.com/jobs/detail?code=PR022819,1、负责电商平台物流/售后/平台等相关功能的产品规划、设计和实现；2、协调各方资源，带领团队一起推动相关产品的设计、开发及上线，并对产品质量进行把控；3、调研用户需求、收集用户反馈、分析效果数据，持续改善产品的用户体验。,1、本科及以上学历，2年及以上互联网产品工作经验，有大型平台B端产品工作经验者优先，有知名互联网公司工作经验优先；2、熟悉电商行业物流/售后/平台等模块相关业务，至少参与或负责过一款互联网物流/售后/平台相关的产品；3、有较好的业务敏感度，对于业务现状以及未来方向能够整体把控；4、对业务数据敏感，有较好的数据分析能力和优秀的逻辑思维，可以从业务数据波动中发现问题，提炼需求；5、具有优秀的沟通能力、执行力和产品判断力，情商高，有极强的工作热情。,/,1、本科及以上学历，2年及以上互联网产品工作经验，有大型平台B端产品工作经验者优先，有知名互联网公司工作经验优先；2、熟悉电商行业物流/售后/平台等模块相关业务，至少参与或负责过一款互联网物流/售后/平台相关的产品；3、有较好的业务敏感度，对于业务现状以及未来方向能够整体把控；4、对业务数据敏感，有较好的数据分析能力和优秀的逻辑思维，可以从业务数据波动中发现问题，提炼需求；5、具有优秀的沟通能力、执行力和产品判断力，情商高，有极强的工作热情。,"岗位职责：
1、负责电商平台物流/售后/平台等相关功能的产品规划、设计和实现；2、协调各方资源，带领团队一起推动相关产品的设计、开发及上线，并对产品质量进行把控；3、调研用户需求、收集用户反馈、分析效果数据，持续改善产品的用户体验。

任职要求：
1、本科及以上学历，2年及以上互联网产品工作经验，有大型平台B端产品工作经验者优先，有知名互联网公司工作经验优先；2、熟悉电商行业物流/售后/平台等模块相关业务，至少参与或负责过一款互联网物流/售后/平台相关的产品；3、有较好的业务敏感度，对于业务现状以及未来方向能够整体把控；4、对业务数据敏感，有较好的数据分析能力和优秀的逻辑思维，可以从业务数据波动中发现问题，提炼需求；5、具有优秀的沟通能力、执行力和产品判断力，情商高，有极强的工作热情。

加分项：
/",商家端产品经理,产品类,pinduoduo_jobs_产品经理_part_44_55_all_20260609_164338.csv,1,pinduoduo_jobs_产品经理_part_44_55_all_20260609_164338.csv
拼多多,pdd_tampermonkey,PR023316,搜索产品经理,产品类,,,产品类,,上海,2025-12-22,2025-12-22,https://careers.pddglobalhr.com/jobs/detail?code=PR023316,1、在深入理解搜索场景用户需求的基础上，持续思考创新性产品方案，推进产品需求落地、迭代。持续提升搜索用户体验，带来搜索和全站核心业务指标增长；2、结合行业和供应链的阶段性目标和需求，快速思考可落地的搜推策略和产品功能；3、通过深入调研用户习惯，提出搜索优化方案，提升用户搜索体验。,1、具备2年及以上互联网行业经验，有搜索或推荐相关的工作经验优先，有电商工作经验优先；2、有强烈的自驱力和责任感，对产品有热情，具备扎实的用户调研、产品策划、数据分析能力；3、有较强的理解学习能力、逻辑思维、跨团队沟通能力，良好的沟通、合作，具备同理心。,/,1、具备2年及以上互联网行业经验，有搜索或推荐相关的工作经验优先，有电商工作经验优先；2、有强烈的自驱力和责任感，对产品有热情，具备扎实的用户调研、产品策划、数据分析能力；3、有较强的理解学习能力、逻辑思维、跨团队沟通能力，良好的沟通、合作，具备同理心。,"岗位职责：
1、在深入理解搜索场景用户需求的基础上，持续思考创新性产品方案，推进产品需求落地、迭代。持续提升搜索用户体验，带来搜索和全站核心业务指标增长；2、结合行业和供应链的阶段性目标和需求，快速思考可落地的搜推策略和产品功能；3、通过深入调研用户习惯，提出搜索优化方案，提升用户搜索体验。

任职要求：
1、具备2年及以上互联网行业经验，有搜索或推荐相关的工作经验优先，有电商工作经验优先；2、有强烈的自驱力和责任感，对产品有热情，具备扎实的用户调研、产品策划、数据分析能力；3、有较强的理解学习能力、逻辑思维、跨团队沟通能力，良好的沟通、合作，具备同理心。

加分项：
/",搜索产品经理,产品类,pinduoduo_jobs_产品经理_part_44_55_all_20260609_164338.csv,1,pinduoduo_jobs_产品经理_part_44_55_all_20260609_164338.csv
拼多多,pdd_tampermonkey,PR018646,营销产品经理,产品类,,,产品类,,上海,2025-12-17,2025-12-17,https://careers.pddglobalhr.com/jobs/detail?code=PR018646,1、营销工具基础能力搭建，包括但不限于优惠券、满减、活动价等；2、营销工具相关系统搭建，包括但不限于创券、选品、券投放、优惠结算等；3、负责新的营销工具功能和场景的探索，寻找新的增长场景；4、配合业务更好地利用好营销工具基础能力，创造符合用户需求和业务需求的营销场景。,1、1-2年以上互联网产品工作经验，有电商营销工具从业经验者优先；2、较强的逻辑思维和业务理解能力，能快速分析各类需求，形成可行的产品方案；3、较强的抽象思维，能从各类需求中抽离共性，形成通用化可扩展的系统能力沉淀；4、较强的沟通协作能力，能联动产品上下游各团队及内外各部门之间的配合，从而推动需求的落地。,/,1、1-2年以上互联网产品工作经验，有电商营销工具从业经验者优先；2、较强的逻辑思维和业务理解能力，能快速分析各类需求，形成可行的产品方案；3、较强的抽象思维，能从各类需求中抽离共性，形成通用化可扩展的系统能力沉淀；4、较强的沟通协作能力，能联动产品上下游各团队及内外各部门之间的配合，从而推动需求的落地。,"岗位职责：
1、营销工具基础能力搭建，包括但不限于优惠券、满减、活动价等；2、营销工具相关系统搭建，包括但不限于创券、选品、券投放、优惠结算等；3、负责新的营销工具功能和场景的探索，寻找新的增长场景；4、配合业务更好地利用好营销工具基础能力，创造符合用户需求和业务需求的营销场景。

任职要求：
1、1-2年以上互联网产品工作经验，有电商营销工具从业经验者优先；2、较强的逻辑思维和业务理解能力，能快速分析各类需求，形成可行的产品方案；3、较强的抽象思维，能从各类需求中抽离共性，形成通用化可扩展的系统能力沉淀；4、较强的沟通协作能力，能联动产品上下游各团队及内外各部门之间的配合，从而推动需求的落地。

加分项：
/",营销产品经理,产品类,pinduoduo_jobs_产品经理_part_44_55_all_20260609_164338.csv,1,pinduoduo_jobs_产品经理_part_44_55_all_20260609_164338.csv
拼多多,pdd_tampermonkey,PR022993,C端产品经理,产品类,,,产品类,,上海,2025-11-03,2025-11-03,https://careers.pddglobalhr.com/jobs/detail?code=PR022993,1、负责产品的需求分析和产品规划；2、拆分用户生命周期和消费场景，优化用户端到端购物体验，提升平台转化效率；3、探索并负责电商全链路的功能创新迭代，提升平台用户规模和经营收入；4、设计包括但不限于物流策略/合规策略/商品策略等，保障平台稳健可持续发展。,1、本科及以上学历，1年以上用户增长、基础功能、经营策略等C端方向的产品经验；2、目标明确，拥有强烈的责任心和合作精神，能持续推动项目落地；3、对用户体验有感知，同理心强；4、有较强的逻辑梳理及调研能力，有较强的数据分析能力，从数据中挖掘优化点。,/,1、本科及以上学历，1年以上用户增长、基础功能、经营策略等C端方向的产品经验；2、目标明确，拥有强烈的责任心和合作精神，能持续推动项目落地；3、对用户体验有感知，同理心强；4、有较强的逻辑梳理及调研能力，有较强的数据分析能力，从数据中挖掘优化点。,"岗位职责：
1、负责产品的需求分析和产品规划；2、拆分用户生命周期和消费场景，优化用户端到端购物体验，提升平台转化效率；3、探索并负责电商全链路的功能创新迭代，提升平台用户规模和经营收入；4、设计包括但不限于物流策略/合规策略/商品策略等，保障平台稳健可持续发展。

任职要求：
1、本科及以上学历，1年以上用户增长、基础功能、经营策略等C端方向的产品经验；2、目标明确，拥有强烈的责任心和合作精神，能持续推动项目落地；3、对用户体验有感知，同理心强；4、有较强的逻辑梳理及调研能力，有较强的数据分析能力，从数据中挖掘优化点。

加分项：
/",C端产品经理,产品类,pinduoduo_jobs_产品经理_part_44_55_all_20260609_164338.csv,1,pinduoduo_jobs_产品经理_part_44_55_all_20260609_164338.csv
拼多多,pdd_tampermonkey,PR022055,C端产品经理,产品类,,,产品类,,上海,2025-10-20,2025-10-20,https://careers.pddglobalhr.com/jobs/detail?code=PR022055,1、负责C端营销活动、增长、交易、支付、体验等相关产品规划和迭代；2、负责设计、迭代营销工具和营销活动，提升GMV；3、基于用户的特性思考提出创新性玩法，持续满足业务增长要求；4、目标聚焦在更好的用户体验和平台交易指标增长上；,1、较强的逻辑思维和业务理解能力，善于沟通和推动项目落地；2、结果导向，对数据敏感，能从数据中分析和推导产品迭代方向；3、有耐心且有责任心，有主观能动性；,无,1、较强的逻辑思维和业务理解能力，善于沟通和推动项目落地；2、结果导向，对数据敏感，能从数据中分析和推导产品迭代方向；3、有耐心且有责任心，有主观能动性；,"岗位职责：
1、负责C端营销活动、增长、交易、支付、体验等相关产品规划和迭代；2、负责设计、迭代营销工具和营销活动，提升GMV；3、基于用户的特性思考提出创新性玩法，持续满足业务增长要求；4、目标聚焦在更好的用户体验和平台交易指标增长上；

任职要求：
1、较强的逻辑思维和业务理解能力，善于沟通和推动项目落地；2、结果导向，对数据敏感，能从数据中分析和推导产品迭代方向；3、有耐心且有责任心，有主观能动性；

加分项：
无",C端产品经理,产品类,pinduoduo_jobs_产品经理_part_44_55_all_20260609_164338.csv,1,pinduoduo_jobs_产品经理_part_44_55_all_20260609_164338.csv
