company,source_domain,job_id,title,business_line,department,project,category_name,category_type,batch_name,location,publish_date,publish_date_source,raw_publish_time,raw_modify_time,post_url,responsibility,requirement_text,experience_text,jd_text,circle_names,status,source_file
"千问","https://talent.quark.cn","199903200071","用户运营","千问C端事业群 / 运营类 / 千问C端事业群秋季2026届应届生招聘","","","运营类","freshman","千问C端事业群秋季2026届应届生招聘","广州","2026-03-03","modifyTime","","1772532642000","https://talent.quark.cn/campus/position/199903200071","1. 运营用户生命周期，包括新登、首活、留存、复登等；
2. 能协助策划提升用户活跃的策略方案，从发起、落地、执行、项目节奏把控等，整体协同产品、技术、BI等资源最终为用户活跃目标；
3. 对用户洞察敏感，能站在用户视角思考，精细化人群需求，并结合自有业务，为用户提供可活跃、提粘度的服务和场景。","1. 本科以上学历，有大型互联网产品及用户运营实习经验优先；
2. 对数据敏感，善于通过数据发现问题或机会，可独立思考运营方案、并解决问题；
3. 能多方协同资源，实现多方共赢；
4. 擅长透过现象看本质，能够从纷繁复杂的需求中抓住痛点；
5. 学习能力强，对新事物保有好奇心，并能快速适应新环境。","1. 本科以上学历，有大型互联网产品及用户运营实习经验优先；
2. 对数据敏感，善于通过数据发现问题或机会，可独立思考运营方案、并解决问题；
3. 能多方协同资源，实现多方共赢；
4. 擅长透过现象看本质，能够从纷繁复杂的需求中抓住痛点；
5. 学习能力强，对新事物保有好奇心，并能快速适应新环境。","岗位职责：
1. 运营用户生命周期，包括新登、首活、留存、复登等；
2. 能协助策划提升用户活跃的策略方案，从发起、落地、执行、项目节奏把控等，整体协同产品、技术、BI等资源最终为用户活跃目标；
3. 对用户洞察敏感，能站在用户视角思考，精细化人群需求，并结合自有业务，为用户提供可活跃、提粘度的服务和场景。

任职要求：
1. 本科以上学历，有大型互联网产品及用户运营实习经验优先；
2. 对数据敏感，善于通过数据发现问题或机会，可独立思考运营方案、并解决问题；
3. 能多方协同资源，实现多方共赢；
4. 擅长透过现象看本质，能够从纷繁复杂的需求中抓住痛点；
5. 学习能力强，对新事物保有好奇心，并能快速适应新环境。","千问C端事业群","recruit","E:\CLX\project\interview-copilot-desktop\JD\阿里系\千问.txt"
"千问","https://talent.quark.cn","199900300012","研发工程师JAVA","千问C端事业群 / 技术类 / 千问C端事业群秋季2026届应届生招聘","","","技术类","freshman","千问C端事业群秋季2026届应届生招聘","北京 / 广州 / 杭州","2026-02-09","modifyTime","","1770622981000","https://talent.quark.cn/campus/position/199900300012","阿里巴巴智能信息事业群，聚焦AI在信息服务赛道的创新应用，从工具到服务，持续为用户提供高效、智能的AI应用。智能信息事业群核心产品为夸克、通义、UC浏览器、书旗小说、超级汇川等，以多产品矩阵，覆盖横跨各年龄段的7亿+用户人群，服务超10万+客户。

如果你想了解JAVA开发在阿里智信互联网生态系统中无与伦比的应用广度与深度； 
如果你对基础技术感兴趣，你可以参与基础软件的设计、开发和维护，如分布式文件系统、缓存系统、Key/Value存储系统、数据库、Linux操作系统和Java优化等； 
如果你热衷于高性能分布式技术，你可以参与高性能分布式服务端程序的系统设计，为阿里智信的产品提供强有力的后台支持，在海量的网络访问和数据处理中，设计并设施最强大的解决方案； 
如果你喜欢研究搜索技术，你可以参与搜索引擎各个功能模块的设计和实现，构建高可靠性、高可用性、高可扩展性的体系结构，满足日趋复杂的业务需求；  
如果你对数据敏感，你可以参与海量数据处理和开发，通过sql、pl/sql、java进行etl程序开发，满足商业上对数据的开发需求。
欢迎加入我们。","或许，你痴迷于数据结构和算法，热衷于ACM，常常为看到“accept”而兴奋的手足舞蹈；
或许，你熟悉Unix/Linux/Win32环境下编程，并有相关开发经验，熟练使用调试工具，并熟悉Perl，Python，shell等脚本语言；
或许，你熟悉网络编程和多线程编程，对TCP/IP，HTTP等网络协议有很深的理解，并了解XML和HTML语言；
或许，你热衷于数据库技术，能够熟练编写SQL脚本，有MySql或Oracle应用开发经验；
或许，你并不熟悉Java编程语言，更精通C，C++，PHP，.NET等编程语言中的一种或几种，但你有良好和快速的学习能力；
有可能，你参加过大学生数学建模竞赛，“挑战杯”，机器人足球比赛等；
也有可能，你在学校的时候作为骨干参与学生网站的建设和开发。
但这些都是我们想要的。

同时，我们还希望你：
1、学习能力强，对新事物保有好奇心，并能快速适应新环境；
2、有良好的沟通能力和团队协同能力；能与他人合作，共同完成目标；
3、对所在领域有热情，相信方法总比困难多，善于独立思考并反思总结。

一段全新、有意思的旅程正待开启！为了更全面的展现你自己，你还可以在简历中附上你认为自己最有意思的爱好、特长、经历，或是对未来有意思的畅想，没有限制，此项非必填。加入我们，一起打开有意思的未来！","或许，你痴迷于数据结构和算法，热衷于ACM，常常为看到“accept”而兴奋的手足舞蹈；
或许，你熟悉Unix/Linux/Win32环境下编程，并有相关开发经验，熟练使用调试工具，并熟悉Perl，Python，shell等脚本语言；
或许，你熟悉网络编程和多线程编程，对TCP/IP，HTTP等网络协议有很深的理解，并了解XML和HTML语言；
或许，你热衷于数据库技术，能够熟练编写SQL脚本，有MySql或Oracle应用开发经验；
或许，你并不熟悉Java编程语言，更精通C，C++，PHP，.NET等编程语言中的一种或几种，但你有良好和快速的学习能力；
有可能，你参加过大学生数学建模竞赛，“挑战杯”，机器人足球比赛等；
也有可能，你在学校的时候作为骨干参与学生网站的建设和开发。
但这些都是我们想要的。

同时，我们还希望你：
1、学习能力强，对新事物保有好奇心，并能快速适应新环境；
2、有良好的沟通能力和团队协同能力；能与他人合作，共同完成目标；
3、对所在领域有热情，相信方法总比困难多，善于独立思考并反思总结。

一段全新、有意思的旅程正待开启！为了更全面的展现你自己，你还可以在简历中附上你认为自己最有意思的爱好、特长、经历，或是对未来有意思的畅想，没有限制，此项非必填。加入我们，一起打开有意思的未来！","岗位职责：
阿里巴巴智能信息事业群，聚焦AI在信息服务赛道的创新应用，从工具到服务，持续为用户提供高效、智能的AI应用。智能信息事业群核心产品为夸克、通义、UC浏览器、书旗小说、超级汇川等，以多产品矩阵，覆盖横跨各年龄段的7亿+用户人群，服务超10万+客户。

如果你想了解JAVA开发在阿里智信互联网生态系统中无与伦比的应用广度与深度； 
如果你对基础技术感兴趣，你可以参与基础软件的设计、开发和维护，如分布式文件系统、缓存系统、Key/Value存储系统、数据库、Linux操作系统和Java优化等； 
如果你热衷于高性能分布式技术，你可以参与高性能分布式服务端程序的系统设计，为阿里智信的产品提供强有力的后台支持，在海量的网络访问和数据处理中，设计并设施最强大的解决方案； 
如果你喜欢研究搜索技术，你可以参与搜索引擎各个功能模块的设计和实现，构建高可靠性、高可用性、高可扩展性的体系结构，满足日趋复杂的业务需求；  
如果你对数据敏感，你可以参与海量数据处理和开发，通过sql、pl/sql、java进行etl程序开发，满足商业上对数据的开发需求。
欢迎加入我们。

任职要求：
或许，你痴迷于数据结构和算法，热衷于ACM，常常为看到“accept”而兴奋的手足舞蹈；
或许，你熟悉Unix/Linux/Win32环境下编程，并有相关开发经验，熟练使用调试工具，并熟悉Perl，Python，shell等脚本语言；
或许，你熟悉网络编程和多线程编程，对TCP/IP，HTTP等网络协议有很深的理解，并了解XML和HTML语言；
或许，你热衷于数据库技术，能够熟练编写SQL脚本，有MySql或Oracle应用开发经验；
或许，你并不熟悉Java编程语言，更精通C，C++，PHP，.NET等编程语言中的一种或几种，但你有良好和快速的学习能力；
有可能，你参加过大学生数学建模竞赛，“挑战杯”，机器人足球比赛等；
也有可能，你在学校的时候作为骨干参与学生网站的建设和开发。
但这些都是我们想要的。

同时，我们还希望你：
1、学习能力强，对新事物保有好奇心，并能快速适应新环境；
2、有良好的沟通能力和团队协同能力；能与他人合作，共同完成目标；
3、对所在领域有热情，相信方法总比困难多，善于独立思考并反思总结。

一段全新、有意思的旅程正待开启！为了更全面的展现你自己，你还可以在简历中附上你认为自己最有意思的爱好、特长、经历，或是对未来有意思的畅想，没有限制，此项非必填。加入我们，一起打开有意思的未来！","千问C端事业群","recruit","E:\CLX\project\interview-copilot-desktop\JD\阿里系\千问.txt"
"千问","https://talent.quark.cn","199900300005","测试开发工程师","千问C端事业群 / 技术类 / 千问C端事业群秋季2026届应届生招聘","","","技术类","freshman","千问C端事业群秋季2026届应届生招聘","北京 / 广州 / 杭州","2025-08-13","modifyTime","","1755055369000","https://talent.quark.cn/campus/position/199900300005","阿里巴巴智能信息事业群，聚焦AI在信息服务赛道的创新应用，从工具到服务，持续为用户提供高效、智能的AI应用。智能信息事业群核心产品为夸克、通义、UC浏览器、书旗小说、超级汇川等，以多产品矩阵，覆盖横跨各年龄段的7亿+用户人群，服务超10万+客户。

我们，捍卫阿里智信产品的用户体验！
我们，梦想做世界级的高效质量团队！
我们，推行担当、创新、共赢的文化！

五新战略下的复杂业务场景执行的正确性，
新零售下的千亿级别交易链路的丝般顺滑，
云智能下的用户数字化转型的顺利稳定，
每一个产品背后是我们对完美的坚持！

云服务、AI算法、IoT等测试方法的创新，
自动化、无人值守、故障演练等测试产品的发展，
用例自动生成，大模型自动化评测，全链路定位分析等AI测试的落地，
每一次测试升级背后需要我们不破不立的勇气！

来吧，加入我们吧！一起做新时代下世界领先的技术质量人~~","1、计算机、数学、信息管理等相关专业；
2、熟悉C、C++、Java、Python、Perl等至少一种编程语言；
3、熟悉软件研发流程，掌握软件测试理论和方法，有设计和开发测试工具和自动化测试框架能力更佳；
4、喜欢钻研技术，对质量捍卫有热情，不断追求产品用户体验的完善。

同时，我们还希望你：
1、学习能力强，对新事物保有好奇心，并能快速适应新环境；
2、良好的沟通能力和团队协同能力；能与他人合作，共同完成目标；
3、对所在领域有热情，相信方法总比困难多，善于独立思考并反思总结。

一段全新、有意思的旅程正待开启！为了更全面的展现你自己，你还可以在简历中附上你认为自己最有意思的爱好、特长、经历，或是对未来有意思的畅想，没有限制，此项非必填。加入我们，一起打开有意思的未来！","1、计算机、数学、信息管理等相关专业；
2、熟悉C、C++、Java、Python、Perl等至少一种编程语言；
3、熟悉软件研发流程，掌握软件测试理论和方法，有设计和开发测试工具和自动化测试框架能力更佳；
4、喜欢钻研技术，对质量捍卫有热情，不断追求产品用户体验的完善。

同时，我们还希望你：
1、学习能力强，对新事物保有好奇心，并能快速适应新环境；
2、良好的沟通能力和团队协同能力；能与他人合作，共同完成目标；
3、对所在领域有热情，相信方法总比困难多，善于独立思考并反思总结。

一段全新、有意思的旅程正待开启！为了更全面的展现你自己，你还可以在简历中附上你认为自己最有意思的爱好、特长、经历，或是对未来有意思的畅想，没有限制，此项非必填。加入我们，一起打开有意思的未来！","岗位职责：
阿里巴巴智能信息事业群，聚焦AI在信息服务赛道的创新应用，从工具到服务，持续为用户提供高效、智能的AI应用。智能信息事业群核心产品为夸克、通义、UC浏览器、书旗小说、超级汇川等，以多产品矩阵，覆盖横跨各年龄段的7亿+用户人群，服务超10万+客户。

我们，捍卫阿里智信产品的用户体验！
我们，梦想做世界级的高效质量团队！
我们，推行担当、创新、共赢的文化！

五新战略下的复杂业务场景执行的正确性，
新零售下的千亿级别交易链路的丝般顺滑，
云智能下的用户数字化转型的顺利稳定，
每一个产品背后是我们对完美的坚持！

云服务、AI算法、IoT等测试方法的创新，
自动化、无人值守、故障演练等测试产品的发展，
用例自动生成，大模型自动化评测，全链路定位分析等AI测试的落地，
每一次测试升级背后需要我们不破不立的勇气！

来吧，加入我们吧！一起做新时代下世界领先的技术质量人~~

任职要求：
1、计算机、数学、信息管理等相关专业；
2、熟悉C、C++、Java、Python、Perl等至少一种编程语言；
3、熟悉软件研发流程，掌握软件测试理论和方法，有设计和开发测试工具和自动化测试框架能力更佳；
4、喜欢钻研技术，对质量捍卫有热情，不断追求产品用户体验的完善。

同时，我们还希望你：
1、学习能力强，对新事物保有好奇心，并能快速适应新环境；
2、良好的沟通能力和团队协同能力；能与他人合作，共同完成目标；
3、对所在领域有热情，相信方法总比困难多，善于独立思考并反思总结。

一段全新、有意思的旅程正待开启！为了更全面的展现你自己，你还可以在简历中附上你认为自己最有意思的爱好、特长、经历，或是对未来有意思的畅想，没有限制，此项非必填。加入我们，一起打开有意思的未来！","千问C端事业群","recruit","E:\CLX\project\interview-copilot-desktop\JD\阿里系\千问.txt"
"千问","https://talent.quark.cn","199900300006","产品经理","千问C端事业群 / 产品类 / 千问C端事业群秋季2026届应届生招聘","","","产品类","freshman","千问C端事业群秋季2026届应届生招聘","北京 / 广州 / 杭州","2025-08-13","modifyTime","","1755055362000","https://talent.quark.cn/campus/position/199900300006","阿里巴巴智能信息事业群，聚焦AI在信息服务赛道的创新应用，从工具到服务，持续为用户提供高效、智能的AI应用。智能信息事业群核心产品为夸克、通义、UC浏览器、书旗小说、超级汇川等，以多产品矩阵，覆盖横跨各年龄段的7亿+用户人群，服务超10万+客户。

当科技的浪潮呼啸向前，AI 正重塑世界的模样。加入成为阿里智信的产品经理，你将有机会参与智信各个领域的产品，不是成为时代的旁观者，而是作为变革的缔造者，用思考和创新驱动技术和商业的超速进程，让创意和想法落地生花。","我们正在寻找对产品有热情有追求的你，用伟大的产品和未来对话：
1、我们希望你有强大的创造力，保持对产品的信仰和热情，始终用一颗好奇心思考事物的本质，自我驱动，果敢判断，并关注细节；
2、坚持做长期正确的事，始终把实现客户价值放在首位，定义产品的温度与价值；
3、对数据有敏锐嗅觉，不满足于 “是什么”，更要追问 “为什么”，从细微洞察数字中的巨大能量；

一段全新、有挑战的旅程正待开启！为了更全面的展现你自己，你还可以在简历中附上你认为自己最有意思的爱好、特长、经历，或是对未来的畅想，没有限制，此项非必填。加入我们，一起打开新的未来！","我们正在寻找对产品有热情有追求的你，用伟大的产品和未来对话：
1、我们希望你有强大的创造力，保持对产品的信仰和热情，始终用一颗好奇心思考事物的本质，自我驱动，果敢判断，并关注细节；
2、坚持做长期正确的事，始终把实现客户价值放在首位，定义产品的温度与价值；
3、对数据有敏锐嗅觉，不满足于 “是什么”，更要追问 “为什么”，从细微洞察数字中的巨大能量；

一段全新、有挑战的旅程正待开启！为了更全面的展现你自己，你还可以在简历中附上你认为自己最有意思的爱好、特长、经历，或是对未来的畅想，没有限制，此项非必填。加入我们，一起打开新的未来！","岗位职责：
阿里巴巴智能信息事业群，聚焦AI在信息服务赛道的创新应用，从工具到服务，持续为用户提供高效、智能的AI应用。智能信息事业群核心产品为夸克、通义、UC浏览器、书旗小说、超级汇川等，以多产品矩阵，覆盖横跨各年龄段的7亿+用户人群，服务超10万+客户。

当科技的浪潮呼啸向前，AI 正重塑世界的模样。加入成为阿里智信的产品经理，你将有机会参与智信各个领域的产品，不是成为时代的旁观者，而是作为变革的缔造者，用思考和创新驱动技术和商业的超速进程，让创意和想法落地生花。

任职要求：
我们正在寻找对产品有热情有追求的你，用伟大的产品和未来对话：
1、我们希望你有强大的创造力，保持对产品的信仰和热情，始终用一颗好奇心思考事物的本质，自我驱动，果敢判断，并关注细节；
2、坚持做长期正确的事，始终把实现客户价值放在首位，定义产品的温度与价值；
3、对数据有敏锐嗅觉，不满足于 “是什么”，更要追问 “为什么”，从细微洞察数字中的巨大能量；

一段全新、有挑战的旅程正待开启！为了更全面的展现你自己，你还可以在简历中附上你认为自己最有意思的爱好、特长、经历，或是对未来的畅想，没有限制，此项非必填。加入我们，一起打开新的未来！","千问C端事业群","recruit","E:\CLX\project\interview-copilot-desktop\JD\阿里系\千问.txt"
"千问","https://talent.quark.cn","199900300007","产品运营","千问C端事业群 / 运营类 / 千问C端事业群秋季2026届应届生招聘","","","运营类","freshman","千问C端事业群秋季2026届应届生招聘","北京 / 广州 / 杭州","2025-08-13","modifyTime","","1755055354000","https://talent.quark.cn/campus/position/199900300007","阿里巴巴智能信息事业群，聚焦AI在信息服务赛道的创新应用，从工具到服务，持续为用户提供高效、智能的AI应用。智能信息事业群核心产品为夸克、通义、UC浏览器、书旗小说、超级汇川等，以多产品矩阵，覆盖横跨各年龄段的7亿+用户人群，服务超10万+客户。

当科技的浪潮呼啸向前，AI 正重塑世界的模样。加入成为阿里智信的产品经理，你将有机会参与智信各个领域的产品，不是成为时代的旁观者，而是作为变革的缔造者，用思考和创新驱动技术和商业的超速进程，让创意和想法落地生花。","我们希望你：
1、学习能力强，对新事物保有好奇心，并能快速适应新环境；
2、良好的沟通能力和团队协同能力；能与他人合作，共同完成目标；
3、对所在领域有热情，相信方法总比困难多，善于独立思考并反思总结；

一段全新、有意思的旅程正待开启！为了更全面的展现你自己，你还可以在简历中附上你认为自己最有意思的爱好、特长、经历，或是对未来有意思的畅想，没有限制，此项非必填。加入我们，一起打开有意思的未来！","我们希望你：
1、学习能力强，对新事物保有好奇心，并能快速适应新环境；
2、良好的沟通能力和团队协同能力；能与他人合作，共同完成目标；
3、对所在领域有热情，相信方法总比困难多，善于独立思考并反思总结；

一段全新、有意思的旅程正待开启！为了更全面的展现你自己，你还可以在简历中附上你认为自己最有意思的爱好、特长、经历，或是对未来有意思的畅想，没有限制，此项非必填。加入我们，一起打开有意思的未来！","岗位职责：
阿里巴巴智能信息事业群，聚焦AI在信息服务赛道的创新应用，从工具到服务，持续为用户提供高效、智能的AI应用。智能信息事业群核心产品为夸克、通义、UC浏览器、书旗小说、超级汇川等，以多产品矩阵，覆盖横跨各年龄段的7亿+用户人群，服务超10万+客户。

当科技的浪潮呼啸向前，AI 正重塑世界的模样。加入成为阿里智信的产品经理，你将有机会参与智信各个领域的产品，不是成为时代的旁观者，而是作为变革的缔造者，用思考和创新驱动技术和商业的超速进程，让创意和想法落地生花。

任职要求：
我们希望你：
1、学习能力强，对新事物保有好奇心，并能快速适应新环境；
2、良好的沟通能力和团队协同能力；能与他人合作，共同完成目标；
3、对所在领域有热情，相信方法总比困难多，善于独立思考并反思总结；

一段全新、有意思的旅程正待开启！为了更全面的展现你自己，你还可以在简历中附上你认为自己最有意思的爱好、特长、经历，或是对未来有意思的畅想，没有限制，此项非必填。加入我们，一起打开有意思的未来！","千问C端事业群","recruit","E:\CLX\project\interview-copilot-desktop\JD\阿里系\千问.txt"
"千问","https://talent.quark.cn","199900320002","基础平台研发工程师","千问C端事业群 / 技术类 / 千问C端事业群秋季2026届应届生招聘","","","技术类","freshman","千问C端事业群秋季2026届应届生招聘","北京 / 广州 / 杭州","2025-08-13","modifyTime","","1755055335000","https://talent.quark.cn/campus/position/199900320002","阿里巴巴智能信息事业群，聚焦AI在信息服务赛道的创新应用，从工具到服务，持续为用户提供高效、智能的AI应用。智能信息事业群核心产品为夸克、通义、UC浏览器、书旗小说、超级汇川等，以多产品矩阵，覆盖横跨各年龄段的7亿+用户人群，服务超10万+客户。
负责智能信息基础技术平台系统相关研发，包括不限于以下方向：
1、构建高效可靠的云原生容器平台、提出资源优化模型以提升业务资源效率、参与机器学习工程平台的建设和优化，以及运用技术和标准化方案确保平台服务的稳定性和可维护性。
2、负责开发和优化大模型应用开发框架，创造高效的搜索应用解决方案，并深度参与智能信息系统的基础架构与组件开发，以确保技术的高效集成与实际落地。
3、开发和优化搜索引擎，高并发检索、大数据分布式存储及流批计算等系统，深入搜索业务需求设计实现解决方案，不断提高业务性能、系统稳定性，提升系统效率和成本效益。
4、开发和优化推荐引擎、模型预测和向量检索等基础系统，深入参与信息流推荐业务以实现业务需求，同时基于业务洞察设计新平台或改进现有系统，提升系统效率和成本效益。
5、开发和优化实验平台与系统，紧跟AB测试技术前沿，为业务提供精准的实验设计和分析、优化关键指标，并应用算法提高业务参数寻优的效果和效率。	
6、具备数理统计基础，在数据科学、数据分析方向有经验者优先。","1. 熟练掌握C/C++/java/Go等开发语言，掌握Python、shell等脚本语言，具有扎实的操作系统，TCP/IP网络，基础算法和数据结果背景知识；
2. 有丰富的linux后台开发经验，熟练掌握服务端架构设计、开发和调试技能；
3、对技术充满热情，能够持续学习、独立思考和反思总结，具备复杂需求及技术的研究能力；
4、具备面向对象的程序设计能力，熟悉常用的设计模式及其应用场景。善于进行需求分解、团队沟通协作。
5、熟悉开源系统，了解Tair、Redis、Lucene，K8s，Docker，TensorFlow等任一系统者优先；
6、对容器和基础设施相关领域的生技术充满热情，在Kubernetes、Serverless平台、运维平台等方向有经验者优先；
7、熟悉常用特征工程方法、机器学习算法，在海量数据处理上有经验者优先；","1. 熟练掌握C/C++/java/Go等开发语言，掌握Python、shell等脚本语言，具有扎实的操作系统，TCP/IP网络，基础算法和数据结果背景知识；
2. 有丰富的linux后台开发经验，熟练掌握服务端架构设计、开发和调试技能；
3、对技术充满热情，能够持续学习、独立思考和反思总结，具备复杂需求及技术的研究能力；
4、具备面向对象的程序设计能力，熟悉常用的设计模式及其应用场景。善于进行需求分解、团队沟通协作。
5、熟悉开源系统，了解Tair、Redis、Lucene，K8s，Docker，TensorFlow等任一系统者优先；
6、对容器和基础设施相关领域的生技术充满热情，在Kubernetes、Serverless平台、运维平台等方向有经验者优先；
7、熟悉常用特征工程方法、机器学习算法，在海量数据处理上有经验者优先；","岗位职责：
阿里巴巴智能信息事业群，聚焦AI在信息服务赛道的创新应用，从工具到服务，持续为用户提供高效、智能的AI应用。智能信息事业群核心产品为夸克、通义、UC浏览器、书旗小说、超级汇川等，以多产品矩阵，覆盖横跨各年龄段的7亿+用户人群，服务超10万+客户。
负责智能信息基础技术平台系统相关研发，包括不限于以下方向：
1、构建高效可靠的云原生容器平台、提出资源优化模型以提升业务资源效率、参与机器学习工程平台的建设和优化，以及运用技术和标准化方案确保平台服务的稳定性和可维护性。
2、负责开发和优化大模型应用开发框架，创造高效的搜索应用解决方案，并深度参与智能信息系统的基础架构与组件开发，以确保技术的高效集成与实际落地。
3、开发和优化搜索引擎，高并发检索、大数据分布式存储及流批计算等系统，深入搜索业务需求设计实现解决方案，不断提高业务性能、系统稳定性，提升系统效率和成本效益。
4、开发和优化推荐引擎、模型预测和向量检索等基础系统，深入参与信息流推荐业务以实现业务需求，同时基于业务洞察设计新平台或改进现有系统，提升系统效率和成本效益。
5、开发和优化实验平台与系统，紧跟AB测试技术前沿，为业务提供精准的实验设计和分析、优化关键指标，并应用算法提高业务参数寻优的效果和效率。	
6、具备数理统计基础，在数据科学、数据分析方向有经验者优先。

任职要求：
1. 熟练掌握C/C++/java/Go等开发语言，掌握Python、shell等脚本语言，具有扎实的操作系统，TCP/IP网络，基础算法和数据结果背景知识；
2. 有丰富的linux后台开发经验，熟练掌握服务端架构设计、开发和调试技能；
3、对技术充满热情，能够持续学习、独立思考和反思总结，具备复杂需求及技术的研究能力；
4、具备面向对象的程序设计能力，熟悉常用的设计模式及其应用场景。善于进行需求分解、团队沟通协作。
5、熟悉开源系统，了解Tair、Redis、Lucene，K8s，Docker，TensorFlow等任一系统者优先；
6、对容器和基础设施相关领域的生技术充满热情，在Kubernetes、Serverless平台、运维平台等方向有经验者优先；
7、熟悉常用特征工程方法、机器学习算法，在海量数据处理上有经验者优先；","千问C端事业群","recruit","E:\CLX\project\interview-copilot-desktop\JD\阿里系\千问.txt"
"千问","https://talent.quark.cn","199900220005","客户端开发工程师-iOS","千问C端事业群 / 技术类 / 千问C端事业群秋季2026届应届生招聘","","","技术类","freshman","千问C端事业群秋季2026届应届生招聘","北京 / 广州 / 杭州","2025-08-13","modifyTime","","1755055329000","https://talent.quark.cn/campus/position/199900220005","阿里巴巴智能信息事业群，聚焦AI在信息服务赛道的创新应用，从工具到服务，持续为用户提供高效、智能的AI应用。智能信息事业群核心产品为夸克、通义、UC浏览器、书旗小说、超级汇川等，以多产品矩阵，覆盖横跨各年龄段的7亿+用户人群，服务超10万+客户。

如果你，期望参与跨平台Native中间件开发； 
如果你，期望参与跨平台网络中间件、H5容器、Native容器的开发； 
如果你，期望参与语音识别、图像识别、地理围栏、虚拟试妆、3D建模、AR/VR等领域的开发； 
如果你，期望参与无线电商的首页、交易主链路、登陆、店铺等基础组件维护与开发； 
如果你，期望参与iOS系统平台整体架构设计、运行期性能优化、设计动态化可扩展的组件、框架、容器,提升整体研发质量和效率； 
那还犹豫什么，赶紧加入我们吧！","熟悉iOS平台原理机制,具备客户端性能优化的经验有一定软件架构设计能力，熟悉常见的异步、同步、多线程、跨进程、组件、容器的设计方法；
具备扎实的数据结构和计算机系统基础，编码功底扎实；
具备C++跨平台开发经验；
具备创新业务技术攻关和落地能力者优先（不限于算法、生物识别、图形图像、3D建模、AR、多媒体等领域）；
具有优秀的分析和解决实际问题的能力和态度，有创业的激情；
重视用户体验积极尝试各种新技术选择最佳实现与我们的产品有效结合，从中获取喜悦和成就感；
英雄不论出身，专业和学历都是过眼云烟，我们在乎的只有你，有你的加入，是我们最大的荣幸！

同时，我们还希望你：
1、学习能力强，对新事物保有好奇心，并能快速适应新环境；
2、有良好的沟通能力和团队协同能力；能与他人合作，共同完成目标；
3、对所在领域有热情，相信方法总比困难多，善于独立思考并反思总结；

一段全新、有意思的旅程正待开启！为了更全面的展现你自己，你还可以在简历中附上你认为自己最有意思的爱好、特长、经历，或是对未来有意思的畅想，没有限制，此项非必填。加入我们，一起打开有意思的未来！","熟悉iOS平台原理机制,具备客户端性能优化的经验有一定软件架构设计能力，熟悉常见的异步、同步、多线程、跨进程、组件、容器的设计方法；
具备扎实的数据结构和计算机系统基础，编码功底扎实；
具备C++跨平台开发经验；
具备创新业务技术攻关和落地能力者优先（不限于算法、生物识别、图形图像、3D建模、AR、多媒体等领域）；
具有优秀的分析和解决实际问题的能力和态度，有创业的激情；
重视用户体验积极尝试各种新技术选择最佳实现与我们的产品有效结合，从中获取喜悦和成就感；
英雄不论出身，专业和学历都是过眼云烟，我们在乎的只有你，有你的加入，是我们最大的荣幸！

同时，我们还希望你：
1、学习能力强，对新事物保有好奇心，并能快速适应新环境；
2、有良好的沟通能力和团队协同能力；能与他人合作，共同完成目标；
3、对所在领域有热情，相信方法总比困难多，善于独立思考并反思总结；

一段全新、有意思的旅程正待开启！为了更全面的展现你自己，你还可以在简历中附上你认为自己最有意思的爱好、特长、经历，或是对未来有意思的畅想，没有限制，此项非必填。加入我们，一起打开有意思的未来！","岗位职责：
阿里巴巴智能信息事业群，聚焦AI在信息服务赛道的创新应用，从工具到服务，持续为用户提供高效、智能的AI应用。智能信息事业群核心产品为夸克、通义、UC浏览器、书旗小说、超级汇川等，以多产品矩阵，覆盖横跨各年龄段的7亿+用户人群，服务超10万+客户。

如果你，期望参与跨平台Native中间件开发； 
如果你，期望参与跨平台网络中间件、H5容器、Native容器的开发； 
如果你，期望参与语音识别、图像识别、地理围栏、虚拟试妆、3D建模、AR/VR等领域的开发； 
如果你，期望参与无线电商的首页、交易主链路、登陆、店铺等基础组件维护与开发； 
如果你，期望参与iOS系统平台整体架构设计、运行期性能优化、设计动态化可扩展的组件、框架、容器,提升整体研发质量和效率； 
那还犹豫什么，赶紧加入我们吧！

任职要求：
熟悉iOS平台原理机制,具备客户端性能优化的经验有一定软件架构设计能力，熟悉常见的异步、同步、多线程、跨进程、组件、容器的设计方法；
具备扎实的数据结构和计算机系统基础，编码功底扎实；
具备C++跨平台开发经验；
具备创新业务技术攻关和落地能力者优先（不限于算法、生物识别、图形图像、3D建模、AR、多媒体等领域）；
具有优秀的分析和解决实际问题的能力和态度，有创业的激情；
重视用户体验积极尝试各种新技术选择最佳实现与我们的产品有效结合，从中获取喜悦和成就感；
英雄不论出身，专业和学历都是过眼云烟，我们在乎的只有你，有你的加入，是我们最大的荣幸！

同时，我们还希望你：
1、学习能力强，对新事物保有好奇心，并能快速适应新环境；
2、有良好的沟通能力和团队协同能力；能与他人合作，共同完成目标；
3、对所在领域有热情，相信方法总比困难多，善于独立思考并反思总结；

一段全新、有意思的旅程正待开启！为了更全面的展现你自己，你还可以在简历中附上你认为自己最有意思的爱好、特长、经历，或是对未来有意思的畅想，没有限制，此项非必填。加入我们，一起打开有意思的未来！","千问C端事业群","recruit","E:\CLX\project\interview-copilot-desktop\JD\阿里系\千问.txt"
"千问","https://talent.quark.cn","199900220006","客户端开发工程师-Android","千问C端事业群 / 技术类 / 千问C端事业群秋季2026届应届生招聘","","","技术类","freshman","千问C端事业群秋季2026届应届生招聘","北京 / 广州 / 杭州","2025-08-13","modifyTime","","1755055321000","https://talent.quark.cn/campus/position/199900220006","阿里巴巴智能信息事业群，聚焦AI在信息服务赛道的创新应用，从工具到服务，持续为用户提供高效、智能的AI应用。智能信息事业群核心产品为夸克、通义、UC浏览器、书旗小说、超级汇川等，以多产品矩阵，覆盖横跨各年龄段的7亿+用户人群，服务超10万+客户。

1、负责无线客户端和SDK产品的架构设计和开发工作；
2、结合数据指标驱动和分析，不断深化无线客户端技术产品，优化客户端应用的性能以及提升客户端体验 ；
3、独立负责平台相关的 Android各机型的适配和优化；
4、独立负责Android技术难题攻关，解决各种系统限制而导致一些技术和用户体验问题；
5、移动平台技术研究与新技术新趋势探索。","1、深刻了解移动客户端特性，有Android客户端开发经验，独立开发过 APP，有经历过大型APP的研发周期者优先；
2、熟悉Android SDK以及相关配套工具；
3、了解Android Framework层，并有一定Android源码阅读经验；
4、除了Android之外，具备其它方面开发经验的优先，比如具有前端技能或脚本技能优先；
5、具有ACM/OI等算法经历、对一些底层或框架（JVM/Android ROM/Linux/Flutter等）、以及行业技术（图片编解码/机器学习等）有深入了解者为佳（plus）；
6、思维敏捷，可以应付各类编程复杂问题，并迅速给出解决方案。

同时，我们还希望你：
1、学习能力强，对新事物保有好奇心，并能快速适应新环境；
2、良好的沟通能力和团队协同能力；能与他人合作，共同完成目标；
3、对所在领域有热情，相信方法总比困难多，善于独立思考并反思总结。

一段全新、有意思的旅程正待开启！为了更全面的展现你自己，你还可以在简历中附上你认为自己最有意思的爱好、特长、经历，或是对未来有意思的畅想，没有限制，此项非必填。加入我们，一起打开有意思的未来！","1、深刻了解移动客户端特性，有Android客户端开发经验，独立开发过 APP，有经历过大型APP的研发周期者优先；
2、熟悉Android SDK以及相关配套工具；
3、了解Android Framework层，并有一定Android源码阅读经验；
4、除了Android之外，具备其它方面开发经验的优先，比如具有前端技能或脚本技能优先；
5、具有ACM/OI等算法经历、对一些底层或框架（JVM/Android ROM/Linux/Flutter等）、以及行业技术（图片编解码/机器学习等）有深入了解者为佳（plus）；
6、思维敏捷，可以应付各类编程复杂问题，并迅速给出解决方案。

同时，我们还希望你：
1、学习能力强，对新事物保有好奇心，并能快速适应新环境；
2、良好的沟通能力和团队协同能力；能与他人合作，共同完成目标；
3、对所在领域有热情，相信方法总比困难多，善于独立思考并反思总结。

一段全新、有意思的旅程正待开启！为了更全面的展现你自己，你还可以在简历中附上你认为自己最有意思的爱好、特长、经历，或是对未来有意思的畅想，没有限制，此项非必填。加入我们，一起打开有意思的未来！","岗位职责：
阿里巴巴智能信息事业群，聚焦AI在信息服务赛道的创新应用，从工具到服务，持续为用户提供高效、智能的AI应用。智能信息事业群核心产品为夸克、通义、UC浏览器、书旗小说、超级汇川等，以多产品矩阵，覆盖横跨各年龄段的7亿+用户人群，服务超10万+客户。

1、负责无线客户端和SDK产品的架构设计和开发工作；
2、结合数据指标驱动和分析，不断深化无线客户端技术产品，优化客户端应用的性能以及提升客户端体验 ；
3、独立负责平台相关的 Android各机型的适配和优化；
4、独立负责Android技术难题攻关，解决各种系统限制而导致一些技术和用户体验问题；
5、移动平台技术研究与新技术新趋势探索。

任职要求：
1、深刻了解移动客户端特性，有Android客户端开发经验，独立开发过 APP，有经历过大型APP的研发周期者优先；
2、熟悉Android SDK以及相关配套工具；
3、了解Android Framework层，并有一定Android源码阅读经验；
4、除了Android之外，具备其它方面开发经验的优先，比如具有前端技能或脚本技能优先；
5、具有ACM/OI等算法经历、对一些底层或框架（JVM/Android ROM/Linux/Flutter等）、以及行业技术（图片编解码/机器学习等）有深入了解者为佳（plus）；
6、思维敏捷，可以应付各类编程复杂问题，并迅速给出解决方案。

同时，我们还希望你：
1、学习能力强，对新事物保有好奇心，并能快速适应新环境；
2、良好的沟通能力和团队协同能力；能与他人合作，共同完成目标；
3、对所在领域有热情，相信方法总比困难多，善于独立思考并反思总结。

一段全新、有意思的旅程正待开启！为了更全面的展现你自己，你还可以在简历中附上你认为自己最有意思的爱好、特长、经历，或是对未来有意思的畅想，没有限制，此项非必填。加入我们，一起打开有意思的未来！","千问C端事业群","recruit","E:\CLX\project\interview-copilot-desktop\JD\阿里系\千问.txt"
"千问","https://talent.quark.cn","199900220007","离线数据系统研发工程师","千问C端事业群 / 技术类 / 千问C端事业群秋季2026届应届生招聘","","","技术类","freshman","千问C端事业群秋季2026届应届生招聘","北京 / 杭州","2025-08-13","modifyTime","","1755055316000","https://talent.quark.cn/campus/position/199900220007","阿里巴巴智能信息事业群，聚焦AI在信息服务赛道的创新应用，从工具到服务，持续为用户提供高效、智能的AI应用。智能信息事业群核心产品为夸克、通义、UC浏览器、书旗小说、超级汇川等，以多产品矩阵，覆盖横跨各年龄段的7亿+用户人群，服务超10万+客户。

如果你想加入到业界最先进的文本及多模态大模型的训练和Agent应用相关的项目中；
如果你想参与内容数据的采集、存储及处理，支持大模型训练语料及AI搜索业务数据供给； 
如果你想接触世界领先的大数据处理与应用的技术和平台，获得大数据浪潮之巅的各类大牛的指导；
那就加入我们吧！","如果你有强的动手能力和学习能力，熟悉一门数据处理语言，如JAVA、Python、C++，熟悉unix或者linux操作；
如果你具备扎实的专业基础，良好的沟通能力和团队合作，主动积极，乐于面对挑战；
如果你有参与过网页、文档、图片、音视频等各类内容数据的采集、处理、标注、可视化等相关项目更好；
如果你对Hadoop、Hbase、Flink、Kafka、Spark、Redis等分布式平台和中间件有一定的理解更好；
那么成为数据工程师吧，这里就是你的舞台。","如果你有强的动手能力和学习能力，熟悉一门数据处理语言，如JAVA、Python、C++，熟悉unix或者linux操作；
如果你具备扎实的专业基础，良好的沟通能力和团队合作，主动积极，乐于面对挑战；
如果你有参与过网页、文档、图片、音视频等各类内容数据的采集、处理、标注、可视化等相关项目更好；
如果你对Hadoop、Hbase、Flink、Kafka、Spark、Redis等分布式平台和中间件有一定的理解更好；
那么成为数据工程师吧，这里就是你的舞台。","岗位职责：
阿里巴巴智能信息事业群，聚焦AI在信息服务赛道的创新应用，从工具到服务，持续为用户提供高效、智能的AI应用。智能信息事业群核心产品为夸克、通义、UC浏览器、书旗小说、超级汇川等，以多产品矩阵，覆盖横跨各年龄段的7亿+用户人群，服务超10万+客户。

如果你想加入到业界最先进的文本及多模态大模型的训练和Agent应用相关的项目中；
如果你想参与内容数据的采集、存储及处理，支持大模型训练语料及AI搜索业务数据供给； 
如果你想接触世界领先的大数据处理与应用的技术和平台，获得大数据浪潮之巅的各类大牛的指导；
那就加入我们吧！

任职要求：
如果你有强的动手能力和学习能力，熟悉一门数据处理语言，如JAVA、Python、C++，熟悉unix或者linux操作；
如果你具备扎实的专业基础，良好的沟通能力和团队合作，主动积极，乐于面对挑战；
如果你有参与过网页、文档、图片、音视频等各类内容数据的采集、处理、标注、可视化等相关项目更好；
如果你对Hadoop、Hbase、Flink、Kafka、Spark、Redis等分布式平台和中间件有一定的理解更好；
那么成为数据工程师吧，这里就是你的舞台。","千问C端事业群","recruit","E:\CLX\project\interview-copilot-desktop\JD\阿里系\千问.txt"
"千问","https://talent.quark.cn","199900320003","内容运营","千问C端事业群 / 运营类 / 千问C端事业群秋季2026届应届生招聘","","","运营类","freshman","千问C端事业群秋季2026届应届生招聘","广州","2025-08-13","modifyTime","","1755055309000","https://talent.quark.cn/campus/position/199900320003","阿里巴巴智能信息事业群，聚焦AI在信息服务赛道的创新应用，从工具到服务，持续为用户提供高效、智能的AI应用。智能信息事业群核心产品为夸克、通义、UC浏览器、书旗小说、超级汇川等，以多产品矩阵，覆盖横跨各年龄段的7亿+用户人群，服务超10万+客户。

1、负责站内/App端产品的内容运营，包括内容规划与组织等工作，提升体验树立心智；
2、善于即时捕捉热点、市场主题、策划并运营重点传播渠道的合作关系，包括但不限于内容服务、热点话题类栏目、MCN、VLOG博主，视频制作公司，相关视频行业用户等；
3、能够洞察用户需求，熟悉平台运营的逻辑和数据，以内容为抓手，推动产品和运营创新，促进产品发展。","我们希望你
1、具备数据分析运营能力，对用户需求和数据敏感，从用户视角和产品体验出发推动变化，有对互联网的理解；
2、有很强的责任心和ownership，具备独立和系统化的思维方式，有逻辑有思考，沟通和协同能力良好，能够协助推动项目并拿到结果；
3、知识面广，内容能力优秀，热爱视频行业，了解内容行业风向，能把握趋势和热点；
4、有快速学习、执行力，适应变化的能力和一定抗压能力和良好的团队合作精神；
5、具有语言能力或是工具使用如Excel，Photoshop，Dreamweaver等媒体办公软件, 有视频剪辑能力为加分项；

一段全新、有意思的旅程正待开启！为了更全面的展现你自己，你还可以在简历中附上你认为自己最有意思的爱好、特长、经历，或是对未来有意思的畅想，没有限制，此项非必填。加入我们，一起打开有意思的未来！","我们希望你
1、具备数据分析运营能力，对用户需求和数据敏感，从用户视角和产品体验出发推动变化，有对互联网的理解；
2、有很强的责任心和ownership，具备独立和系统化的思维方式，有逻辑有思考，沟通和协同能力良好，能够协助推动项目并拿到结果；
3、知识面广，内容能力优秀，热爱视频行业，了解内容行业风向，能把握趋势和热点；
4、有快速学习、执行力，适应变化的能力和一定抗压能力和良好的团队合作精神；
5、具有语言能力或是工具使用如Excel，Photoshop，Dreamweaver等媒体办公软件, 有视频剪辑能力为加分项；

一段全新、有意思的旅程正待开启！为了更全面的展现你自己，你还可以在简历中附上你认为自己最有意思的爱好、特长、经历，或是对未来有意思的畅想，没有限制，此项非必填。加入我们，一起打开有意思的未来！","岗位职责：
阿里巴巴智能信息事业群，聚焦AI在信息服务赛道的创新应用，从工具到服务，持续为用户提供高效、智能的AI应用。智能信息事业群核心产品为夸克、通义、UC浏览器、书旗小说、超级汇川等，以多产品矩阵，覆盖横跨各年龄段的7亿+用户人群，服务超10万+客户。

1、负责站内/App端产品的内容运营，包括内容规划与组织等工作，提升体验树立心智；
2、善于即时捕捉热点、市场主题、策划并运营重点传播渠道的合作关系，包括但不限于内容服务、热点话题类栏目、MCN、VLOG博主，视频制作公司，相关视频行业用户等；
3、能够洞察用户需求，熟悉平台运营的逻辑和数据，以内容为抓手，推动产品和运营创新，促进产品发展。

任职要求：
我们希望你
1、具备数据分析运营能力，对用户需求和数据敏感，从用户视角和产品体验出发推动变化，有对互联网的理解；
2、有很强的责任心和ownership，具备独立和系统化的思维方式，有逻辑有思考，沟通和协同能力良好，能够协助推动项目并拿到结果；
3、知识面广，内容能力优秀，热爱视频行业，了解内容行业风向，能把握趋势和热点；
4、有快速学习、执行力，适应变化的能力和一定抗压能力和良好的团队合作精神；
5、具有语言能力或是工具使用如Excel，Photoshop，Dreamweaver等媒体办公软件, 有视频剪辑能力为加分项；

一段全新、有意思的旅程正待开启！为了更全面的展现你自己，你还可以在简历中附上你认为自己最有意思的爱好、特长、经历，或是对未来有意思的畅想，没有限制，此项非必填。加入我们，一起打开有意思的未来！","千问C端事业群","recruit","E:\CLX\project\interview-copilot-desktop\JD\阿里系\千问.txt"
"千问","https://talent.quark.cn","199900260004","前端开发工程师","千问C端事业群 / 技术类 / 千问C端事业群秋季2026届应届生招聘","","","技术类","freshman","千问C端事业群秋季2026届应届生招聘","广州 / 杭州","2025-08-13","modifyTime","","1755055300000","https://talent.quark.cn/campus/position/199900260004","阿里巴巴智能信息事业群，聚焦AI在信息服务赛道的创新应用，从工具到服务，持续为用户提供高效、智能的AI应用。智能信息事业群核心产品为夸克、通义、UC浏览器、书旗小说、超级汇川等，以多产品矩阵，覆盖横跨各年龄段的7亿+用户人群，服务超10万+客户。
在这里，
你将有机会与交互设计师一起，美化产品线Web功能的设计；
有机会与视觉设计师一起，完成产品线Web功能的开发与实现；
有机会做全栈式开发；
有机会做移动端开发；
有机会做性能、架构等方面的改进与优化；
有机会自己亲手打造一个产品的从设计到发布；
你还将加入到我们业内最前沿Web技术的研究与开发中。","我们希望你，可以熟练使用各种Web前端技术，包括HTML(5)/CSS(3)/Javascript等，并有相关的项目开发经验或成果；
我们希望你，熟悉前端工程化，用过git，gulp或webpack等工具，最好有自己的github仓库；
我们希望你，有基于Ajax应用的开发经验，有NodeJS/Java开发经验，或者有移动端开发经验；
我们希望你，深刻理解Web标准，对可用性、可访问性等相关知识有实际的了解；
我们希望你，对算法、数据结构、建模有一定了解；
还等什么呢？快来加入我们，期待你的大展身手！

同时，我们还希望你：
1、学习能力强，对新事物保有好奇心，并能快速适应新环境；
2、良好的沟通能力和团队协同能力；能与他人合作，共同完成目标；
3、对所在领域有热情，相信方法总比困难多，善于独立思考并反思总结。

一段全新、有意思的旅程正待开启！为了更全面的展现你自己，你还可以在简历中附上你认为自己最有意思的爱好、特长、经历，或是对未来有意思的畅想，没有限制，此项非必填。加入我们，一起打开有意思的未来！","我们希望你，可以熟练使用各种Web前端技术，包括HTML(5)/CSS(3)/Javascript等，并有相关的项目开发经验或成果；
我们希望你，熟悉前端工程化，用过git，gulp或webpack等工具，最好有自己的github仓库；
我们希望你，有基于Ajax应用的开发经验，有NodeJS/Java开发经验，或者有移动端开发经验；
我们希望你，深刻理解Web标准，对可用性、可访问性等相关知识有实际的了解；
我们希望你，对算法、数据结构、建模有一定了解；
还等什么呢？快来加入我们，期待你的大展身手！

同时，我们还希望你：
1、学习能力强，对新事物保有好奇心，并能快速适应新环境；
2、良好的沟通能力和团队协同能力；能与他人合作，共同完成目标；
3、对所在领域有热情，相信方法总比困难多，善于独立思考并反思总结。

一段全新、有意思的旅程正待开启！为了更全面的展现你自己，你还可以在简历中附上你认为自己最有意思的爱好、特长、经历，或是对未来有意思的畅想，没有限制，此项非必填。加入我们，一起打开有意思的未来！","岗位职责：
阿里巴巴智能信息事业群，聚焦AI在信息服务赛道的创新应用，从工具到服务，持续为用户提供高效、智能的AI应用。智能信息事业群核心产品为夸克、通义、UC浏览器、书旗小说、超级汇川等，以多产品矩阵，覆盖横跨各年龄段的7亿+用户人群，服务超10万+客户。
在这里，
你将有机会与交互设计师一起，美化产品线Web功能的设计；
有机会与视觉设计师一起，完成产品线Web功能的开发与实现；
有机会做全栈式开发；
有机会做移动端开发；
有机会做性能、架构等方面的改进与优化；
有机会自己亲手打造一个产品的从设计到发布；
你还将加入到我们业内最前沿Web技术的研究与开发中。

任职要求：
我们希望你，可以熟练使用各种Web前端技术，包括HTML(5)/CSS(3)/Javascript等，并有相关的项目开发经验或成果；
我们希望你，熟悉前端工程化，用过git，gulp或webpack等工具，最好有自己的github仓库；
我们希望你，有基于Ajax应用的开发经验，有NodeJS/Java开发经验，或者有移动端开发经验；
我们希望你，深刻理解Web标准，对可用性、可访问性等相关知识有实际的了解；
我们希望你，对算法、数据结构、建模有一定了解；
还等什么呢？快来加入我们，期待你的大展身手！

同时，我们还希望你：
1、学习能力强，对新事物保有好奇心，并能快速适应新环境；
2、良好的沟通能力和团队协同能力；能与他人合作，共同完成目标；
3、对所在领域有热情，相信方法总比困难多，善于独立思考并反思总结。

一段全新、有意思的旅程正待开启！为了更全面的展现你自己，你还可以在简历中附上你认为自己最有意思的爱好、特长、经历，或是对未来有意思的畅想，没有限制，此项非必填。加入我们，一起打开有意思的未来！","千问C端事业群","recruit","E:\CLX\project\interview-copilot-desktop\JD\阿里系\千问.txt"
"千问","https://talent.quark.cn","199900280004","数据挖掘工程师","千问C端事业群 / 技术类 / 千问C端事业群秋季2026届应届生招聘","","","技术类","freshman","千问C端事业群秋季2026届应届生招聘","北京 / 广州 / 杭州","2025-08-13","modifyTime","","1755055294000","https://talent.quark.cn/campus/position/199900280004","阿里巴巴智能信息事业群，聚焦AI在信息服务赛道的创新应用，从工具到服务，持续为用户提供高效、智能的AI应用。智能信息事业群核心产品为夸克、通义、UC浏览器、书旗小说、超级汇川等，以多产品矩阵，覆盖横跨各年龄段的7亿+用户人群，服务超10万+客户。

如果你想接触和使用先进的机器学习的框架和统计方法设计方案，解决业务中的从未被解决过的问题； 
如果你想通过Python/R等流行的语言编写高效的机器学习算法，参与阿里巴巴集团智能信息事业群大数据体系的模型设计、开发、维护，通过元数据、质量体系有效的管理和组织EB级的数据；
如果你想参与阿里巴巴集团智能信息事业群大数据产品的研发，发挥你的商业Sense，通过数据分析和算法来洞察数据背后的机会，来探索大数据商业化，释放大数据的价值；
如果你想接触世界领先的大数据处理与应用的技术和平台，获得大数据浪潮之巅的各类大牛的指导； 
那就加入我们吧！","如果你有强的动手能力和学习能力，熟悉一门数据科学语言，如Python、R、SQL、Java、Perl等，或熟悉Unix或者Linux操作；
如果你具备扎实的专业基础和数理逻辑，良好的沟通能力和团队合作，主动积极，乐于面对挑战；
如果你有参与过数据处理、分析、挖掘、算法等相关项目更好；
如果你有大数据操作的实际经验，对Hadoop、Hive、Hbase等分布式平台有一定的理解更好；
那么成为团队的一员吧，这里就是你的舞台。 
一段全新、有意思的旅程正待开启！为了更全面的展现你自己，你还可以在简历中附上你认为自己最有意思的爱好、特长、经历，或是对未来有意思的畅想，没有限制，此项非必填。加入我们，一起打开有意思的未来！","如果你有强的动手能力和学习能力，熟悉一门数据科学语言，如Python、R、SQL、Java、Perl等，或熟悉Unix或者Linux操作；
如果你具备扎实的专业基础和数理逻辑，良好的沟通能力和团队合作，主动积极，乐于面对挑战；
如果你有参与过数据处理、分析、挖掘、算法等相关项目更好；
如果你有大数据操作的实际经验，对Hadoop、Hive、Hbase等分布式平台有一定的理解更好；
那么成为团队的一员吧，这里就是你的舞台。 
一段全新、有意思的旅程正待开启！为了更全面的展现你自己，你还可以在简历中附上你认为自己最有意思的爱好、特长、经历，或是对未来有意思的畅想，没有限制，此项非必填。加入我们，一起打开有意思的未来！","岗位职责：
阿里巴巴智能信息事业群，聚焦AI在信息服务赛道的创新应用，从工具到服务，持续为用户提供高效、智能的AI应用。智能信息事业群核心产品为夸克、通义、UC浏览器、书旗小说、超级汇川等，以多产品矩阵，覆盖横跨各年龄段的7亿+用户人群，服务超10万+客户。

如果你想接触和使用先进的机器学习的框架和统计方法设计方案，解决业务中的从未被解决过的问题； 
如果你想通过Python/R等流行的语言编写高效的机器学习算法，参与阿里巴巴集团智能信息事业群大数据体系的模型设计、开发、维护，通过元数据、质量体系有效的管理和组织EB级的数据；
如果你想参与阿里巴巴集团智能信息事业群大数据产品的研发，发挥你的商业Sense，通过数据分析和算法来洞察数据背后的机会，来探索大数据商业化，释放大数据的价值；
如果你想接触世界领先的大数据处理与应用的技术和平台，获得大数据浪潮之巅的各类大牛的指导； 
那就加入我们吧！

任职要求：
如果你有强的动手能力和学习能力，熟悉一门数据科学语言，如Python、R、SQL、Java、Perl等，或熟悉Unix或者Linux操作；
如果你具备扎实的专业基础和数理逻辑，良好的沟通能力和团队合作，主动积极，乐于面对挑战；
如果你有参与过数据处理、分析、挖掘、算法等相关项目更好；
如果你有大数据操作的实际经验，对Hadoop、Hive、Hbase等分布式平台有一定的理解更好；
那么成为团队的一员吧，这里就是你的舞台。 
一段全新、有意思的旅程正待开启！为了更全面的展现你自己，你还可以在简历中附上你认为自己最有意思的爱好、特长、经历，或是对未来有意思的畅想，没有限制，此项非必填。加入我们，一起打开有意思的未来！","千问C端事业群","recruit","E:\CLX\project\interview-copilot-desktop\JD\阿里系\千问.txt"
"千问","https://talent.quark.cn","199900300008","算法工程师 - 大模型","千问C端事业群 / 技术类 / 千问C端事业群秋季2026届应届生招聘","","","技术类","freshman","千问C端事业群秋季2026届应届生招聘","北京 / 杭州","2025-08-13","modifyTime","","1755055275000","https://talent.quark.cn/campus/position/199900300008","夸克大模型团队致力于自主构建面向未来通用人工智能（AGI）的多模态大规模预训练模型体系。依托领先的工程基础与业务生态，已实现千亿参数规模模型的高效训练与部署，在通用搜索、医疗健康、教育学习、智能创作、职场办公等核心领域形成深度应用。  

我们诚邀具备扎实算法功底与研究潜力的优秀应届毕业生加入，围绕大模型的前沿技术展开系统性探索与工程落地，共同推动智能体技术的演进。您将深入参与：
1. 大模型预训练与架构优化：涵盖语言/视觉/音频/多模态模型的结构设计、训练任务构建、参数高效扩展、知识引入与更新、推理效率优化等核心环节；
2. 对齐与强化学习优化：研究并实现以人类价值为导向的对齐算法，包括但不限于强化学习（如RLHF、RL-Reasoning）、偏好建模、多轮交互反馈等，提升模型稳定性、可控性与泛化能力；
3. 多模态生成与理解：基于LLM与CV/NLP前沿交叉技术，构建面向复杂场景的图文/视频理解与生成模型，推动模型在各行各业的落地；
4. 技术-应用一体化创新：通过模型与场景的深度耦合，推进大模型能力在实际业务中的最优表达，构建具备长期价值的智能系统。","我们希望你
1. 具备出色的编程与工程实现能力，精通至少一门主流开发语言（如 C/C++、Java、Python 等）；
2. 在自然语言处理、计算机视觉、多模态建模或通用人工智能等方向具有良好学术基础与实践能力，熟悉深度学习主流框架（如 PyTorch、TensorFlow）；
3. 对大模型、预训练方法、对齐技术、多模态理解等有一定了解，有大模型相关研究或落地经验者优先；
4. 具备良好的科研能力，在相关领域国际顶级会议（ACL、EMNLP、CVPR、ICCV、NeurIPS、ICLR、AAAI 等）有论文发表者优先；
5. 拥有扎实的数学与统计基础，具备优秀的英文文献阅读与技术写作能力；
6. 计算机科学、人工智能、电子工程、数学、统计学等相关专业硕士及以上学历优先。","我们希望你
1. 具备出色的编程与工程实现能力，精通至少一门主流开发语言（如 C/C++、Java、Python 等）；
2. 在自然语言处理、计算机视觉、多模态建模或通用人工智能等方向具有良好学术基础与实践能力，熟悉深度学习主流框架（如 PyTorch、TensorFlow）；
3. 对大模型、预训练方法、对齐技术、多模态理解等有一定了解，有大模型相关研究或落地经验者优先；
4. 具备良好的科研能力，在相关领域国际顶级会议（ACL、EMNLP、CVPR、ICCV、NeurIPS、ICLR、AAAI 等）有论文发表者优先；
5. 拥有扎实的数学与统计基础，具备优秀的英文文献阅读与技术写作能力；
6. 计算机科学、人工智能、电子工程、数学、统计学等相关专业硕士及以上学历优先。","岗位职责：
夸克大模型团队致力于自主构建面向未来通用人工智能（AGI）的多模态大规模预训练模型体系。依托领先的工程基础与业务生态，已实现千亿参数规模模型的高效训练与部署，在通用搜索、医疗健康、教育学习、智能创作、职场办公等核心领域形成深度应用。  

我们诚邀具备扎实算法功底与研究潜力的优秀应届毕业生加入，围绕大模型的前沿技术展开系统性探索与工程落地，共同推动智能体技术的演进。您将深入参与：
1. 大模型预训练与架构优化：涵盖语言/视觉/音频/多模态模型的结构设计、训练任务构建、参数高效扩展、知识引入与更新、推理效率优化等核心环节；
2. 对齐与强化学习优化：研究并实现以人类价值为导向的对齐算法，包括但不限于强化学习（如RLHF、RL-Reasoning）、偏好建模、多轮交互反馈等，提升模型稳定性、可控性与泛化能力；
3. 多模态生成与理解：基于LLM与CV/NLP前沿交叉技术，构建面向复杂场景的图文/视频理解与生成模型，推动模型在各行各业的落地；
4. 技术-应用一体化创新：通过模型与场景的深度耦合，推进大模型能力在实际业务中的最优表达，构建具备长期价值的智能系统。

任职要求：
我们希望你
1. 具备出色的编程与工程实现能力，精通至少一门主流开发语言（如 C/C++、Java、Python 等）；
2. 在自然语言处理、计算机视觉、多模态建模或通用人工智能等方向具有良好学术基础与实践能力，熟悉深度学习主流框架（如 PyTorch、TensorFlow）；
3. 对大模型、预训练方法、对齐技术、多模态理解等有一定了解，有大模型相关研究或落地经验者优先；
4. 具备良好的科研能力，在相关领域国际顶级会议（ACL、EMNLP、CVPR、ICCV、NeurIPS、ICLR、AAAI 等）有论文发表者优先；
5. 拥有扎实的数学与统计基础，具备优秀的英文文献阅读与技术写作能力；
6. 计算机科学、人工智能、电子工程、数学、统计学等相关专业硕士及以上学历优先。","千问C端事业群","recruit","E:\CLX\project\interview-copilot-desktop\JD\阿里系\千问.txt"
"千问","https://talent.quark.cn","199900260006","算法工程师-多模态大模型","千问C端事业群 / 技术类 / 千问C端事业群秋季2026届应届生招聘","","","技术类","freshman","千问C端事业群秋季2026届应届生招聘","北京 / 杭州 / 上海","2025-08-13","modifyTime","","1755055248000","https://talent.quark.cn/campus/position/199900260006","1.从事多模态生成/理解大模型的研究与开发，包括但不局限多模态生成预训练、多模态理解、多模态数据处理、多模态后训练、多模态强化学习等跨模态算法的研发和优化，跟进并保持业界技术领先；
2.推进跨模态内容理解/生成前沿技术的创新落地。设计和优化现有算法，提高性能和准确性，确保高质量的用户体验；
3.关注多模态/NLP/CV等方向的前沿技术，及时将新技术应用到产品中。","1. 计算机视觉、自然语言处理、语音、机器学习、跨模态表征学习等相关专业的硕士生/博士生，有扎实的研发经验；
2. 熟练掌握pytorch、tensorflow等至少一种主流深度学习框架-能够独立实现前沿模型，有NLP/CV/ML顶会发表经验者。熟悉deepspeed/megatron/FSDP等大模型基础训练算法，对自回归模型和扩散模型等技术有深刻理解与认知，熟悉LLaMa、Qwen、FLUX和SD等开源模型，有大规模模型训练工程经验者优先。
3. 熟悉多模态大模型相关技术和应用场景，有相关项目经验者优先；
4. 良好的学术调研能力，良好的逻辑和数据分析能力，有高质量论文、开源项目、ACM竞赛经历、相关学术会议组织的权威比赛获奖经历或落地项目产出者优先。 
【加分项】
1. 在高影响力的开源项目中，做出过核心贡献；
2. 在国际竟赛（如：ACM ICPC,Kaggle,KDD Cup,SemEval等）中获得过优异成绩。","1. 计算机视觉、自然语言处理、语音、机器学习、跨模态表征学习等相关专业的硕士生/博士生，有扎实的研发经验；
2. 熟练掌握pytorch、tensorflow等至少一种主流深度学习框架-能够独立实现前沿模型，有NLP/CV/ML顶会发表经验者。熟悉deepspeed/megatron/FSDP等大模型基础训练算法，对自回归模型和扩散模型等技术有深刻理解与认知，熟悉LLaMa、Qwen、FLUX和SD等开源模型，有大规模模型训练工程经验者优先。
3. 熟悉多模态大模型相关技术和应用场景，有相关项目经验者优先；
4. 良好的学术调研能力，良好的逻辑和数据分析能力，有高质量论文、开源项目、ACM竞赛经历、相关学术会议组织的权威比赛获奖经历或落地项目产出者优先。 
【加分项】
1. 在高影响力的开源项目中，做出过核心贡献；
2. 在国际竟赛（如：ACM ICPC,Kaggle,KDD Cup,SemEval等）中获得过优异成绩。","岗位职责：
1.从事多模态生成/理解大模型的研究与开发，包括但不局限多模态生成预训练、多模态理解、多模态数据处理、多模态后训练、多模态强化学习等跨模态算法的研发和优化，跟进并保持业界技术领先；
2.推进跨模态内容理解/生成前沿技术的创新落地。设计和优化现有算法，提高性能和准确性，确保高质量的用户体验；
3.关注多模态/NLP/CV等方向的前沿技术，及时将新技术应用到产品中。

任职要求：
1. 计算机视觉、自然语言处理、语音、机器学习、跨模态表征学习等相关专业的硕士生/博士生，有扎实的研发经验；
2. 熟练掌握pytorch、tensorflow等至少一种主流深度学习框架-能够独立实现前沿模型，有NLP/CV/ML顶会发表经验者。熟悉deepspeed/megatron/FSDP等大模型基础训练算法，对自回归模型和扩散模型等技术有深刻理解与认知，熟悉LLaMa、Qwen、FLUX和SD等开源模型，有大规模模型训练工程经验者优先。
3. 熟悉多模态大模型相关技术和应用场景，有相关项目经验者优先；
4. 良好的学术调研能力，良好的逻辑和数据分析能力，有高质量论文、开源项目、ACM竞赛经历、相关学术会议组织的权威比赛获奖经历或落地项目产出者优先。 
【加分项】
1. 在高影响力的开源项目中，做出过核心贡献；
2. 在国际竟赛（如：ACM ICPC,Kaggle,KDD Cup,SemEval等）中获得过优异成绩。","千问C端事业群","recruit","E:\CLX\project\interview-copilot-desktop\JD\阿里系\千问.txt"
"千问","https://talent.quark.cn","199900320004","算法工程师-机器学习","千问C端事业群 / 技术类 / 千问C端事业群秋季2026届应届生招聘","","","技术类","freshman","千问C端事业群秋季2026届应届生招聘","北京 / 广州 / 杭州","2025-08-13","modifyTime","","1755055242000","https://talent.quark.cn/campus/position/199900320004","1. 基于大规模用户行为，以效果为目标，建立并优化检索&推荐广告系统的基础算法和策略；
2. 应用AIGC、机器学习等技术，针对海量信息建模，挖掘潜在商业价值 -负责在线广告投放系统的核心技术创新与优化；
3. 提高在线广告的相关度、用户体验、投放效果及变现能力；
4. 基于用户行为数据建立用户生命周期、用户精细化分层及风控算法体系，设计用户增长和付费会员相关的算法和策略，深入业务分析洞察，发掘高质量增长的机会；","1. 熟悉常用机器学习算法，对模式识别、深度学习、增强学习、运筹学等相关领域，极佳的工程实现能力，精通C/C++、Java、Python等至少一门编程语言；
2. 良好的逻辑思维能力，和数据敏感度，能能够从海量数据中发现有价值的规律；
3. 优秀的分析和解决问题的能力，对挑战性问题充满激情；
4. 有DeepLearning的经验，有Linux下开发经验的，大规模数据处理经验优先。

同时，我们还希望你：
1、学习能力强，对新事物保有好奇心，并能快速适应新环境；
2、良好的沟通能力和团队协同能力；能与他人合作，共同完成目标；
3、对所在领域有热情，相信方法总比困难多，善于独立思考并反思总结。

一段全新、有意思的旅程正待开启！为了更全面的展现你自己，你还可以在简历中附上你认为自己最有意思的爱好、特长、经历，或是对未来有意思的畅想，没有限制，此项非必填。加入我们，一起打开有意思的未来！","1. 熟悉常用机器学习算法，对模式识别、深度学习、增强学习、运筹学等相关领域，极佳的工程实现能力，精通C/C++、Java、Python等至少一门编程语言；
2. 良好的逻辑思维能力，和数据敏感度，能能够从海量数据中发现有价值的规律；
3. 优秀的分析和解决问题的能力，对挑战性问题充满激情；
4. 有DeepLearning的经验，有Linux下开发经验的，大规模数据处理经验优先。

同时，我们还希望你：
1、学习能力强，对新事物保有好奇心，并能快速适应新环境；
2、良好的沟通能力和团队协同能力；能与他人合作，共同完成目标；
3、对所在领域有热情，相信方法总比困难多，善于独立思考并反思总结。

一段全新、有意思的旅程正待开启！为了更全面的展现你自己，你还可以在简历中附上你认为自己最有意思的爱好、特长、经历，或是对未来有意思的畅想，没有限制，此项非必填。加入我们，一起打开有意思的未来！","岗位职责：
1. 基于大规模用户行为，以效果为目标，建立并优化检索&推荐广告系统的基础算法和策略；
2. 应用AIGC、机器学习等技术，针对海量信息建模，挖掘潜在商业价值 -负责在线广告投放系统的核心技术创新与优化；
3. 提高在线广告的相关度、用户体验、投放效果及变现能力；
4. 基于用户行为数据建立用户生命周期、用户精细化分层及风控算法体系，设计用户增长和付费会员相关的算法和策略，深入业务分析洞察，发掘高质量增长的机会；

任职要求：
1. 熟悉常用机器学习算法，对模式识别、深度学习、增强学习、运筹学等相关领域，极佳的工程实现能力，精通C/C++、Java、Python等至少一门编程语言；
2. 良好的逻辑思维能力，和数据敏感度，能能够从海量数据中发现有价值的规律；
3. 优秀的分析和解决问题的能力，对挑战性问题充满激情；
4. 有DeepLearning的经验，有Linux下开发经验的，大规模数据处理经验优先。

同时，我们还希望你：
1、学习能力强，对新事物保有好奇心，并能快速适应新环境；
2、良好的沟通能力和团队协同能力；能与他人合作，共同完成目标；
3、对所在领域有热情，相信方法总比困难多，善于独立思考并反思总结。

一段全新、有意思的旅程正待开启！为了更全面的展现你自己，你还可以在简历中附上你认为自己最有意思的爱好、特长、经历，或是对未来有意思的畅想，没有限制，此项非必填。加入我们，一起打开有意思的未来！","千问C端事业群","recruit","E:\CLX\project\interview-copilot-desktop\JD\阿里系\千问.txt"
"千问","https://talent.quark.cn","199900220008","算法工程师-计算机视觉","千问C端事业群 / 技术类 / 千问C端事业群秋季2026届应届生招聘","","","技术类","freshman","千问C端事业群秋季2026届应届生招聘","北京 / 广州 / 杭州","2025-08-13","modifyTime","","1755055235000","https://talent.quark.cn/campus/position/199900220008","阿里巴巴智能信息事业群，聚焦AI在信息服务赛道的创新应用，从工具到服务，持续为用户提供高效、智能的AI应用。智能信息事业群核心产品为夸克、通义、UC浏览器、书旗小说、超级汇川等，以多产品矩阵，覆盖横跨各年龄段的7亿+用户人群，服务超10万+客户。

1、负责图像/视频的分析、诊断、搜索、合成等方面的算法研究、系统研发和产品开发，包括图像检测、图像分类、图像分割、图像跟踪、视频语义分析、人脸识别与分析、车辆与人员的检测识别与跟踪、工业与医学诊断、图像/视频搜索、页面分析与自动合成、OCR等；
2、负责图像/视频相关算法的前沿技术探索，包括机器学习方法以及深度学习在机器视觉中的应用，以及计算机视觉与自然语言处理、计算机图形学等相关领域的联合创新。","1、极佳的工程实现能力，熟练掌握C/C++、Java、Python等至少一门语言 ，ACM/ICPC、topcoder等编程比赛获奖者优先；
2、良好的科研能力，有成果发表在ICCV、CVPR、NeurIPS、ICML、TPAMI等国际顶级会议、期刊者优先 ；
3、良好的逻辑和数据分析能力，Kaggle、阿里天池大赛、以及相关学术会议组织的权威比赛获奖者优先；
4、熟悉计算机视觉、机器学习、图像/视频分析与处理等相关领域技术和应用，有大量实践经验者优先。

同时，我们还希望你：
1、学习能力强，对新事物保有好奇心，并能快速适应新环境；
2、良好的沟通能力和团队协同能力；能与他人合作，共同完成目标；
3、对所在领域有热情，相信方法总比困难多，善于独立思考并反思总结。

一段全新、有意思的旅程正待开启！为了更全面的展现你自己，你还可以在简历中附上你认为自己最有意思的爱好、特长、经历，或是对未来有意思的畅想，没有限制，此项非必填。加入我们，一起打开有意思的未来！","1、极佳的工程实现能力，熟练掌握C/C++、Java、Python等至少一门语言 ，ACM/ICPC、topcoder等编程比赛获奖者优先；
2、良好的科研能力，有成果发表在ICCV、CVPR、NeurIPS、ICML、TPAMI等国际顶级会议、期刊者优先 ；
3、良好的逻辑和数据分析能力，Kaggle、阿里天池大赛、以及相关学术会议组织的权威比赛获奖者优先；
4、熟悉计算机视觉、机器学习、图像/视频分析与处理等相关领域技术和应用，有大量实践经验者优先。

同时，我们还希望你：
1、学习能力强，对新事物保有好奇心，并能快速适应新环境；
2、良好的沟通能力和团队协同能力；能与他人合作，共同完成目标；
3、对所在领域有热情，相信方法总比困难多，善于独立思考并反思总结。

一段全新、有意思的旅程正待开启！为了更全面的展现你自己，你还可以在简历中附上你认为自己最有意思的爱好、特长、经历，或是对未来有意思的畅想，没有限制，此项非必填。加入我们，一起打开有意思的未来！","岗位职责：
阿里巴巴智能信息事业群，聚焦AI在信息服务赛道的创新应用，从工具到服务，持续为用户提供高效、智能的AI应用。智能信息事业群核心产品为夸克、通义、UC浏览器、书旗小说、超级汇川等，以多产品矩阵，覆盖横跨各年龄段的7亿+用户人群，服务超10万+客户。

1、负责图像/视频的分析、诊断、搜索、合成等方面的算法研究、系统研发和产品开发，包括图像检测、图像分类、图像分割、图像跟踪、视频语义分析、人脸识别与分析、车辆与人员的检测识别与跟踪、工业与医学诊断、图像/视频搜索、页面分析与自动合成、OCR等；
2、负责图像/视频相关算法的前沿技术探索，包括机器学习方法以及深度学习在机器视觉中的应用，以及计算机视觉与自然语言处理、计算机图形学等相关领域的联合创新。

任职要求：
1、极佳的工程实现能力，熟练掌握C/C++、Java、Python等至少一门语言 ，ACM/ICPC、topcoder等编程比赛获奖者优先；
2、良好的科研能力，有成果发表在ICCV、CVPR、NeurIPS、ICML、TPAMI等国际顶级会议、期刊者优先 ；
3、良好的逻辑和数据分析能力，Kaggle、阿里天池大赛、以及相关学术会议组织的权威比赛获奖者优先；
4、熟悉计算机视觉、机器学习、图像/视频分析与处理等相关领域技术和应用，有大量实践经验者优先。

同时，我们还希望你：
1、学习能力强，对新事物保有好奇心，并能快速适应新环境；
2、良好的沟通能力和团队协同能力；能与他人合作，共同完成目标；
3、对所在领域有热情，相信方法总比困难多，善于独立思考并反思总结。

一段全新、有意思的旅程正待开启！为了更全面的展现你自己，你还可以在简历中附上你认为自己最有意思的爱好、特长、经历，或是对未来有意思的畅想，没有限制，此项非必填。加入我们，一起打开有意思的未来！","千问C端事业群","recruit","E:\CLX\project\interview-copilot-desktop\JD\阿里系\千问.txt"
"千问","https://talent.quark.cn","199900300009","算法工程师-强化学习","千问C端事业群 / 技术类 / 千问C端事业群秋季2026届应届生招聘","","","技术类","freshman","千问C端事业群秋季2026届应届生招聘","北京 / 杭州","2025-08-13","modifyTime","","1755055226000","https://talent.quark.cn/campus/position/199900300009","1. 开展大语言模型、多模态生成/理解大模型复杂推理能力、可信性研究和奖励模型，包括但不限于自然语言处理、视觉理解、多模态生成与理解等；
2. 开展多模态大模型后训练阶段的强化学习算法研发迭代，包括：基于人类、AI、环境反馈的强化学习算法的优化升级，覆盖规则遵循、复杂推理等多个任务的多目标强化学习训练算法研发和调优，设计并实施实验；
3. 关注和学习最新前沿研究，参与学术讨论和技术交流，撰写研究报告、技术文档或论文，鼓励在国际顶级期刊或会议上发表研究成果。","1. 机器学习、自然语言处理、计算机视觉、语音、跨模态表征学习等相关专业的硕士生/博士生，有扎实的研发经验；
2. 熟悉常用的机器学习框架，如PyTorch 等，熟悉 Python编程语言，有强化学习训练系统、大模型训练系统及相关底层代码库的工程开发优化经验者优先；
3. 熟悉大语言模型或多模态大模型基本知识，对GPT、Claude等闭源模型以及LLaMA、Qwen等开源模型和相关多模态大模型有基础了解和上手经验；有相关竞赛、论文或实习经验者优先。对推理模型研究和有强化学习方向相关的工作经验者优先；
4. 良好的学术调研能力，良好的逻辑和数据分析能力，有高质量论文、开源项目、ACM竞赛经历、相关学术会议组织的权威比赛获奖经历或落地项目产出者优先。
【加分项】
1. 在高影响力的开源项目中，做出过核心贡献；
2. 在国际竟赛（如：ACM ICPC,Kaggle,KDD Cup,SemEval等）中获得过优异成绩。","1. 机器学习、自然语言处理、计算机视觉、语音、跨模态表征学习等相关专业的硕士生/博士生，有扎实的研发经验；
2. 熟悉常用的机器学习框架，如PyTorch 等，熟悉 Python编程语言，有强化学习训练系统、大模型训练系统及相关底层代码库的工程开发优化经验者优先；
3. 熟悉大语言模型或多模态大模型基本知识，对GPT、Claude等闭源模型以及LLaMA、Qwen等开源模型和相关多模态大模型有基础了解和上手经验；有相关竞赛、论文或实习经验者优先。对推理模型研究和有强化学习方向相关的工作经验者优先；
4. 良好的学术调研能力，良好的逻辑和数据分析能力，有高质量论文、开源项目、ACM竞赛经历、相关学术会议组织的权威比赛获奖经历或落地项目产出者优先。
【加分项】
1. 在高影响力的开源项目中，做出过核心贡献；
2. 在国际竟赛（如：ACM ICPC,Kaggle,KDD Cup,SemEval等）中获得过优异成绩。","岗位职责：
1. 开展大语言模型、多模态生成/理解大模型复杂推理能力、可信性研究和奖励模型，包括但不限于自然语言处理、视觉理解、多模态生成与理解等；
2. 开展多模态大模型后训练阶段的强化学习算法研发迭代，包括：基于人类、AI、环境反馈的强化学习算法的优化升级，覆盖规则遵循、复杂推理等多个任务的多目标强化学习训练算法研发和调优，设计并实施实验；
3. 关注和学习最新前沿研究，参与学术讨论和技术交流，撰写研究报告、技术文档或论文，鼓励在国际顶级期刊或会议上发表研究成果。

任职要求：
1. 机器学习、自然语言处理、计算机视觉、语音、跨模态表征学习等相关专业的硕士生/博士生，有扎实的研发经验；
2. 熟悉常用的机器学习框架，如PyTorch 等，熟悉 Python编程语言，有强化学习训练系统、大模型训练系统及相关底层代码库的工程开发优化经验者优先；
3. 熟悉大语言模型或多模态大模型基本知识，对GPT、Claude等闭源模型以及LLaMA、Qwen等开源模型和相关多模态大模型有基础了解和上手经验；有相关竞赛、论文或实习经验者优先。对推理模型研究和有强化学习方向相关的工作经验者优先；
4. 良好的学术调研能力，良好的逻辑和数据分析能力，有高质量论文、开源项目、ACM竞赛经历、相关学术会议组织的权威比赛获奖经历或落地项目产出者优先。
【加分项】
1. 在高影响力的开源项目中，做出过核心贡献；
2. 在国际竟赛（如：ACM ICPC,Kaggle,KDD Cup,SemEval等）中获得过优异成绩。","千问C端事业群","recruit","E:\CLX\project\interview-copilot-desktop\JD\阿里系\千问.txt"
"千问","https://talent.quark.cn","199900300010","算法工程师-搜索推荐","千问C端事业群 / 技术类 / 千问C端事业群秋季2026届应届生招聘","","","技术类","freshman","千问C端事业群秋季2026届应届生招聘","北京 / 杭州","2025-08-13","modifyTime","","1755055219000","https://talent.quark.cn/campus/position/199900300010","阿里巴巴智能信息事业群，聚焦AI在信息服务赛道的创新应用，从工具到服务，持续为用户提供高效、智能的AI应用。智能信息事业群核心产品为夸克、通义、UC浏览器、书旗小说、超级汇川等，以多产品矩阵，覆盖横跨各年龄段的7亿+用户人群，服务超10万+客户。
1、参与并负责核心内容场景的各类算法，包括AI个性化推荐系统、内容生态构建、内容理解等核心算法能力；
2、深度参与内容分发算法设计，提升流量匹配的效率和用户粘性；
3、建设包括AGENT、RAG、召回、粗排、精排、重排、混排等搜索和推荐模块，打造集团和业界一流的内容算法；
4、参与设计多模态内容理解和推荐分发系统，推动解决内容的一致性和标准化问题。","1、熟练掌握Java/C++/Python中至少一门语言，熟悉tensorflow或者pytorch至少一种机器学习常用框架；
2、有大模型、AGENT、推荐系统、机器学习、计算机视觉、数据挖掘等相关领域研究及实践经验优先；
3、有相关顶级会议论文发表者优先；
4、有相关竞赛经验并获奖者优先。
一段全新、有意思的旅程正待开启！为了更全面的展现你自己，你还可以在简历中附上你认为自己最有意思的爱好、特长、经历，或是对未来有意思的畅想，没有限制，此项非必填。加入我们，一起打开有意思的未来！","1、熟练掌握Java/C++/Python中至少一门语言，熟悉tensorflow或者pytorch至少一种机器学习常用框架；
2、有大模型、AGENT、推荐系统、机器学习、计算机视觉、数据挖掘等相关领域研究及实践经验优先；
3、有相关顶级会议论文发表者优先；
4、有相关竞赛经验并获奖者优先。
一段全新、有意思的旅程正待开启！为了更全面的展现你自己，你还可以在简历中附上你认为自己最有意思的爱好、特长、经历，或是对未来有意思的畅想，没有限制，此项非必填。加入我们，一起打开有意思的未来！","岗位职责：
阿里巴巴智能信息事业群，聚焦AI在信息服务赛道的创新应用，从工具到服务，持续为用户提供高效、智能的AI应用。智能信息事业群核心产品为夸克、通义、UC浏览器、书旗小说、超级汇川等，以多产品矩阵，覆盖横跨各年龄段的7亿+用户人群，服务超10万+客户。
1、参与并负责核心内容场景的各类算法，包括AI个性化推荐系统、内容生态构建、内容理解等核心算法能力；
2、深度参与内容分发算法设计，提升流量匹配的效率和用户粘性；
3、建设包括AGENT、RAG、召回、粗排、精排、重排、混排等搜索和推荐模块，打造集团和业界一流的内容算法；
4、参与设计多模态内容理解和推荐分发系统，推动解决内容的一致性和标准化问题。

任职要求：
1、熟练掌握Java/C++/Python中至少一门语言，熟悉tensorflow或者pytorch至少一种机器学习常用框架；
2、有大模型、AGENT、推荐系统、机器学习、计算机视觉、数据挖掘等相关领域研究及实践经验优先；
3、有相关顶级会议论文发表者优先；
4、有相关竞赛经验并获奖者优先。
一段全新、有意思的旅程正待开启！为了更全面的展现你自己，你还可以在简历中附上你认为自己最有意思的爱好、特长、经历，或是对未来有意思的畅想，没有限制，此项非必填。加入我们，一起打开有意思的未来！","千问C端事业群","recruit","E:\CLX\project\interview-copilot-desktop\JD\阿里系\千问.txt"
"千问","https://talent.quark.cn","199900280006","算法工程师-语音大模型","千问C端事业群 / 技术类 / 千问C端事业群秋季2026届应届生招聘","","","技术类","freshman","千问C端事业群秋季2026届应届生招聘","北京 / 杭州","2025-08-13","modifyTime","","1755055212000","https://talent.quark.cn/campus/position/199900280006","1、负责语音识别/语音合成/Omni/端到端/音乐合成/声纹/语种/情感等方向的算法研究和开发；
2、负责语音信号处理的相关算法研究和开发，包括语音增强、回声消除、混响消除、自动增益控制、波达方向估计、波束形成等；                                                                                         3、负责音频理解/语音交互大模型算法研究和开发。","1、硕士研究生及以上学历，计算机、软件工程、人工智能等相关专业；                                              
2、具备较强的逻辑分析能力和数学基础；
3、在相关领域国际顶级会议、期刊发表论文，或相关学术会议组织的权威比赛获奖者优先；
4、熟悉深度学习、语音识别、语音合成、语音交互、人工智能等类似领域相关知识者优先。           
【加分项】
1. 在高影响力的开源项目中，做出过核心贡献；
2. 在国际竟赛（如：ACM ICPC,Kaggle,KDD Cup,SemEval等）中获得过优异成绩。","1、硕士研究生及以上学历，计算机、软件工程、人工智能等相关专业；                                              
2、具备较强的逻辑分析能力和数学基础；
3、在相关领域国际顶级会议、期刊发表论文，或相关学术会议组织的权威比赛获奖者优先；
4、熟悉深度学习、语音识别、语音合成、语音交互、人工智能等类似领域相关知识者优先。           
【加分项】
1. 在高影响力的开源项目中，做出过核心贡献；
2. 在国际竟赛（如：ACM ICPC,Kaggle,KDD Cup,SemEval等）中获得过优异成绩。","岗位职责：
1、负责语音识别/语音合成/Omni/端到端/音乐合成/声纹/语种/情感等方向的算法研究和开发；
2、负责语音信号处理的相关算法研究和开发，包括语音增强、回声消除、混响消除、自动增益控制、波达方向估计、波束形成等；                                                                                         3、负责音频理解/语音交互大模型算法研究和开发。

任职要求：
1、硕士研究生及以上学历，计算机、软件工程、人工智能等相关专业；                                              
2、具备较强的逻辑分析能力和数学基础；
3、在相关领域国际顶级会议、期刊发表论文，或相关学术会议组织的权威比赛获奖者优先；
4、熟悉深度学习、语音识别、语音合成、语音交互、人工智能等类似领域相关知识者优先。           
【加分项】
1. 在高影响力的开源项目中，做出过核心贡献；
2. 在国际竟赛（如：ACM ICPC,Kaggle,KDD Cup,SemEval等）中获得过优异成绩。","千问C端事业群","recruit","E:\CLX\project\interview-copilot-desktop\JD\阿里系\千问.txt"
"千问","https://talent.quark.cn","199900260007","算法工程师-自然语言处理","千问C端事业群 / 技术类 / 千问C端事业群秋季2026届应届生招聘","","","技术类","freshman","千问C端事业群秋季2026届应届生招聘","北京 / 广州","2025-08-13","modifyTime","","1755055205000","https://talent.quark.cn/campus/position/199900260007","阿里巴巴智能信息事业群，聚焦AI在信息服务赛道的创新应用，从工具到服务，持续为用户提供高效、智能的AI应用。智能信息事业群核心产品为夸克、通义、UC浏览器、书旗小说、超级汇川等，以多产品矩阵，覆盖横跨各年龄段的7亿+用户人群，服务超10万+客户。

具体职责包括但不限于： 
1、紧跟业界最新自然语言处理技术动态，深入研发并努力创新自然语言处理相关的知识库、词法、句法、语义、文档分析、深度学习、机器翻译、智能对话等技术，包括新颖的算法/模型的提出，模块的实际开发，对接自然语言处理平台的接入以及把高水平研发成果以论文/专利等形式进行发布；
2、理解自然语言处理技术应用的相关的业务场景及需求，在自然语言处理技术内核的基础上考虑业务场景的特殊性进而适当适配业务需求； 
3、在核心技术研发之外，也会适当参与到具体的NLP相关业务中，例如文本内容的理解，商业场景的多语言多模态翻译和沟通，搜索Query分析、智能对话的语义解析及意图理解、商品评价的语义理解、内容搜索推荐的结构化分析、商品搜索推荐的标签体系、社会化问答的文本分析、智能客服的场景定制等。","1、具备极佳的工程实现能力，精通C/C++、Java、Python、Perl等至少一门语言；对目前主流的深度学习平台：tensorflow、pytorch、mxnet等，至少对其中一个有上手经验；
2、精通自然语言处理领域的1到2项底层技术，有实际成果并发表在自然语言处理国际顶级会议、期刊者优先，有在相关的自然语言处理竞赛中获得优异成绩者优先；
3、熟悉深度学习以及常见机器学习算法的原理与算法，能熟练运用聚类、分类、回归、排序等模型解决有挑战性的问题，有大数据处理的实战经验；
4、有强烈求知欲，对人工智能领域相关技术有热情；
5、具有良好的数学基础，良好的英语阅读能力；
6、有团队意识，与他人合作良好，最好具有团队协作的经验。

同时，我们还希望你：
1、学习能力强，对新事物保有好奇心，并能快速适应新环境；
2、良好的沟通能力和团队协同能力；能与他人合作，共同完成目标；
3、对所在领域有热情，相信方法总比困难多，善于独立思考并反思总结。
一段全新、有意思的旅程正待开启！为了更全面的展现你自己，你还可以在简历中附上你认为自己最有意思的爱好、特长、经历，或是对未来有意思的畅想，没有限制，此项非必填。加入我们，一起打开有意思的未来！","1、具备极佳的工程实现能力，精通C/C++、Java、Python、Perl等至少一门语言；对目前主流的深度学习平台：tensorflow、pytorch、mxnet等，至少对其中一个有上手经验；
2、精通自然语言处理领域的1到2项底层技术，有实际成果并发表在自然语言处理国际顶级会议、期刊者优先，有在相关的自然语言处理竞赛中获得优异成绩者优先；
3、熟悉深度学习以及常见机器学习算法的原理与算法，能熟练运用聚类、分类、回归、排序等模型解决有挑战性的问题，有大数据处理的实战经验；
4、有强烈求知欲，对人工智能领域相关技术有热情；
5、具有良好的数学基础，良好的英语阅读能力；
6、有团队意识，与他人合作良好，最好具有团队协作的经验。

同时，我们还希望你：
1、学习能力强，对新事物保有好奇心，并能快速适应新环境；
2、良好的沟通能力和团队协同能力；能与他人合作，共同完成目标；
3、对所在领域有热情，相信方法总比困难多，善于独立思考并反思总结。
一段全新、有意思的旅程正待开启！为了更全面的展现你自己，你还可以在简历中附上你认为自己最有意思的爱好、特长、经历，或是对未来有意思的畅想，没有限制，此项非必填。加入我们，一起打开有意思的未来！","岗位职责：
阿里巴巴智能信息事业群，聚焦AI在信息服务赛道的创新应用，从工具到服务，持续为用户提供高效、智能的AI应用。智能信息事业群核心产品为夸克、通义、UC浏览器、书旗小说、超级汇川等，以多产品矩阵，覆盖横跨各年龄段的7亿+用户人群，服务超10万+客户。

具体职责包括但不限于： 
1、紧跟业界最新自然语言处理技术动态，深入研发并努力创新自然语言处理相关的知识库、词法、句法、语义、文档分析、深度学习、机器翻译、智能对话等技术，包括新颖的算法/模型的提出，模块的实际开发，对接自然语言处理平台的接入以及把高水平研发成果以论文/专利等形式进行发布；
2、理解自然语言处理技术应用的相关的业务场景及需求，在自然语言处理技术内核的基础上考虑业务场景的特殊性进而适当适配业务需求； 
3、在核心技术研发之外，也会适当参与到具体的NLP相关业务中，例如文本内容的理解，商业场景的多语言多模态翻译和沟通，搜索Query分析、智能对话的语义解析及意图理解、商品评价的语义理解、内容搜索推荐的结构化分析、商品搜索推荐的标签体系、社会化问答的文本分析、智能客服的场景定制等。

任职要求：
1、具备极佳的工程实现能力，精通C/C++、Java、Python、Perl等至少一门语言；对目前主流的深度学习平台：tensorflow、pytorch、mxnet等，至少对其中一个有上手经验；
2、精通自然语言处理领域的1到2项底层技术，有实际成果并发表在自然语言处理国际顶级会议、期刊者优先，有在相关的自然语言处理竞赛中获得优异成绩者优先；
3、熟悉深度学习以及常见机器学习算法的原理与算法，能熟练运用聚类、分类、回归、排序等模型解决有挑战性的问题，有大数据处理的实战经验；
4、有强烈求知欲，对人工智能领域相关技术有热情；
5、具有良好的数学基础，良好的英语阅读能力；
6、有团队意识，与他人合作良好，最好具有团队协作的经验。

同时，我们还希望你：
1、学习能力强，对新事物保有好奇心，并能快速适应新环境；
2、良好的沟通能力和团队协同能力；能与他人合作，共同完成目标；
3、对所在领域有热情，相信方法总比困难多，善于独立思考并反思总结。
一段全新、有意思的旅程正待开启！为了更全面的展现你自己，你还可以在简历中附上你认为自己最有意思的爱好、特长、经历，或是对未来有意思的畅想，没有限制，此项非必填。加入我们，一起打开有意思的未来！","千问C端事业群","recruit","E:\CLX\project\interview-copilot-desktop\JD\阿里系\千问.txt"
"千问","https://talent.quark.cn","199900300011","体验设计师","千问C端事业群 / 设计类 / 千问C端事业群秋季2026届应届生招聘","","","设计类","freshman","千问C端事业群秋季2026届应届生招聘","北京 / 广州 / 杭州","2025-08-13","modifyTime","","1755055181000","https://talent.quark.cn/campus/position/199900300011","阿里巴巴智能信息事业群，聚焦AI在信息服务赛道的创新应用，从工具到服务，持续为用户提供高效、智能的AI应用。智能信息事业群核心产品为夸克、通义、UC浏览器、书旗小说、超级汇川等，以多产品矩阵，覆盖横跨各年龄段的7亿+用户人群，服务超10万+客户。

如果你想：
1、理解业务的商业模式，通过用户行为分析和业务数据判断，洞察核心与独立的设计价值机会点；
2、理解AI应用领域前沿技术发展趋势，拓展设计视野的深度与广度，输出全链路用户体验策略和创新概念方案；
3、搭建实体与信息的内容架构、创建人物与人机的交互流程、呈现线上线下设计原型，定义极致的视觉效果，具备整体或节点突出的设计能力；
4、协同或独立谋划设计方案，明确项目优先级，制定目标并实施验证，总结提炼通用性的经验和模式；
5、在消费产品、平台产品、互动产品、数据产品、硬件产品、体验空间等产品上能持续专研和创新。","以用户和数据为依托，制定产品体验优化策略和概念方案。能够独立完成设计方案交付，具备全链路的设计思考和实践能力。关注市场、产品、技术的跟踪和反馈，关注对用户、数据和行业的研究，协同上下游共同推动项目完成。 
1、有视觉传达、工业、数字媒体、交互等设计相关教育背景，扎实的专业能力； 
2、热爱设计，学习能力强，对新鲜事物有好奇心并敢于尝试，积极拥抱AI，对技术和行业发展趋势有关注，愿意寻求创新改变； 
3、有相关项目研究和实践经历，可展示证明自己的案例和作品； 
4、积极乐观并善于思考，良好的沟通合作并分享经验。

一段全新、有意思的旅程正待开启！为了更全面的展现你自己，你还可以在简历中附上你认为自己最有意思的爱好、特长、经历，或是对未来有意思的畅想，没有限制，此项非必填。加入我们，一起打开有意思的未来！","以用户和数据为依托，制定产品体验优化策略和概念方案。能够独立完成设计方案交付，具备全链路的设计思考和实践能力。关注市场、产品、技术的跟踪和反馈，关注对用户、数据和行业的研究，协同上下游共同推动项目完成。 
1、有视觉传达、工业、数字媒体、交互等设计相关教育背景，扎实的专业能力； 
2、热爱设计，学习能力强，对新鲜事物有好奇心并敢于尝试，积极拥抱AI，对技术和行业发展趋势有关注，愿意寻求创新改变； 
3、有相关项目研究和实践经历，可展示证明自己的案例和作品； 
4、积极乐观并善于思考，良好的沟通合作并分享经验。

一段全新、有意思的旅程正待开启！为了更全面的展现你自己，你还可以在简历中附上你认为自己最有意思的爱好、特长、经历，或是对未来有意思的畅想，没有限制，此项非必填。加入我们，一起打开有意思的未来！","岗位职责：
阿里巴巴智能信息事业群，聚焦AI在信息服务赛道的创新应用，从工具到服务，持续为用户提供高效、智能的AI应用。智能信息事业群核心产品为夸克、通义、UC浏览器、书旗小说、超级汇川等，以多产品矩阵，覆盖横跨各年龄段的7亿+用户人群，服务超10万+客户。

如果你想：
1、理解业务的商业模式，通过用户行为分析和业务数据判断，洞察核心与独立的设计价值机会点；
2、理解AI应用领域前沿技术发展趋势，拓展设计视野的深度与广度，输出全链路用户体验策略和创新概念方案；
3、搭建实体与信息的内容架构、创建人物与人机的交互流程、呈现线上线下设计原型，定义极致的视觉效果，具备整体或节点突出的设计能力；
4、协同或独立谋划设计方案，明确项目优先级，制定目标并实施验证，总结提炼通用性的经验和模式；
5、在消费产品、平台产品、互动产品、数据产品、硬件产品、体验空间等产品上能持续专研和创新。

任职要求：
以用户和数据为依托，制定产品体验优化策略和概念方案。能够独立完成设计方案交付，具备全链路的设计思考和实践能力。关注市场、产品、技术的跟踪和反馈，关注对用户、数据和行业的研究，协同上下游共同推动项目完成。 
1、有视觉传达、工业、数字媒体、交互等设计相关教育背景，扎实的专业能力； 
2、热爱设计，学习能力强，对新鲜事物有好奇心并敢于尝试，积极拥抱AI，对技术和行业发展趋势有关注，愿意寻求创新改变； 
3、有相关项目研究和实践经历，可展示证明自己的案例和作品； 
4、积极乐观并善于思考，良好的沟通合作并分享经验。

一段全新、有意思的旅程正待开启！为了更全面的展现你自己，你还可以在简历中附上你认为自己最有意思的爱好、特长、经历，或是对未来有意思的畅想，没有限制，此项非必填。加入我们，一起打开有意思的未来！","千问C端事业群","recruit","E:\CLX\project\interview-copilot-desktop\JD\阿里系\千问.txt"
"千问","https://talent.quark.cn","199900260008","研发工程师C/C++","千问C端事业群 / 技术类 / 千问C端事业群秋季2026届应届生招聘","","","技术类","freshman","千问C端事业群秋季2026届应届生招聘","北京 / 广州 / 杭州","2025-08-13","modifyTime","","1755055173000","https://talent.quark.cn/campus/position/199900260008","阿里巴巴智能信息事业群，聚焦AI在信息服务赛道的创新应用，从工具到服务，持续为用户提供高效、智能的AI应用。智能信息事业群核心产品为夸克、通义、UC浏览器、书旗小说、超级汇川等，以多产品矩阵，覆盖横跨各年龄段的7亿+用户人群，服务超10万+客户。

如果你对基础技术感兴趣，你可以参与基础软件的设计、开发和维护，如分布式文件系统、缓存系统、Key/Value存储系统、数据库、Linux操作系统等；
如果你热衷于高性能分布式技术，你可以参与世界级规模的分布式服务端程序的系统设计，为阿里智信的产品提供强有力的后台支持，在海量的网络访问和数据处理中，设计并设施最强大的解决方案；
如果你喜欢研究搜索技术，你可以参与搜索引擎各个功能模块的设计和实现，构建高可靠性、高可用性、高可扩展性的体系结构，满足日趋复杂的业务需求；
如果你对电子商务产品技术感兴趣，你可以参与产品的开发和维护，完成从需求到设计、开发和上线等整个项目周期内的工作；
如果你热衷于客户端开发，你可以参与为用户提供丰富且有价值的桌面或无线软件产品。		
欢迎加入我们。","或许，你来自计算机专业，机械专业，甚至可能是生物专业；
但是，你酷爱着计算机以及互联网技术，热衷于解决挑战性的问题；
或许，你痴迷于数据结构和算法，热衷于ACM，常常为看到“accept”而兴奋的手足舞蹈；
或许，你熟悉Unix/Linux/Win32环境下编程，并有相关开发经验，熟练使用调试工具，并熟悉某种脚本语言；
或许，你熟悉网络编程和多线程编程，对TCP/IP，HTTP等网络协议有很深的理解；
或许，你享受底层技术，在kernel的源代码中纵横驰骋；
或许，你并不熟悉C，C++，但是你不畏挑战，喜欢钻研，能够用你亮眼的成果证明自己超强的学习能力；
或许，你参加过大学生数学建模竞赛，“挑战杯”，机器人足球比赛等；
或许，你在学校的时候作为骨干参与学生网站的建设和开发；
但是，这些都是我们想要的。","或许，你来自计算机专业，机械专业，甚至可能是生物专业；
但是，你酷爱着计算机以及互联网技术，热衷于解决挑战性的问题；
或许，你痴迷于数据结构和算法，热衷于ACM，常常为看到“accept”而兴奋的手足舞蹈；
或许，你熟悉Unix/Linux/Win32环境下编程，并有相关开发经验，熟练使用调试工具，并熟悉某种脚本语言；
或许，你熟悉网络编程和多线程编程，对TCP/IP，HTTP等网络协议有很深的理解；
或许，你享受底层技术，在kernel的源代码中纵横驰骋；
或许，你并不熟悉C，C++，但是你不畏挑战，喜欢钻研，能够用你亮眼的成果证明自己超强的学习能力；
或许，你参加过大学生数学建模竞赛，“挑战杯”，机器人足球比赛等；
或许，你在学校的时候作为骨干参与学生网站的建设和开发；
但是，这些都是我们想要的。","岗位职责：
阿里巴巴智能信息事业群，聚焦AI在信息服务赛道的创新应用，从工具到服务，持续为用户提供高效、智能的AI应用。智能信息事业群核心产品为夸克、通义、UC浏览器、书旗小说、超级汇川等，以多产品矩阵，覆盖横跨各年龄段的7亿+用户人群，服务超10万+客户。

如果你对基础技术感兴趣，你可以参与基础软件的设计、开发和维护，如分布式文件系统、缓存系统、Key/Value存储系统、数据库、Linux操作系统等；
如果你热衷于高性能分布式技术，你可以参与世界级规模的分布式服务端程序的系统设计，为阿里智信的产品提供强有力的后台支持，在海量的网络访问和数据处理中，设计并设施最强大的解决方案；
如果你喜欢研究搜索技术，你可以参与搜索引擎各个功能模块的设计和实现，构建高可靠性、高可用性、高可扩展性的体系结构，满足日趋复杂的业务需求；
如果你对电子商务产品技术感兴趣，你可以参与产品的开发和维护，完成从需求到设计、开发和上线等整个项目周期内的工作；
如果你热衷于客户端开发，你可以参与为用户提供丰富且有价值的桌面或无线软件产品。		
欢迎加入我们。

任职要求：
或许，你来自计算机专业，机械专业，甚至可能是生物专业；
但是，你酷爱着计算机以及互联网技术，热衷于解决挑战性的问题；
或许，你痴迷于数据结构和算法，热衷于ACM，常常为看到“accept”而兴奋的手足舞蹈；
或许，你熟悉Unix/Linux/Win32环境下编程，并有相关开发经验，熟练使用调试工具，并熟悉某种脚本语言；
或许，你熟悉网络编程和多线程编程，对TCP/IP，HTTP等网络协议有很深的理解；
或许，你享受底层技术，在kernel的源代码中纵横驰骋；
或许，你并不熟悉C，C++，但是你不畏挑战，喜欢钻研，能够用你亮眼的成果证明自己超强的学习能力；
或许，你参加过大学生数学建模竞赛，“挑战杯”，机器人足球比赛等；
或许，你在学校的时候作为骨干参与学生网站的建设和开发；
但是，这些都是我们想要的。","千问C端事业群","recruit","E:\CLX\project\interview-copilot-desktop\JD\阿里系\千问.txt"
"千问","https://talent.quark.cn","199900280007","PC研发工程师（C++）","千问C端事业群 / 技术类 / 千问C端事业群秋季2026届应届生招聘","","","技术类","freshman","千问C端事业群秋季2026届应届生招聘","广州 / 杭州","2025-08-13","modifyTime","","1755055149000","https://talent.quark.cn/campus/position/199900280007","阿里巴巴智能信息事业群，聚焦AI在信息服务赛道的创新应用，从工具到服务，持续为用户提供高效、智能的AI应用。智能信息事业群核心产品为夸克、通义、UC浏览器、书旗小说、超级汇川等，以多产品矩阵，覆盖横跨各年龄段的7亿+用户人群，服务超10万+客户。

1、负责PC端上软件设计和开发工作；
2、根据产品需求提供解决方案以及方案落地；","1、计算机基础扎实，熟练掌握常见的数据结构和算法；
2、熟练掌握Windows平台下Win32&STL开发或者Mac平台下UI框架/网络等开发；
3、有Chromium或者CEF/Electron框架开发经验者优先；
4、具备团队合作精神，有热情钻研技术，有较强的学习和沟通能力、良好的责任心和团队协作精神;","1、计算机基础扎实，熟练掌握常见的数据结构和算法；
2、熟练掌握Windows平台下Win32&STL开发或者Mac平台下UI框架/网络等开发；
3、有Chromium或者CEF/Electron框架开发经验者优先；
4、具备团队合作精神，有热情钻研技术，有较强的学习和沟通能力、良好的责任心和团队协作精神;","岗位职责：
阿里巴巴智能信息事业群，聚焦AI在信息服务赛道的创新应用，从工具到服务，持续为用户提供高效、智能的AI应用。智能信息事业群核心产品为夸克、通义、UC浏览器、书旗小说、超级汇川等，以多产品矩阵，覆盖横跨各年龄段的7亿+用户人群，服务超10万+客户。

1、负责PC端上软件设计和开发工作；
2、根据产品需求提供解决方案以及方案落地；

任职要求：
1、计算机基础扎实，熟练掌握常见的数据结构和算法；
2、熟练掌握Windows平台下Win32&STL开发或者Mac平台下UI框架/网络等开发；
3、有Chromium或者CEF/Electron框架开发经验者优先；
4、具备团队合作精神，有热情钻研技术，有较强的学习和沟通能力、良好的责任心和团队协作精神;","千问C端事业群","recruit","E:\CLX\project\interview-copilot-desktop\JD\阿里系\千问.txt"
"千问","https://talent.quark.cn","199900280008","算法工程师 - 大模型长程预训练","千问C端事业群 / 技术类 / 千问C端事业群秋季2026届应届生招聘","","","技术类","freshman","千问C端事业群秋季2026届应届生招聘","北京 / 杭州","2025-08-13","modifyTime","","1755055142000","https://talent.quark.cn/campus/position/199900280008","夸克大模型团队致力于自主构建面向未来通用人工智能（AGI）的大模型技术能力。依托领先的工程基础与业务生态，已实现千亿参数规模模型的高效训练与部署，在通用搜索、医疗健康、教育学习、智能创作、职场办公等核心领域形成深度应用。  
我们诚邀具备扎实算法功底与研究潜力的优秀应届毕业生加入，围绕大模型的前沿技术展开系统性探索与工程落地，共同推动智能体技术的演进。您将参与：
1. 基座预训练架构优化：操控万卡集群来探索极致的建模方式，提升 LLM 基座的知识、推理、超长序列能力，包括但不限于模型结构（如 MoE、Attention）、优化器、Scaling Law 预测&应用等关键技术；
2. 多模态基座大模型：尽情探索统一文本、视觉、音频多个模态理解和生成的原生多模态大模型，提升模型能力和突破应用边界，包括架构设计（如视觉、音频编解码，不同模态的融合对齐）、训练方法等；
3. 深入数据研究：从不同来源的海量数据中构建丰富全面的数据体系、训练语料，包括清洗与筛选、配比优化、课程学习、数据合成等。","我们希望你
1. 熟悉大模型训练流程，有文本 LLM 或多模态 VLM/Omni 模型的预训练、语料建设、评估基准构建等项目经验者优先；
2. 具备扎实的深度学习理论基础，以及出色的编程实现能力，熟悉深度学习主流框架（如 PyTorch、TensorFlow），有大模型分布式训练经验者优先；
3. 具备良好的科研能力，在相关领域国际顶级会议（ACL、EMNLP、CVPR、ICCV、NeurIPS、ICLR、AAAI 等）有论文发表者优先；
4. 计算机科学、人工智能、电子工程、数学、统计学等相关专业硕士及以上学历优先；
5. 具备快速学习与开拓创新的能力，对 AGI 的未来趋势与挑战有浓厚兴趣。","我们希望你
1. 熟悉大模型训练流程，有文本 LLM 或多模态 VLM/Omni 模型的预训练、语料建设、评估基准构建等项目经验者优先；
2. 具备扎实的深度学习理论基础，以及出色的编程实现能力，熟悉深度学习主流框架（如 PyTorch、TensorFlow），有大模型分布式训练经验者优先；
3. 具备良好的科研能力，在相关领域国际顶级会议（ACL、EMNLP、CVPR、ICCV、NeurIPS、ICLR、AAAI 等）有论文发表者优先；
4. 计算机科学、人工智能、电子工程、数学、统计学等相关专业硕士及以上学历优先；
5. 具备快速学习与开拓创新的能力，对 AGI 的未来趋势与挑战有浓厚兴趣。","岗位职责：
夸克大模型团队致力于自主构建面向未来通用人工智能（AGI）的大模型技术能力。依托领先的工程基础与业务生态，已实现千亿参数规模模型的高效训练与部署，在通用搜索、医疗健康、教育学习、智能创作、职场办公等核心领域形成深度应用。  
我们诚邀具备扎实算法功底与研究潜力的优秀应届毕业生加入，围绕大模型的前沿技术展开系统性探索与工程落地，共同推动智能体技术的演进。您将参与：
1. 基座预训练架构优化：操控万卡集群来探索极致的建模方式，提升 LLM 基座的知识、推理、超长序列能力，包括但不限于模型结构（如 MoE、Attention）、优化器、Scaling Law 预测&应用等关键技术；
2. 多模态基座大模型：尽情探索统一文本、视觉、音频多个模态理解和生成的原生多模态大模型，提升模型能力和突破应用边界，包括架构设计（如视觉、音频编解码，不同模态的融合对齐）、训练方法等；
3. 深入数据研究：从不同来源的海量数据中构建丰富全面的数据体系、训练语料，包括清洗与筛选、配比优化、课程学习、数据合成等。

任职要求：
我们希望你
1. 熟悉大模型训练流程，有文本 LLM 或多模态 VLM/Omni 模型的预训练、语料建设、评估基准构建等项目经验者优先；
2. 具备扎实的深度学习理论基础，以及出色的编程实现能力，熟悉深度学习主流框架（如 PyTorch、TensorFlow），有大模型分布式训练经验者优先；
3. 具备良好的科研能力，在相关领域国际顶级会议（ACL、EMNLP、CVPR、ICCV、NeurIPS、ICLR、AAAI 等）有论文发表者优先；
4. 计算机科学、人工智能、电子工程、数学、统计学等相关专业硕士及以上学历优先；
5. 具备快速学习与开拓创新的能力，对 AGI 的未来趋势与挑战有浓厚兴趣。","千问C端事业群","recruit","E:\CLX\project\interview-copilot-desktop\JD\阿里系\千问.txt"
"千问","https://talent.quark.cn","199900300014","算法工程师 - 智能Agent研发","千问C端事业群 / 技术类 / 千问C端事业群秋季2026届应届生招聘","","","技术类","freshman","千问C端事业群秋季2026届应届生招聘","北京 / 杭州","2025-08-13","modifyTime","","1755055120000","https://talent.quark.cn/campus/position/199900300014","夸克智能体团队致力于建设高度自主的大规模 AI Agent 系统，基于领先的工程基础与业务生态，已实现多领域多模态智能体的落地应用，在 AI 搜索、医疗健康、知识问答、智能创作、办公效率等核心场景形成深度应用。
我们诚邀具备扎实算法功底与研究潜力的优秀应届毕业生加入，围绕前沿 Agent 技术的进行探索与应用落地,共同推动智能体技术的发展，您将深入参与:
1. Agent 学习与优化：研究并实现前沿 Agent 训练算法，包括但不限于模仿学习、强化学习等，提升 Agent 的自主决策能力;
2. Agent 架构与能力建设：涵盖 Planning、知识检索、工具调用、长短时记忆等核心模块的设计与优化，构建高智能可扩展的 Agent 框架；
3. 多模态交互与理解：基于 LLM 与多模态技术，构建面向复杂场景的智能体交互系统，实现自然的人机协作；
4. 场景化应用与创新：深度结合业务需求，设计适配不同领域的专业 Agent，打造具备长期价值和强劲竞争力的智能助手产品。","我们希望你
1. 具备出色的编程与工程实现能力，精通至少一门主流开发语言（如 C/C++、Java、Python 等）；
2. 在自然语言处理、计算机视觉、多模态建模或通用人工智能等方向具有良好学术基础与实践能力，熟悉深度学习主流框架（如 PyTorch、TensorFlow）；
3. 对大模型训练、多模态理解、Agent 等有一定了解，有大模型相关研究或落地经验者优先；
4. 具备良好的科研能力，在相关领域国际顶级会议（ACL、EMNLP、CVPR、ICCV、NeurIPS、ICLR、AAAI 等）有论文发表者优先；
5. 计算机科学、人工智能、电子工程、数学、统计学等相关专业硕士及以上学历优先；
6. 具备快速学习与开拓创新的能力，对 AGI 的未来趋势与挑战有浓厚兴趣。","我们希望你
1. 具备出色的编程与工程实现能力，精通至少一门主流开发语言（如 C/C++、Java、Python 等）；
2. 在自然语言处理、计算机视觉、多模态建模或通用人工智能等方向具有良好学术基础与实践能力，熟悉深度学习主流框架（如 PyTorch、TensorFlow）；
3. 对大模型训练、多模态理解、Agent 等有一定了解，有大模型相关研究或落地经验者优先；
4. 具备良好的科研能力，在相关领域国际顶级会议（ACL、EMNLP、CVPR、ICCV、NeurIPS、ICLR、AAAI 等）有论文发表者优先；
5. 计算机科学、人工智能、电子工程、数学、统计学等相关专业硕士及以上学历优先；
6. 具备快速学习与开拓创新的能力，对 AGI 的未来趋势与挑战有浓厚兴趣。","岗位职责：
夸克智能体团队致力于建设高度自主的大规模 AI Agent 系统，基于领先的工程基础与业务生态，已实现多领域多模态智能体的落地应用，在 AI 搜索、医疗健康、知识问答、智能创作、办公效率等核心场景形成深度应用。
我们诚邀具备扎实算法功底与研究潜力的优秀应届毕业生加入，围绕前沿 Agent 技术的进行探索与应用落地,共同推动智能体技术的发展，您将深入参与:
1. Agent 学习与优化：研究并实现前沿 Agent 训练算法，包括但不限于模仿学习、强化学习等，提升 Agent 的自主决策能力;
2. Agent 架构与能力建设：涵盖 Planning、知识检索、工具调用、长短时记忆等核心模块的设计与优化，构建高智能可扩展的 Agent 框架；
3. 多模态交互与理解：基于 LLM 与多模态技术，构建面向复杂场景的智能体交互系统，实现自然的人机协作；
4. 场景化应用与创新：深度结合业务需求，设计适配不同领域的专业 Agent，打造具备长期价值和强劲竞争力的智能助手产品。

任职要求：
我们希望你
1. 具备出色的编程与工程实现能力，精通至少一门主流开发语言（如 C/C++、Java、Python 等）；
2. 在自然语言处理、计算机视觉、多模态建模或通用人工智能等方向具有良好学术基础与实践能力，熟悉深度学习主流框架（如 PyTorch、TensorFlow）；
3. 对大模型训练、多模态理解、Agent 等有一定了解，有大模型相关研究或落地经验者优先；
4. 具备良好的科研能力，在相关领域国际顶级会议（ACL、EMNLP、CVPR、ICCV、NeurIPS、ICLR、AAAI 等）有论文发表者优先；
5. 计算机科学、人工智能、电子工程、数学、统计学等相关专业硕士及以上学历优先；
6. 具备快速学习与开拓创新的能力，对 AGI 的未来趋势与挑战有浓厚兴趣。","千问C端事业群","recruit","E:\CLX\project\interview-copilot-desktop\JD\阿里系\千问.txt"
"千问","https://talent.quark.cn","199900220009","用户体验研究专员","千问C端事业群 / 设计类 / 千问C端事业群秋季2026届应届生招聘","","","设计类","freshman","千问C端事业群秋季2026届应届生招聘","杭州","2025-08-13","modifyTime","","1755055110000","https://talent.quark.cn/campus/position/199900220009","您将有机会负责AIGC多领域和业务场景的产品研究与用户洞察与分析，这里有广阔的空间并尊重想象和创造力。您将与最优秀团队合作，实现梦想中对世界那些小小的改变。
1、将深入的需求洞察和大数据结合，探索AI行业趋势和市场发展脉络，为业务提升找到最佳的突破点，并提供整体实现策略支持；
2、通过对用户和行业的洞察，建立从用户心智、体验、到行为的研究闭环，为产品、运营、研发等提供可快速落地的策略；
3、通过市场竞争分析、产品研究，确定核心问题及创新方向，支持产品的不断迭代和优化。
4、相关领域探索新的商业模式及用户在AI领域的互动，推动行业与体验的变革；","1、熟练掌握定性或定量研究方法，有较强的应用能力；
2、AI市场敏感度高，且能将用户洞察与商业\产品判断相联系；
3、心理学、统计学、社会学、应用数学、市场营销、传播学、人机交互、计算机等相关专业优先； 较好的英文听说读写能力，能阅读专业论文；

同时，我们还希望你：
1、学习能力强，对新事物保有好奇心，并能快速适应新环境；
2、良好的沟通能力和团队协同能力；能与他人合作，共同完成目标；
3、对所在领域有热情，相信方法总比困难多，善于独立思考并反思总结。

一段全新、有意思的旅程正待开启！为了更全面的展现你自己，你还可以在简历中附上你认为自己最有意思的爱好、特长、经历，或是对未来有意思的畅想，没有限制，此项非必填。加入我们，一起打开有意思的未来！","1、熟练掌握定性或定量研究方法，有较强的应用能力；
2、AI市场敏感度高，且能将用户洞察与商业\产品判断相联系；
3、心理学、统计学、社会学、应用数学、市场营销、传播学、人机交互、计算机等相关专业优先； 较好的英文听说读写能力，能阅读专业论文；

同时，我们还希望你：
1、学习能力强，对新事物保有好奇心，并能快速适应新环境；
2、良好的沟通能力和团队协同能力；能与他人合作，共同完成目标；
3、对所在领域有热情，相信方法总比困难多，善于独立思考并反思总结。

一段全新、有意思的旅程正待开启！为了更全面的展现你自己，你还可以在简历中附上你认为自己最有意思的爱好、特长、经历，或是对未来有意思的畅想，没有限制，此项非必填。加入我们，一起打开有意思的未来！","岗位职责：
您将有机会负责AIGC多领域和业务场景的产品研究与用户洞察与分析，这里有广阔的空间并尊重想象和创造力。您将与最优秀团队合作，实现梦想中对世界那些小小的改变。
1、将深入的需求洞察和大数据结合，探索AI行业趋势和市场发展脉络，为业务提升找到最佳的突破点，并提供整体实现策略支持；
2、通过对用户和行业的洞察，建立从用户心智、体验、到行为的研究闭环，为产品、运营、研发等提供可快速落地的策略；
3、通过市场竞争分析、产品研究，确定核心问题及创新方向，支持产品的不断迭代和优化。
4、相关领域探索新的商业模式及用户在AI领域的互动，推动行业与体验的变革；

任职要求：
1、熟练掌握定性或定量研究方法，有较强的应用能力；
2、AI市场敏感度高，且能将用户洞察与商业\产品判断相联系；
3、心理学、统计学、社会学、应用数学、市场营销、传播学、人机交互、计算机等相关专业优先； 较好的英文听说读写能力，能阅读专业论文；

同时，我们还希望你：
1、学习能力强，对新事物保有好奇心，并能快速适应新环境；
2、良好的沟通能力和团队协同能力；能与他人合作，共同完成目标；
3、对所在领域有热情，相信方法总比困难多，善于独立思考并反思总结。

一段全新、有意思的旅程正待开启！为了更全面的展现你自己，你还可以在简历中附上你认为自己最有意思的爱好、特长、经历，或是对未来有意思的畅想，没有限制，此项非必填。加入我们，一起打开有意思的未来！","千问C端事业群","recruit","E:\CLX\project\interview-copilot-desktop\JD\阿里系\千问.txt"
"千问","https://talent.quark.cn","199900320005","视觉设计师","千问C端事业群 / 设计类 / 千问C端事业群秋季2026届应届生招聘","","","设计类","freshman","千问C端事业群秋季2026届应届生招聘","北京 / 广州","2025-08-13","modifyTime","","1755055102000","https://talent.quark.cn/campus/position/199900320005","1、项目产品营销活动设计（线上、线下）；
2、项目产品品牌设计/营销创意及传播执行； 
3、产品宣发期、预约期等创意和营销设计执行；
4、设计形式不限于广告、H5、网站等平面视觉。","1、具备非常优秀的视觉表达能力，能够熟练地使用平面、动效等常用设计工具；  
2、对AIGC设计趋势有敏锐嗅觉和前瞻性，能够以跨界的视角寻找设计创新点，能够基于公司业务现状或战略目标对设计风格以及方向做出正确判断； 
3、较好的团队意识及沟通表达能力，设计表达和展示能力强者优先，荣获市及以上等创意奖者优先； 
4、简历请附作品（相关作品附件或者链接）。

一段全新、有意思的旅程正待开启！为了更全面的展现你自己，你还可以在简历中附上你认为自己最有意思的爱好、特长、经历，或是对未来有意思的畅想，没有限制，此项非必填。加入我们，一起打开有意思的未来！","1、具备非常优秀的视觉表达能力，能够熟练地使用平面、动效等常用设计工具；  
2、对AIGC设计趋势有敏锐嗅觉和前瞻性，能够以跨界的视角寻找设计创新点，能够基于公司业务现状或战略目标对设计风格以及方向做出正确判断； 
3、较好的团队意识及沟通表达能力，设计表达和展示能力强者优先，荣获市及以上等创意奖者优先； 
4、简历请附作品（相关作品附件或者链接）。

一段全新、有意思的旅程正待开启！为了更全面的展现你自己，你还可以在简历中附上你认为自己最有意思的爱好、特长、经历，或是对未来有意思的畅想，没有限制，此项非必填。加入我们，一起打开有意思的未来！","岗位职责：
1、项目产品营销活动设计（线上、线下）；
2、项目产品品牌设计/营销创意及传播执行； 
3、产品宣发期、预约期等创意和营销设计执行；
4、设计形式不限于广告、H5、网站等平面视觉。

任职要求：
1、具备非常优秀的视觉表达能力，能够熟练地使用平面、动效等常用设计工具；  
2、对AIGC设计趋势有敏锐嗅觉和前瞻性，能够以跨界的视角寻找设计创新点，能够基于公司业务现状或战略目标对设计风格以及方向做出正确判断； 
3、较好的团队意识及沟通表达能力，设计表达和展示能力强者优先，荣获市及以上等创意奖者优先； 
4、简历请附作品（相关作品附件或者链接）。

一段全新、有意思的旅程正待开启！为了更全面的展现你自己，你还可以在简历中附上你认为自己最有意思的爱好、特长、经历，或是对未来有意思的畅想，没有限制，此项非必填。加入我们，一起打开有意思的未来！","千问C端事业群","recruit","E:\CLX\project\interview-copilot-desktop\JD\阿里系\千问.txt"
"千问","https://talent.quark.cn","199900320006","算法工程师-VLM训练","千问C端事业群 / 技术类 / 千问C端事业群秋季2026届应届生招聘","","","技术类","freshman","千问C端事业群秋季2026届应届生招聘","北京 / 杭州","2025-08-13","modifyTime","","1755055088000","https://talent.quark.cn/campus/position/199900320006","1. 跨模态长程预训练：设计并实现文本、图像、视频等多模态对齐与融合的长程训练策略，操控万卡级 GPU 集群，协同 Pretrain / CPT / SFT / RLVR / RLHF 全链路，对超大参数基座模型进行高效分布式优化。

2. 前沿技术攻坚：深入探索 MoE 稀疏化、训练算法与对齐范式创新、可解释性与质量监控、多模态推理、mRAG、百万 Token 级长文处理、Agent&工具链机制等底层原理与技术。

3. 高性能训练框架持续升级：与系统团队共建张量并行、流水并行、混合精度等高性能训练框架，持续提升训练吞吐与稳定性。

4. 学术与行业影响力打造：快速跟踪 NeurIPS / CVPR / ACL 等顶会成果及开源项目，输出专利与论文，树立行业技术标杆

5. 高速驱动夸克AI相关业务：赋能夸克 AI 相机、AI 搜索·深度思考、DeepResearch、创意写作、AI 助手等核心产品，实现多模态能力的快速迭代与落地。

加入我们，你将获得

1. 顶尖资源：与行业专家并肩作战，万卡算力与海量数据随手可用，持续挑战技术天花板。

2. 高速成长：极具竞争力的薪酬福利与纯粹的工程师文化，为你的职业加速。

3. 时代机遇：亲历 AGI 关键技术的诞生与规模化应用，在智能时代留下你的名字。

如果你渴望驰骋于大模型与 AGI 的蓝海，这里就是你的最佳舞台。立即加入我们，共创智能新时代！","1. 编程实力：精通 Python / C++ 等，熟悉深度学习主流框架（如 PyTorch）、混合精度、分布式训练与部署。

2. 多模态功底：在计算机视觉、跨模态理解或通用 AI 领域具备扎实的研究与落地经验。

3. 大模型经验：主导或深度参与过 >10B 参数模型的训练 / 推理优化，并产生显著业务影响。

4. 科研视野：在 ACL、CVPR、NeurIPS、ICLR 等顶会发表论文者优先。

5. 快速迭代：对新技术保持敏锐，能在未知领域迅速学习、实验并产品化。

6. AGI 信仰：对多模态智能与 AGI 未来充满热情和好奇。","1. 编程实力：精通 Python / C++ 等，熟悉深度学习主流框架（如 PyTorch）、混合精度、分布式训练与部署。

2. 多模态功底：在计算机视觉、跨模态理解或通用 AI 领域具备扎实的研究与落地经验。

3. 大模型经验：主导或深度参与过 >10B 参数模型的训练 / 推理优化，并产生显著业务影响。

4. 科研视野：在 ACL、CVPR、NeurIPS、ICLR 等顶会发表论文者优先。

5. 快速迭代：对新技术保持敏锐，能在未知领域迅速学习、实验并产品化。

6. AGI 信仰：对多模态智能与 AGI 未来充满热情和好奇。","岗位职责：
1. 跨模态长程预训练：设计并实现文本、图像、视频等多模态对齐与融合的长程训练策略，操控万卡级 GPU 集群，协同 Pretrain / CPT / SFT / RLVR / RLHF 全链路，对超大参数基座模型进行高效分布式优化。

2. 前沿技术攻坚：深入探索 MoE 稀疏化、训练算法与对齐范式创新、可解释性与质量监控、多模态推理、mRAG、百万 Token 级长文处理、Agent&工具链机制等底层原理与技术。

3. 高性能训练框架持续升级：与系统团队共建张量并行、流水并行、混合精度等高性能训练框架，持续提升训练吞吐与稳定性。

4. 学术与行业影响力打造：快速跟踪 NeurIPS / CVPR / ACL 等顶会成果及开源项目，输出专利与论文，树立行业技术标杆

5. 高速驱动夸克AI相关业务：赋能夸克 AI 相机、AI 搜索·深度思考、DeepResearch、创意写作、AI 助手等核心产品，实现多模态能力的快速迭代与落地。

加入我们，你将获得

1. 顶尖资源：与行业专家并肩作战，万卡算力与海量数据随手可用，持续挑战技术天花板。

2. 高速成长：极具竞争力的薪酬福利与纯粹的工程师文化，为你的职业加速。

3. 时代机遇：亲历 AGI 关键技术的诞生与规模化应用，在智能时代留下你的名字。

如果你渴望驰骋于大模型与 AGI 的蓝海，这里就是你的最佳舞台。立即加入我们，共创智能新时代！

任职要求：
1. 编程实力：精通 Python / C++ 等，熟悉深度学习主流框架（如 PyTorch）、混合精度、分布式训练与部署。

2. 多模态功底：在计算机视觉、跨模态理解或通用 AI 领域具备扎实的研究与落地经验。

3. 大模型经验：主导或深度参与过 >10B 参数模型的训练 / 推理优化，并产生显著业务影响。

4. 科研视野：在 ACL、CVPR、NeurIPS、ICLR 等顶会发表论文者优先。

5. 快速迭代：对新技术保持敏锐，能在未知领域迅速学习、实验并产品化。

6. AGI 信仰：对多模态智能与 AGI 未来充满热情和好奇。","千问C端事业群","recruit","E:\CLX\project\interview-copilot-desktop\JD\阿里系\千问.txt"
"千问","https://talent.quark.cn","199900300020","算法工程师-多模态问答","千问C端事业群 / 技术类 / 千问C端事业群秋季2026届应届生招聘","","","技术类","freshman","千问C端事业群秋季2026届应届生招聘","北京 / 杭州","2025-08-13","modifyTime","","1755055080000","https://talent.quark.cn/campus/position/199900300020","负责视觉AI搜索的算法能力建设，支持夸克AI相机、夸克眼镜等拍照问答场景；通过多模态/大模型技术持续提升用户与物理世界交互的能力，满足用户搜索/理解/解决问题等丰富需求，给出准确/可信/丰富的回答。
我们诚邀具备扎实算法功底与研究潜力的优秀应届毕业生加入，您将深入参与：
1.通过VL优化大幅提升图文理解、图文检索、生成模型等能力效果
2.构建不同场景下Agent的能力范式，包括mRAG、mm-Cot、边想边搜等
3.Agent 学习与优化，通过PostTraining持续提升模型自主决策和执行的能力
4.深度结合场景，对定向品类制定和落地解决方案，并与业务一起挖掘探索新场景","1.计算机或数学相关专业，优秀的算法功底，熟练掌握一门开发语言和算法框架
2.对大模型训练、多模态理解、多模态检索、Agent 等有一定了解，有相关经验优先
3.对ai有持续的学习热情，在相关会议或期刊(cvpr、acl、iccv等)有论文发表者优先","1.计算机或数学相关专业，优秀的算法功底，熟练掌握一门开发语言和算法框架
2.对大模型训练、多模态理解、多模态检索、Agent 等有一定了解，有相关经验优先
3.对ai有持续的学习热情，在相关会议或期刊(cvpr、acl、iccv等)有论文发表者优先","岗位职责：
负责视觉AI搜索的算法能力建设，支持夸克AI相机、夸克眼镜等拍照问答场景；通过多模态/大模型技术持续提升用户与物理世界交互的能力，满足用户搜索/理解/解决问题等丰富需求，给出准确/可信/丰富的回答。
我们诚邀具备扎实算法功底与研究潜力的优秀应届毕业生加入，您将深入参与：
1.通过VL优化大幅提升图文理解、图文检索、生成模型等能力效果
2.构建不同场景下Agent的能力范式，包括mRAG、mm-Cot、边想边搜等
3.Agent 学习与优化，通过PostTraining持续提升模型自主决策和执行的能力
4.深度结合场景，对定向品类制定和落地解决方案，并与业务一起挖掘探索新场景

任职要求：
1.计算机或数学相关专业，优秀的算法功底，熟练掌握一门开发语言和算法框架
2.对大模型训练、多模态理解、多模态检索、Agent 等有一定了解，有相关经验优先
3.对ai有持续的学习热情，在相关会议或期刊(cvpr、acl、iccv等)有论文发表者优先","千问C端事业群","recruit","E:\CLX\project\interview-copilot-desktop\JD\阿里系\千问.txt"
"千问","https://talent.quark.cn","199900260017","算法工程师-多模态理解&检索","千问C端事业群 / 技术类 / 千问C端事业群秋季2026届应届生招聘","","","技术类","freshman","千问C端事业群秋季2026届应届生招聘","北京 / 杭州","2025-08-13","modifyTime","","1755054940000","https://talent.quark.cn/campus/position/199900260017","在这里，你能接触业界前沿的图文内容理解和语义检索技术，依托夸克百亿图文和视频内容库，共同推动多模态前沿技术和创新在图片检索、视频检索、图片问答等场景的落地，你将深度参与：
1.通过前沿的多模态/大模型技术，对百亿图文和视频数据进行语义的对齐、知识的融合和提纯，包括：图片语义聚类、网页版面分析和文本内容供给、视频理解和语义对齐、图片视频caption等
2.多模态语义表征和匹配：基于多模态大模型更强的表征能力，统一各个模态的表征建模，提升各类检索任务的语义召回能力，包括：多模态表征模型的预训练、在各类检索任务上的后训练、指令化检索等","1.计算机、数学等相关专业，有良好的分析问题、解决问题能力和沟通协作能力
2.有扎实的深度学习技术基础，在多模态内容理解、语义检索等方面有一定的应用经验优先
3.对ai有持续的学习热情，在相关会议或期刊(cvpr、acl、iccv等)有论文发表者优先","1.计算机、数学等相关专业，有良好的分析问题、解决问题能力和沟通协作能力
2.有扎实的深度学习技术基础，在多模态内容理解、语义检索等方面有一定的应用经验优先
3.对ai有持续的学习热情，在相关会议或期刊(cvpr、acl、iccv等)有论文发表者优先","岗位职责：
在这里，你能接触业界前沿的图文内容理解和语义检索技术，依托夸克百亿图文和视频内容库，共同推动多模态前沿技术和创新在图片检索、视频检索、图片问答等场景的落地，你将深度参与：
1.通过前沿的多模态/大模型技术，对百亿图文和视频数据进行语义的对齐、知识的融合和提纯，包括：图片语义聚类、网页版面分析和文本内容供给、视频理解和语义对齐、图片视频caption等
2.多模态语义表征和匹配：基于多模态大模型更强的表征能力，统一各个模态的表征建模，提升各类检索任务的语义召回能力，包括：多模态表征模型的预训练、在各类检索任务上的后训练、指令化检索等

任职要求：
1.计算机、数学等相关专业，有良好的分析问题、解决问题能力和沟通协作能力
2.有扎实的深度学习技术基础，在多模态内容理解、语义检索等方面有一定的应用经验优先
3.对ai有持续的学习热情，在相关会议或期刊(cvpr、acl、iccv等)有论文发表者优先","千问C端事业群","recruit","E:\CLX\project\interview-copilot-desktop\JD\阿里系\千问.txt"
"千问","https://talent.quark.cn","199900300013","算法工程师 - 大模型 Post Training","千问C端事业群 / 技术类 / 千问C端事业群秋季2026届应届生招聘","","","技术类","freshman","千问C端事业群秋季2026届应届生招聘","北京 / 杭州","2025-08-13","modifyTime","","1755053608000","https://talent.quark.cn/campus/position/199900300013","夸克大模型团队致力于自主构建面向未来通用人工智能（AGI）的大模型技术能力。依托领先的工程基础与业务生态，已实现千亿参数规模模型的高效训练与部署，在通用搜索、医疗健康、教育学习、智能创作、职场办公等核心领域形成深度应用。  
我们诚邀具备扎实算法功底与研究潜力的优秀应届毕业生加入，围绕大模型的前沿技术展开系统性探索与工程落地，在这里您将深度参与： 
1. 参与研发基座 LLM、多模态大模型等下一代人工智能 Post-trianing 技术，探索 SFT 数据构建、高效稳定训练方法、多源模型融合、longCoT 训练等前沿技术方法，打造业界一流的大模型效果；
2. 参与构建多模态任务（如图文问答、视频对话）的协同训练策略，提升模型跨模态一致性；
3. 和算法、工程、评估团队协作，参与构建统一的数据处理、训练与评测方法；
4. 负责跟踪和研究大模型前沿技术，探索大模型技术在 AI 搜索、Agent 等公司业务场景中的大规模应用；","我们希望你
1. 具备出色的编程与工程实现能力，精通至少一门主流开发语言（如 C/C++、Java、Python 等）；
2. 在自然语言处理、计算机视觉、多模态建模或通用人工智能等方向具有良好学术基础与实践能力，熟悉深度学习主流框架（如 PyTorch、TensorFlow）；
3. 对大模型训练、多模态理解、Post-training 方法等有一定了解，有大模型相关研究或落地经验者优先；
4. 具备良好的科研能力，在相关领域国际顶级会议（ACL、EMNLP、CVPR、ICCV、NeurIPS、ICLR、AAAI 等）有论文发表者优先；
5. 计算机科学、人工智能、电子工程、数学、统计学等相关专业硕士及以上学历优先；
6. 具备快速学习与开拓创新的能力，对 AGI 的未来趋势与挑战有浓厚兴趣。","我们希望你
1. 具备出色的编程与工程实现能力，精通至少一门主流开发语言（如 C/C++、Java、Python 等）；
2. 在自然语言处理、计算机视觉、多模态建模或通用人工智能等方向具有良好学术基础与实践能力，熟悉深度学习主流框架（如 PyTorch、TensorFlow）；
3. 对大模型训练、多模态理解、Post-training 方法等有一定了解，有大模型相关研究或落地经验者优先；
4. 具备良好的科研能力，在相关领域国际顶级会议（ACL、EMNLP、CVPR、ICCV、NeurIPS、ICLR、AAAI 等）有论文发表者优先；
5. 计算机科学、人工智能、电子工程、数学、统计学等相关专业硕士及以上学历优先；
6. 具备快速学习与开拓创新的能力，对 AGI 的未来趋势与挑战有浓厚兴趣。","岗位职责：
夸克大模型团队致力于自主构建面向未来通用人工智能（AGI）的大模型技术能力。依托领先的工程基础与业务生态，已实现千亿参数规模模型的高效训练与部署，在通用搜索、医疗健康、教育学习、智能创作、职场办公等核心领域形成深度应用。  
我们诚邀具备扎实算法功底与研究潜力的优秀应届毕业生加入，围绕大模型的前沿技术展开系统性探索与工程落地，在这里您将深度参与： 
1. 参与研发基座 LLM、多模态大模型等下一代人工智能 Post-trianing 技术，探索 SFT 数据构建、高效稳定训练方法、多源模型融合、longCoT 训练等前沿技术方法，打造业界一流的大模型效果；
2. 参与构建多模态任务（如图文问答、视频对话）的协同训练策略，提升模型跨模态一致性；
3. 和算法、工程、评估团队协作，参与构建统一的数据处理、训练与评测方法；
4. 负责跟踪和研究大模型前沿技术，探索大模型技术在 AI 搜索、Agent 等公司业务场景中的大规模应用；

任职要求：
我们希望你
1. 具备出色的编程与工程实现能力，精通至少一门主流开发语言（如 C/C++、Java、Python 等）；
2. 在自然语言处理、计算机视觉、多模态建模或通用人工智能等方向具有良好学术基础与实践能力，熟悉深度学习主流框架（如 PyTorch、TensorFlow）；
3. 对大模型训练、多模态理解、Post-training 方法等有一定了解，有大模型相关研究或落地经验者优先；
4. 具备良好的科研能力，在相关领域国际顶级会议（ACL、EMNLP、CVPR、ICCV、NeurIPS、ICLR、AAAI 等）有论文发表者优先；
5. 计算机科学、人工智能、电子工程、数学、统计学等相关专业硕士及以上学历优先；
6. 具备快速学习与开拓创新的能力，对 AGI 的未来趋势与挑战有浓厚兴趣。","千问C端事业群","recruit","E:\CLX\project\interview-copilot-desktop\JD\阿里系\千问.txt"
