company,source_schema,title,business_line,location,publish_date,post_url,responsibility,requirement_text,experience_text,jd_text
美团,meituan_detail_20260609,LongCat - 大模型数据运营,核心本地商业-基础研发平台,北京市、成都市,2026-05-28,https://zhaopin.meituan.com/web/position/detail?jobUnionId=3285026405&highlightType=social,围绕不同场景智能体应用，拆解多轮、规划、插件调用等核心能力，建立评测和标注体系；主导标注人员管理与数据构建；设计自动化数据合成及清洗方案；监测智能体效果并输出系统化分析报告。,本科及以上，计算机/人工智能相关背景；1年以上大模型标注/评测经验，接触过agent或智能系统应用；强调细节和端到端效果，具备良好沟通协作能力。优先：智能体数据建设、大规模数据合成和清洗经验。,1年,"岗位职责：
围绕不同场景智能体应用，拆解多轮、规划、插件调用等核心能力，建立评测和标注体系；主导标注人员管理与数据构建；设计自动化数据合成及清洗方案；监测智能体效果并输出系统化分析报告。

任职要求：
本科及以上，计算机/人工智能相关背景；1年以上大模型标注/评测经验，接触过agent或智能系统应用；强调细节和端到端效果，具备良好沟通协作能力。优先：智能体数据建设、大规模数据合成和清洗经验。"
美团,meituan_detail_20260609,LongCat - Codesign AI 架构师,核心本地商业-基础研发平台,北京市、上海市,2026-05-28,https://zhaopin.meituan.com/web/position/detail?jobUnionId=4254863736&highlightType=social,参与基座大模型项目，围绕训练与推理做架构优化探索，包括高效Attention、MoE、预后训练调优、投机推理、模型轻量化、Agentic优化策略和应用，产出创新性算法工程成果并在业务场景落地。,计算机及相关专业，硕博优先；熟悉主流深度学习与大规模训推框架，在大模型训练和推理优化方面有经验；熟悉主流大模型架构；有顶会论文或架构优化相关论文优先；具备良好团队合作与沟通能力。,不限,"岗位职责：
参与基座大模型项目，围绕训练与推理做架构优化探索，包括高效Attention、MoE、预后训练调优、投机推理、模型轻量化、Agentic优化策略和应用，产出创新性算法工程成果并在业务场景落地。

任职要求：
计算机及相关专业，硕博优先；熟悉主流深度学习与大规模训推框架，在大模型训练和推理优化方面有经验；熟悉主流大模型架构；有顶会论文或架构优化相关论文优先；具备良好团队合作与沟通能力。"
美团,meituan_detail_20260609,LongCat - Pretrain Infra AI 工程师,核心本地商业-基础研发平台,北京市,2026-05-28,https://zhaopin.meituan.com/web/position/detail?jobUnionId=1466951634&highlightType=social,参与超大规模AI大模型训练平台建设；负责LLM Alignment工程方案支持与优化，协同业务和算法效果迭代；跟进RAG、MemGPT、MetaGPT、WebGPT等前沿算法与架构。,熟悉分布式训练原理与Megatron/Zero/FSDP等范式；熟悉LLM推理优化和量化原理；了解强化学习基础及其在LLM的应用；熟悉Python/C++/CUDA；熟悉GPT/VIT等模型结构，有实际优化经验更佳。,3年,"岗位职责：
参与超大规模AI大模型训练平台建设；负责LLM Alignment工程方案支持与优化，协同业务和算法效果迭代；跟进RAG、MemGPT、MetaGPT、WebGPT等前沿算法与架构。

任职要求：
熟悉分布式训练原理与Megatron/Zero/FSDP等范式；熟悉LLM推理优化和量化原理；了解强化学习基础及其在LLM的应用；熟悉Python/C++/CUDA；熟悉GPT/VIT等模型结构，有实际优化经验更佳。"
美团,meituan_detail_20260609,LongCat - 异构算力 AI 工程师,核心本地商业-基础研发平台,北京市、上海市,2026-05-28,https://zhaopin.meituan.com/web/position/detail?jobUnionId=4285596871&highlightType=social,围绕大模型异构算力集群做训练和推理场景的算力评估、适配和维护，覆盖分布式优化框架、PyTorch、kernel算子、集合通信和Benchmark评测等工作。,有扎实计算机基础，熟练掌握C++或Python；具备问题分析与解决能力；对LLM和多模态模型有基本算法理解；有训练或推理场景实践。优先：PyTorch分布式、NCCL、CUDA、GPU/NPU经验。,1年,"岗位职责：
围绕大模型异构算力集群做训练和推理场景的算力评估、适配和维护，覆盖分布式优化框架、PyTorch、kernel算子、集合通信和Benchmark评测等工作。

任职要求：
有扎实计算机基础，熟练掌握C++或Python；具备问题分析与解决能力；对LLM和多模态模型有基本算法理解；有训练或推理场景实践。优先：PyTorch分布式、NCCL、CUDA、GPU/NPU经验。"
美团,meituan_detail_20260609,LongCat - 大模型数据策略运营,核心本地商业-基础研发平台,北京市、上海市、成都市,2026-06-01,https://zhaopin.meituan.com/web/position/detail?jobUnionId=4476108218&highlightType=social,针对大模型Coding场景，拆解代码生成、补全等核心能力，建立标注和评测体系；主导代码标注资源管理与数据构建；设计自动化数据合成及清洗方案；监测模型效果并持续优化数据方案。,本科及以上，计算机/软件工程/人工智能相关背景；具备扎实编程基础，熟练Python并掌握Java/C++/JavaScript之一；1年以上大模型数据运营经验。优先：代码类数据生产经验、开发工程师经验。,2年,"岗位职责：
针对大模型Coding场景，拆解代码生成、补全等核心能力，建立标注和评测体系；主导代码标注资源管理与数据构建；设计自动化数据合成及清洗方案；监测模型效果并持续优化数据方案。

任职要求：
本科及以上，计算机/软件工程/人工智能相关背景；具备扎实编程基础，熟练Python并掌握Java/C++/JavaScript之一；1年以上大模型数据运营经验。优先：代码类数据生产经验、开发工程师经验。"
美团,meituan_detail_20260609,LongCat - 高性能算子 AI 工程师,核心本地商业-基础研发平台,北京市、上海市,2026-05-28,https://zhaopin.meituan.com/web/position/detail?jobUnionId=2978735823&highlightType=social,参与超大规模AI大模型训练和推理平台建设，研发高性能训推算子模块，提升平台MFU/MBU；协同框架算法设计训推方案，并调研业界前沿技术。,扎实计算机理论基础；熟练CUDA和GPU架构，或具备国产AI设备编程经验；熟悉高性能kernel开发、FlashAttention等；熟悉大模型训练推理架构和性能优化实践。,2年,"岗位职责：
参与超大规模AI大模型训练和推理平台建设，研发高性能训推算子模块，提升平台MFU/MBU；协同框架算法设计训推方案，并调研业界前沿技术。

任职要求：
扎实计算机理论基础；熟练CUDA和GPU架构，或具备国产AI设备编程经验；熟悉高性能kernel开发、FlashAttention等；熟悉大模型训练推理架构和性能优化实践。"
美团,meituan_detail_20260609,LongCat - Agentic RL AI 工程师,核心本地商业-基础研发平台,北京市、上海市,2026-05-28,https://zhaopin.meituan.com/web/position/detail?jobUnionId=2431837310&highlightType=social,参与超大规模多模态大模型训练Infra建设；负责多模态基座模型训练框架架构迭代、稳定性、易用性、可运维与可观测能力建设；负责数万卡和数万亿参数规模训练性能优化。,扎实计算机理论基础，熟练掌握C++或Python；熟悉CUDA/NPU、RDMA优先；深入了解PyTorch/TensorFlow引擎及深度定制；熟悉Megatron-LM、DeepSpeed、多维并行和多模态模型结构。,不限,"岗位职责：
参与超大规模多模态大模型训练Infra建设；负责多模态基座模型训练框架架构迭代、稳定性、易用性、可运维与可观测能力建设；负责数万卡和数万亿参数规模训练性能优化。

任职要求：
扎实计算机理论基础，熟练掌握C++或Python；熟悉CUDA/NPU、RDMA优先；深入了解PyTorch/TensorFlow引擎及深度定制；熟悉Megatron-LM、DeepSpeed、多维并行和多模态模型结构。"
美团,meituan_detail_20260609,LongCat - 后训练算法研究员,核心本地商业-基础研发平台,北京市、上海市,2026-05-28,https://zhaopin.meituan.com/web/position/detail?jobUnionId=4487581555&highlightType=social,深度参与LongCat模型基础能力优化，包括指令遵循、幻觉、推理、智能体等；探索大规模RL和多目标RL训练方案；探索Long Horizon场景的大模型优化方案，包括数据合成、上下文管理和长上下文RL。,深入理解大模型开发流程，熟悉预训练、指令微调和RL流程与框架；具备扎实算法和数学基础及良好编程基础，熟悉自然语言处理、生成式AI和机器学习；目标感强，善于分析和推动上下游协作。,不限,"岗位职责：
深度参与LongCat模型基础能力优化，包括指令遵循、幻觉、推理、智能体等；探索大规模RL和多目标RL训练方案；探索Long Horizon场景的大模型优化方案，包括数据合成、上下文管理和长上下文RL。

任职要求：
深入理解大模型开发流程，熟悉预训练、指令微调和RL流程与框架；具备扎实算法和数学基础及良好编程基础，熟悉自然语言处理、生成式AI和机器学习；目标感强，善于分析和推动上下游协作。"
美团,meituan_detail_20260609,LongCat - 通用 agent 算法研究员,核心本地商业-基础研发平台,北京市、上海市,2026-05-28,https://zhaopin.meituan.com/web/position/detail?jobUnionId=4302139093&highlightType=social,通过Large Scale RL训练模型在真实全模态环境中稳定使用Tools、Skills和Subagents；探索高信息密度memory的构建、维护和复用；提升长程任务拆解与多agent并行执行能力；探索多模态推理与环境交互范式。,本科及以上，计算机、人工智能、自动化、数学、物理等相关专业；在强化学习、大模型训练、Agent等领域有深入研究与实践；具备好奇心驱动、自主探索和协作能力。,不限,"岗位职责：
通过Large Scale RL训练模型在真实全模态环境中稳定使用Tools、Skills和Subagents；探索高信息密度memory的构建、维护和复用；提升长程任务拆解与多agent并行执行能力；探索多模态推理与环境交互范式。

任职要求：
本科及以上，计算机、人工智能、自动化、数学、物理等相关专业；在强化学习、大模型训练、Agent等领域有深入研究与实践；具备好奇心驱动、自主探索和协作能力。"
美团,meituan_detail_20260609,LongCat - Search Agent 算法研究员,核心本地商业-基础研发平台,北京市、上海市,2026-05-28,https://zhaopin.meituan.com/web/position/detail?jobUnionId=3750031159&highlightType=social,深度参与LongCat基模Agent能力优化，围绕DeepSearch、DeepResearch等Search Agent能力以及生活服务真实世界复杂任务上的Agentic能力做创新研究；探索大模型+Agent+搜索的新技术和产品范式。,硕士及以上，计算机科学、人工智能、自然语言处理等相关领域优先；熟悉PyTorch/TensorFlow等框架，具备极强AI Coding能力；具备丰富模型训练调优经验；顶会论文或竞赛获奖优先。,3年,"岗位职责：
深度参与LongCat基模Agent能力优化，围绕DeepSearch、DeepResearch等Search Agent能力以及生活服务真实世界复杂任务上的Agentic能力做创新研究；探索大模型+Agent+搜索的新技术和产品范式。

任职要求：
硕士及以上，计算机科学、人工智能、自然语言处理等相关领域优先；熟悉PyTorch/TensorFlow等框架，具备极强AI Coding能力；具备丰富模型训练调优经验；顶会论文或竞赛获奖优先。"
美团,meituan_detail_20260609,LongCat - 预训练算法研究员,核心本地商业-基础研发平台,北京市、上海市,2026-05-28,https://zhaopin.meituan.com/web/position/detail?jobUnionId=4518447096&highlightType=social,探索下一代大模型训练范式，从模型结构、训练策略、数据策略和算力利用率等角度打造更强基座模型；研究高效模型结构、科学训练策略、模型结构与数据耦合、多阶段训练及MLsys联合设计。,熟悉NLP、LLM、MLsys、Optimization、OR、Control、RL等相关领域之一或多个方向；熟悉主流大模型技术和PyTorch、Megatron、DeepSpeed、vLLM、SGLang等框架。优先：开源核心贡献或高水平论文。,1年,"岗位职责：
探索下一代大模型训练范式，从模型结构、训练策略、数据策略和算力利用率等角度打造更强基座模型；研究高效模型结构、科学训练策略、模型结构与数据耦合、多阶段训练及MLsys联合设计。

任职要求：
熟悉NLP、LLM、MLsys、Optimization、OR、Control、RL等相关领域之一或多个方向；熟悉主流大模型技术和PyTorch、Megatron、DeepSpeed、vLLM、SGLang等框架。优先：开源核心贡献或高水平论文。"
美团,meituan_detail_20260609,LongCat - 多模态算法研究员,核心本地商业-基础研发平台,北京市、上海市,2026-05-28,https://zhaopin.meituan.com/web/position/detail?jobUnionId=4518445342&highlightType=social,探索下一代原生多模态基础模型，研究多模态与文本深度融合、多模态数据挖掘与构建、视觉表征与tokenizer设计，以及通过强化学习激发长程多模态生成与交互能力。,熟悉Python、PyTorch/Megatron/DeepSpeed等训练框架，有大规模预训练或数据pipeline经验；满足以下至少一项：有多模态数据挖掘/清洗/质量控制经验，或对视觉表征和多模融合策略有深入理解。优先：多模态基座研究、视觉tokenizer、图像生成模型经验或论文。,1年,"岗位职责：
探索下一代原生多模态基础模型，研究多模态与文本深度融合、多模态数据挖掘与构建、视觉表征与tokenizer设计，以及通过强化学习激发长程多模态生成与交互能力。

任职要求：
熟悉Python、PyTorch/Megatron/DeepSpeed等训练框架，有大规模预训练或数据pipeline经验；满足以下至少一项：有多模态数据挖掘/清洗/质量控制经验，或对视觉表征和多模融合策略有深入理解。优先：多模态基座研究、视觉tokenizer、图像生成模型经验或论文。"
美团,meituan_detail_20260609,LongCat - 语音大模型算法研究员,核心本地商业-基础研发平台,北京市、上海市,2026-05-28,https://zhaopin.meituan.com/web/position/detail?jobUnionId=3771069370&highlightType=social,负责语音识别和声纹技术研发，优化在线语音识别服务在客服、出行、美团App等业务中的准确率，并探索语音大模型和多模态前沿技术。,有扎实工程基础，熟练掌握Python或C++；具备机器学习经验基础，熟悉常见深度学习算法。优先：语音、NLP、CV背景，语音大模型、多模态相关研发经验。,1年,"岗位职责：
负责语音识别和声纹技术研发，优化在线语音识别服务在客服、出行、美团App等业务中的准确率，并探索语音大模型和多模态前沿技术。

任职要求：
有扎实工程基础，熟练掌握Python或C++；具备机器学习经验基础，熟悉常见深度学习算法。优先：语音、NLP、CV背景，语音大模型、多模态相关研发经验。"
美团,meituan_detail_20260609,LongCat大模型 - 基座 Agent 评测分析研究员,核心本地商业-基础研发平台,北京市、上海市,2026-05-29,https://zhaopin.meituan.com/web/position/detail?jobUnionId=3604450999&highlightType=social,围绕大模型评测研究，构建科学有效的评测方案，理解大模型能力边界；重点包括通用模型的Agent能力评测、Computer Use/Code Agent/通用搜索等产品级Agent评测方案，以及长周期人机协作和Agent能力边界探索。,硕士及以上，计算机或相关专业，博士优先；在ML/NLP/RL/CV/Speech等方向有扎实研究基础，顶会论文优先；具备优秀代码和算法功底；在大模型或强化学习领域主导过影响力项目/论文优先。,2年,"岗位职责：
围绕大模型评测研究，构建科学有效的评测方案，理解大模型能力边界；重点包括通用模型的Agent能力评测、Computer Use/Code Agent/通用搜索等产品级Agent评测方案，以及长周期人机协作和Agent能力边界探索。

任职要求：
硕士及以上，计算机或相关专业，博士优先；在ML/NLP/RL/CV/Speech等方向有扎实研究基础，顶会论文优先；具备优秀代码和算法功底；在大模型或强化学习领域主导过影响力项目/论文优先。"
美团,meituan_detail_20260609,LongCat - 大模型推理 AI 工程师（多方向）,核心本地商业-基础研发平台,北京市、上海市,2026-05-29,https://zhaopin.meituan.com/web/position/detail?jobUnionId=4479586282&highlightType=social,负责大模型推理引擎的研发和优化，包括推理系统优化、模型量化压缩和部署；开发和维护基于大规模数据的推理引擎；解决推理技术难题并开展相关技术研究。,本科及以上，3年以上软件开发经验，有推理引擎开发经验优先；熟练掌握C++、CUDA；熟悉机器学习与深度学习理论和Transformer结构优化；熟悉主流深度学习和推理框架；具备团队合作与沟通能力。,3年,"岗位职责：
负责大模型推理引擎的研发和优化，包括推理系统优化、模型量化压缩和部署；开发和维护基于大规模数据的推理引擎；解决推理技术难题并开展相关技术研究。

任职要求：
本科及以上，3年以上软件开发经验，有推理引擎开发经验优先；熟练掌握C++、CUDA；熟悉机器学习与深度学习理论和Transformer结构优化；熟悉主流深度学习和推理框架；具备团队合作与沟通能力。"
美团,meituan_detail_20260609,LongCat - 具身智能算法研究员,核心本地商业-基础研发平台,北京市、上海市、深圳市,2026-05-28,https://zhaopin.meituan.com/web/position/detail?jobUnionId=4041386111&highlightType=social,参与具身智能大模型方向前沿算法研究，支撑感知、规划、行动与控制的数据生成、模型训练优化和评测迭代；研发VLA和真机强化学习路线，协同工程推动真机部署和Sim-to-Real。,计算机科学、机器人学、人工智能、自动化相关硕博，有1年以上相关研究经历；精通Python，熟悉C++优先，熟练掌握PyTorch；在具身智能和VLA方向有深入研究；顶会论文优先。,1年,"岗位职责：
参与具身智能大模型方向前沿算法研究，支撑感知、规划、行动与控制的数据生成、模型训练优化和评测迭代；研发VLA和真机强化学习路线，协同工程推动真机部署和Sim-to-Real。

任职要求：
计算机科学、机器人学、人工智能、自动化相关硕博，有1年以上相关研究经历；精通Python，熟悉C++优先，熟练掌握PyTorch；在具身智能和VLA方向有深入研究；顶会论文优先。"
美团,meituan_detail_20260609,LongCat - 具身图形算法工程师,核心本地商业-基础研发平台,北京市、上海市,2026-05-28,https://zhaopin.meituan.com/web/position/detail?jobUnionId=4151489050&highlightType=social,从事具身方向图形算法相关研究，包括仿真平台研发、3D AIGC资产和场景生成重建、以及具身智能场景下强化学习框架研发与新训练范式探索。,计算机科学或相关领域学士/硕士/博士；具备扎实编程能力、自驱力和快速学习能力；对人工智能、计算机图形学、机器人有相关经验；在相关顶级会议或期刊发表论文者优先。,3年,"岗位职责：
从事具身方向图形算法相关研究，包括仿真平台研发、3D AIGC资产和场景生成重建、以及具身智能场景下强化学习框架研发与新训练范式探索。

任职要求：
计算机科学或相关领域学士/硕士/博士；具备扎实编程能力、自驱力和快速学习能力；对人工智能、计算机图形学、机器人有相关经验；在相关顶级会议或期刊发表论文者优先。"
美团,meituan_detail_20260609,LongCat - Agentic Coding算法研究员,核心本地商业-基础研发平台,北京市,2026-05-29,https://zhaopin.meituan.com/web/position/detail?jobUnionId=4517801293&highlightType=social,负责代码全链路训练，包括pretrain、midtrain、SFT、RL，提升代码生成、理解、修复能力；构建高质量Coding数据生产与评估体系；构建面向Coding的大规模RL训练体系；研究超长上下文、多文件关联和仓库级知识记忆。,具备扎实机器学习、深度学习、强化学习功底，相关专业硕士/博士优先；动手能力强，熟练掌握Python；在顶级会议发表论文或高质量开源项目有贡献优先；对大模型训练、推理和Agent执行复杂问题有热情。,1年,"岗位职责：
负责代码全链路训练，包括pretrain、midtrain、SFT、RL，提升代码生成、理解、修复能力；构建高质量Coding数据生产与评估体系；构建面向Coding的大规模RL训练体系；研究超长上下文、多文件关联和仓库级知识记忆。

任职要求：
具备扎实机器学习、深度学习、强化学习功底，相关专业硕士/博士优先；动手能力强，熟练掌握Python；在顶级会议发表论文或高质量开源项目有贡献优先；对大模型训练、推理和Agent执行复杂问题有热情。"
美团,meituan_detail_20260609,LongCat大模型 - Agent 评测产品经理（欢迎算法/工程转型）,核心本地商业-基础研发平台,北京市、上海市,2026-05-29,https://zhaopin.meituan.com/web/position/detail?jobUnionId=4301295312&highlightType=social,围绕OpenClaw、Claude Code等主流Agent框架设计长程任务场景评测体系；设计Coding和数据分析等生产力场景的端到端评测流程，搭建自动化数据生产与Rubrics pipeline；建立评测-归因-策略建议-效果验证的闭环；持续跟踪前沿Agent框架并适配评测策略。,本科及以上，1年以上大模型评测或智能体应用落地相关经验；关注评测方案科学性和新范式，对Claude Code/OpenClaw等工具链演进保持敏感；具备数据归因分析、沟通协作和资源管理能力。优先：计算机背景、理解大模型/Agent机制、工作中能熟练用AI提效。,3年,"岗位职责：
围绕OpenClaw、Claude Code等主流Agent框架设计长程任务场景评测体系；设计Coding和数据分析等生产力场景的端到端评测流程，搭建自动化数据生产与Rubrics pipeline；建立评测-归因-策略建议-效果验证的闭环；持续跟踪前沿Agent框架并适配评测策略。

任职要求：
本科及以上，1年以上大模型评测或智能体应用落地相关经验；关注评测方案科学性和新范式，对Claude Code/OpenClaw等工具链演进保持敏感；具备数据归因分析、沟通协作和资源管理能力。优先：计算机背景、理解大模型/Agent机制、工作中能熟练用AI提效。"
美团,meituan_detail_20260609,LongCat - 数据策略与数据科学算法研究员,核心本地商业-基础研发平台,北京市、上海市,2026-05-28,https://zhaopin.meituan.com/web/position/detail?jobUnionId=4517224406&highlightType=social,聚焦大规模预训练数据的理解、筛选、配比、合成与系统化迭代，建立数据分布、训练动态与模型能力之间的可解释映射；研究数据价值建模、动态配比、合成数据、训练闭环以及污染/偏差/隐私等风险缓解。,熟悉Python和PyTorch等框架，具备机器学习、深度学习、概率统计和算法基础；熟悉大语言模型或多模态基础模型训练流程；对预训练数据清洗、去重、污染检测、质量评估、覆盖度建模等有系统性理解；具备优秀实验设计和分析能力。,1年,"岗位职责：
聚焦大规模预训练数据的理解、筛选、配比、合成与系统化迭代，建立数据分布、训练动态与模型能力之间的可解释映射；研究数据价值建模、动态配比、合成数据、训练闭环以及污染/偏差/隐私等风险缓解。

任职要求：
熟悉Python和PyTorch等框架，具备机器学习、深度学习、概率统计和算法基础；熟悉大语言模型或多模态基础模型训练流程；对预训练数据清洗、去重、污染检测、质量评估、覆盖度建模等有系统性理解；具备优秀实验设计和分析能力。"
美团,meituan_detail_20260609,LongCat大模型 - 基座agent评测分析研究员（生产力方向）,核心本地商业-基础研发平台,北京市、上海市,2026-05-29,https://zhaopin.meituan.com/web/position/detail?jobUnionId=4381199673&highlightType=social,负责围绕AI大模型算法的认知分析研究，深度参与通用生产力在Claude Code/OpenClaw等场景下的基座模型能力优化迭代；设计长路径、多步骤交互任务集，探索Agent在复杂任务中的能力边界和前沿评测范式。,硕士及以上，计算机、数学或相关专业；熟悉Java/Python/C++，具备良好编码习惯和工程能力；具有机器学习、深度学习、NLP、多模态或大模型基础；具备工匠精神、沟通合作意识和解决问题能力。优先：AI前沿敏感度、Agent框架使用经验。,不限,"岗位职责：
负责围绕AI大模型算法的认知分析研究，深度参与通用生产力在Claude Code/OpenClaw等场景下的基座模型能力优化迭代；设计长路径、多步骤交互任务集，探索Agent在复杂任务中的能力边界和前沿评测范式。

任职要求：
硕士及以上，计算机、数学或相关专业；熟悉Java/Python/C++，具备良好编码习惯和工程能力；具有机器学习、深度学习、NLP、多模态或大模型基础；具备工匠精神、沟通合作意识和解决问题能力。优先：AI前沿敏感度、Agent框架使用经验。"
美团,meituan_detail_20260609,LongCat大模型 - 多模及具身基座大模型评测研究员,核心本地商业-基础研发平台,北京市、上海市,2026-05-29,https://zhaopin.meituan.com/web/position/detail?jobUnionId=3848257556&highlightType=social,负责多模态大模型在全模态生成与理解、具身智能和GUI Agent等方向的模型能力分析和训练策略优化，研究训练数据、训练策略和模型能力关系，产出评测方案和训练策略。,硕士及以上，计算机、数学、统计学或相关专业；熟悉Python/C++，具备工程能力；具有深度学习和大模型原理基础，且在多模态大模型或具身智能之一有研究经验；沟通协作和问题解决能力强。优先：顶会论文、具身实践、全模态统一生成理解经验。,1年,"岗位职责：
负责多模态大模型在全模态生成与理解、具身智能和GUI Agent等方向的模型能力分析和训练策略优化，研究训练数据、训练策略和模型能力关系，产出评测方案和训练策略。

任职要求：
硕士及以上，计算机、数学、统计学或相关专业；熟悉Python/C++，具备工程能力；具有深度学习和大模型原理基础，且在多模态大模型或具身智能之一有研究经验；沟通协作和问题解决能力强。优先：顶会论文、具身实践、全模态统一生成理解经验。"
美团,meituan_detail_20260609,LongCat大模型 - 大模型评测平台产品经理,核心本地商业-基础研发平台,北京市、上海市,2026-05-29,https://zhaopin.meituan.com/web/position/detail?jobUnionId=3506281745&highlightType=social,主导评测平台核心功能迭代，包括训练过程追踪、评测集数据管理、实验自动化、多维报表系统和动态评测榜单；跟进大模型能力迭代，提升评测科学性和稳定性监控；优化评测数据建设、实验和结果追踪流程，提升实验人效。,具备强产品思维与用户洞察力，能够将需求转化为高可用功能；精通数据分析，能通过指标定位系统瓶颈；熟悉大模型评测关键技术栈和主流评测框架；具备出色跨团队协作和敏捷项目管理能力。优先：大模型评测平台经验、一定开发基础、主导算法与产品协同项目经验。,3年,"岗位职责：
主导评测平台核心功能迭代，包括训练过程追踪、评测集数据管理、实验自动化、多维报表系统和动态评测榜单；跟进大模型能力迭代，提升评测科学性和稳定性监控；优化评测数据建设、实验和结果追踪流程，提升实验人效。

任职要求：
具备强产品思维与用户洞察力，能够将需求转化为高可用功能；精通数据分析，能通过指标定位系统瓶颈；熟悉大模型评测关键技术栈和主流评测框架；具备出色跨团队协作和敏捷项目管理能力。优先：大模型评测平台经验、一定开发基础、主导算法与产品协同项目经验。"
美团,meituan_detail_20260609,LongCat - 多模态交互算法研究员,核心本地商业-基础研发平台,北京市、上海市、深圳市,2026-05-28,https://zhaopin.meituan.com/web/position/detail?jobUnionId=3139280187&highlightType=social,研究多模态实时表征、统一模型结构与训练策略、实时交互核心算法，以及交互式思考模型和流式工具调用等下一代交互范式，逼近全模态统一智能。,计算机、人工智能等相关专业硕士/博士；具备扎实视觉、语音与深度学习理论基础；深入理解VLM、Audio LLM等至少一项前沿技术；精通PyTorch并有大规模分布式训练经验；顶级会议论文优先。,1年,"岗位职责：
研究多模态实时表征、统一模型结构与训练策略、实时交互核心算法，以及交互式思考模型和流式工具调用等下一代交互范式，逼近全模态统一智能。

任职要求：
计算机、人工智能等相关专业硕士/博士；具备扎实视觉、语音与深度学习理论基础；深入理解VLM、Audio LLM等至少一项前沿技术；精通PyTorch并有大规模分布式训练经验；顶级会议论文优先。"
美团,meituan_detail_20260609,LongCat大模型 - 基座大模型评测分析研究员,核心本地商业-基础研发平台,上海市、北京市,2026-05-29,https://zhaopin.meituan.com/web/position/detail?jobUnionId=3057805095&highlightType=social,负责围绕AI大模型的模型评测与模型研究，分析模型异常与效果问题，构建Data-Centric的数据-训练-评测闭环，研究数据配比与时机对效果的影响，深度参与预训练、SFT、RLHF和评测阶段。,硕士及以上，计算机、数学、统计学或相关专业；熟悉Java/Python/C++，具备良好编码习惯和工程能力；具有较强算法研究经验，熟练掌握NLP、多模态或大模型相关算法；综合素质、沟通和复杂问题解决能力强。优先：顶会论文、AI开发或研究经验、大模型深入使用经验。,2年,"岗位职责：
负责围绕AI大模型的模型评测与模型研究，分析模型异常与效果问题，构建Data-Centric的数据-训练-评测闭环，研究数据配比与时机对效果的影响，深度参与预训练、SFT、RLHF和评测阶段。

任职要求：
硕士及以上，计算机、数学、统计学或相关专业；熟悉Java/Python/C++，具备良好编码习惯和工程能力；具有较强算法研究经验，熟练掌握NLP、多模态或大模型相关算法；综合素质、沟通和复杂问题解决能力强。优先：顶会论文、AI开发或研究经验、大模型深入使用经验。"
美团,meituan_detail_20260609,LongCat - 大模型训练 AI 工程师（多方向）,核心本地商业-基础研发平台,北京市、上海市,2026-05-29,https://zhaopin.meituan.com/web/position/detail?jobUnionId=4480704667&highlightType=social,覆盖文本/多模态预训练、强化学习框架、异构算力适配和高性能内核四个方向，负责分布式训练系统、在线RL训练系统、多种异构算力验证适配以及高性能kernel定制开发。,计算机、电子工程、数学等相关专业硕士及以上；3年以上大模型训练/推理/分布式系统开发经验；熟悉PyTorch/Megatron-LM/DeepSpeed等框架内部实现；熟悉分布式并行策略或高性能算子开发；具备扎实C++/Python/CUDA能力和10B+模型训练经验。,3年,"岗位职责：
覆盖文本/多模态预训练、强化学习框架、异构算力适配和高性能内核四个方向，负责分布式训练系统、在线RL训练系统、多种异构算力验证适配以及高性能kernel定制开发。

任职要求：
计算机、电子工程、数学等相关专业硕士及以上；3年以上大模型训练/推理/分布式系统开发经验；熟悉PyTorch/Megatron-LM/DeepSpeed等框架内部实现；熟悉分布式并行策略或高性能算子开发；具备扎实C++/Python/CUDA能力和10B+模型训练经验。"
美团,meituan_detail_20260609,LongCat - 大模型自进化与自动化研究智能体研究员,核心本地商业-基础研发平台,北京市、上海市,2026-05-28,https://zhaopin.meituan.com/web/position/detail?jobUnionId=4491091941&highlightType=social,研发下一代自动化研究智能体系统，构建从问题发现、假设生成、实验执行到结果验证、经验沉淀和策略迭代的自进化闭环；重点覆盖自动化研究环境、长程上下文与记忆、reward设计、评测体系和策略库复用。,扎实算法功底，熟悉NLP和机器学习，对大模型和AGI有热情；熟悉Python/Java等编程语言，动手能力强；熟悉PyTorch/Megtron/Huggingface/Triton/vLLM/SGLang等框架并有项目经验；顶会论文、开源项目或权威评测名次优先。优先：模型研发全链路、Coding Agent/AI scientist/Deep Research/长期记忆系统经验。,不限,"岗位职责：
研发下一代自动化研究智能体系统，构建从问题发现、假设生成、实验执行到结果验证、经验沉淀和策略迭代的自进化闭环；重点覆盖自动化研究环境、长程上下文与记忆、reward设计、评测体系和策略库复用。

任职要求：
扎实算法功底，熟悉NLP和机器学习，对大模型和AGI有热情；熟悉Python/Java等编程语言，动手能力强；熟悉PyTorch/Megtron/Huggingface/Triton/vLLM/SGLang等框架并有项目经验；顶会论文、开源项目或权威评测名次优先。优先：模型研发全链路、Coding Agent/AI scientist/Deep Research/长期记忆系统经验。"
美团,meituan_detail_20260609,产品经理,核心本地商业-美团平台,北京市,2026-04-28,https://zhaopin.meituan.com/web/position/detail?jobUnionId=4131315764&highlightType=social,负责Push承接页面设计与迭代；联动商业化引入全业务线供给，搭建供需匹配链路，提升访购率；设计转化玩法和人群-承接匹配策略，提升商业化收入；数据驱动迭代，沉淀SOP；结合AI/大模型能力探索产品智能化方向。,三年以上互联网产品经验，有本地生活/商业化增长经验者优先；理解用户分层，具备转化类产品设计能力；优秀跨部门协同能力和数据分析能力；具备AI产品思维，能结合大模型/AI Agent等能力进行产品设计与体验优化。,3年,"岗位职责：
负责Push承接页面设计与迭代；联动商业化引入全业务线供给，搭建供需匹配链路，提升访购率；设计转化玩法和人群-承接匹配策略，提升商业化收入；数据驱动迭代，沉淀SOP；结合AI/大模型能力探索产品智能化方向。

任职要求：
三年以上互联网产品经验，有本地生活/商业化增长经验者优先；理解用户分层，具备转化类产品设计能力；优秀跨部门协同能力和数据分析能力；具备AI产品思维，能结合大模型/AI Agent等能力进行产品设计与体验优化。"
美团,meituan_detail_20260609,AI应用产品经理（B端）,核心本地商业-美团平台,北京市,2026-05-19,https://zhaopin.meituan.com/web/position/detail?jobUnionId=3343483756&highlightType=social,负责Agent产品在商业分析场景下的评测体系构建，客观全面评估产品真实价值并驱动模型/产品优化；持续迭代评估方法论、标准、Benchmark和工具平台；开展线上AB/用户数据/评估报告分析，提出问题解决建议并推动迭代。,有AIGC、AI产品应用直接从业经验≥2年，toB应用场景偏AI助手或AI预测方向优先；对数据变化敏感，能设计验证方案；具备优秀项目管理和协同推动能力；了解AI Agent技术原理，关注行业前沿动态。,2年,"岗位职责：
负责Agent产品在商业分析场景下的评测体系构建，客观全面评估产品真实价值并驱动模型/产品优化；持续迭代评估方法论、标准、Benchmark和工具平台；开展线上AB/用户数据/评估报告分析，提出问题解决建议并推动迭代。

任职要求：
有AIGC、AI产品应用直接从业经验≥2年，toB应用场景偏AI助手或AI预测方向优先；对数据变化敏感，能设计验证方案；具备优秀项目管理和协同推动能力；了解AI Agent技术原理，关注行业前沿动态。"
美团,meituan_detail_20260609,AI产品经理,大众点评,北京市、上海市,2025-05-02,https://zhaopin.meituan.com/web/position/detail?jobUnionId=3183476736&highlightType=social,负责点评大模型产品功能规划与设计，并与算法团队协作落地；理解并落地RAG策略、Prompt拼接、训练数据构造/清洗等大模型工作流程；准确理解用户需求并推动用户体验持续完善。,本科及以上，2年以上AI或相关领域工作经验；对AI前沿技术有强烈主动学习意愿；逻辑思维、团队协作和沟通能力强。优先：大语言模型经历或创业经历，对美食和探店场景有理解。,2年,"岗位职责：
负责点评大模型产品功能规划与设计，并与算法团队协作落地；理解并落地RAG策略、Prompt拼接、训练数据构造/清洗等大模型工作流程；准确理解用户需求并推动用户体验持续完善。

任职要求：
本科及以上，2年以上AI或相关领域工作经验；对AI前沿技术有强烈主动学习意愿；逻辑思维、团队协作和沟通能力强。优先：大语言模型经历或创业经历，对美食和探店场景有理解。"
美团,meituan_detail_20260609,Agent评测产品经理,核心本地商业-基础研发平台,北京市、上海市,2025-07-01,https://zhaopin.meituan.com/web/position/detail?jobUnionId=2891688499&highlightType=social,拆解智能体核心能力，设计分层评测方案和端到端产品评测框架；主导高复杂度评测集设计与自动化筛选合成；建立人工评测标注规范和团队能力矩阵；基于评测结果输出归因报告并反哺训练方案和数据迭代。,本科及以上，1年以上大模型评测或智能体应用落地相关经验；具备数据集建设和标注标准制定经验；关注细节与端到端效果；具备沟通能力、团队搭建与管理能力。优先：大模型评测方案设计、团队管理、通用智能体深入了解或开发落地经验。,3年,"岗位职责：
拆解智能体核心能力，设计分层评测方案和端到端产品评测框架；主导高复杂度评测集设计与自动化筛选合成；建立人工评测标注规范和团队能力矩阵；基于评测结果输出归因报告并反哺训练方案和数据迭代。

任职要求：
本科及以上，1年以上大模型评测或智能体应用落地相关经验；具备数据集建设和标注标准制定经验；关注细节与端到端效果；具备沟通能力、团队搭建与管理能力。优先：大模型评测方案设计、团队管理、通用智能体深入了解或开发落地经验。"
