manual_rank,priority_group,model_rank,Rank,SelectionMethod,SourceRowIndex,company,title,RecruitPostName,BusinessLine,location,LocationName,publish_date,LastUpdateTime,PostURL,total_score,experience_gate,role_risk,Responsibility,Requirement,ManualMatchReason,PotentialGap,why_selected,main_gap,interview_focus,business_line,source_row_index,requirement_text,post_url
1,主攻,1,1,执行日2026-06-09；近3个月过滤+排除5年以上/硕士及以上+豆包评分后人工重排,62,钉钉,钉钉-AI产品经理-开放平台,钉钉-AI产品经理-开放平台,产品类-用户型,杭州,杭州,2026-06-08,2026-06-08,https://talent.dingtalk.com/off-campus/position-detail?positionId=100011660008&track_id=SSP1780969973639kiVYVWUqXc9873,89,2+年,中,"你将主导下一代AI Agent和AI开放体系的产品定义与落地，你的工作将重新定义人与AI的协作边界，在钉钉打造AI时代的工作方式。
1、负责2B场景的AI原生应用和开放体系的研究、产品设计及落地，为优秀的AI原生产品效果、AI开放体系构建及客户结果负责；
2、根据客户特性和业务场景反推需要建设或引入的AI能力，保障AI原生产品效果在行业里有竞争力；
3、持续跟踪和洞察AI领域前沿动态及趋势，将技术理解和应用创新或改造及时结合，保障产品形态和效果在行业里处于引领地位。","1、2年以上AI/大模型相关产品经验，主导过至少一个端到端AI产品或Agent类产品；
2、对LLM、Agent架构、工具调用、RAG、OpenClaw等技术有扎实理解，能与算法工程师高效对话；
3、具备复杂任务拆解与建模能力，能将模糊目标转化为结构化执行路径；
4、熟悉人机交互（HAI）设计原则，关注可靠性、可解释性与用户信任构建；
5、强烈的技术好奇心与快速自驱的学习能力，关注行业动态和新技术，预判趋势并转化为产品机会；
6、优秀的逻辑思维、沟通协调与跨团队推动力；
7、有开放平台产品经验或有AI coding经验优先。",AI + ToB + 开放平台三点同时命中，且明确要求 2 年以上 AI/大模型产品经验，最能复用你的 AI 中台、Agent 工作流、平台治理叙事。,缺少开放生态直接经历，需要把 MCP/Skill/权限治理/模型接入讲成平台方法论。,AI + ToB + 开放平台三点同时命中，且明确要求 2 年以上 AI/大模型产品经验，最能复用你的 AI 中台、Agent 工作流、平台治理叙事。,缺少开放生态直接经历，需要把 MCP/Skill/权限治理/模型接入讲成平台方法论。,主讲 AI 中台统一接入层、Agent 编排、权限边界、效果评估与产品工程能力。,产品类-用户型,62,"1、2年以上AI/大模型相关产品经验，主导过至少一个端到端AI产品或Agent类产品；
2、对LLM、Agent架构、工具调用、RAG、OpenClaw等技术有扎实理解，能与算法工程师高效对话；
3、具备复杂任务拆解与建模能力，能将模糊目标转化为结构化执行路径；
4、熟悉人机交互（HAI）设计原则，关注可靠性、可解释性与用户信任构建；
5、强烈的技术好奇心与快速自驱的学习能力，关注行业动态和新技术，预判趋势并转化为产品机会；
6、优秀的逻辑思维、沟通协调与跨团队推动力；
7、有开放平台产品经验或有AI coding经验优先。",https://talent.dingtalk.com/off-campus/position-detail?positionId=100011660008&track_id=SSP1780969973639kiVYVWUqXc9873
2,主攻,4,2,执行日2026-06-09；近3个月过滤+排除5年以上/硕士及以上+豆包评分后人工重排,55,阿里云,阿里云智能-无影产品经理-杭州,阿里云智能-无影产品经理-杭州,云智能集团,杭州,杭州,2026-04-14,2026-04-14,https://careers.aliyun.com/off-campus/position-detail?positionId=100009823002&track_id=SSP1780969973185aLUhYYhyWD7353,82,3+年,中高,"1. 市场洞察和需求分析
1）通过调研和用户沟通，分析 AI 产品在 to B场景下的使用情况，洞察企业客户的真实需求和痛点。
2）跟踪 AI 技术演进、竞品迭代和行业趋势，结合技术能力做市场与竞品分析，为产品方向提供依据。
2. 产品规划、设计及全生命周期管理
1) 基于云电脑设计企业级AI智能办公平台，打造可管可控、多场景适配的企业级AI办公方案。
2) 结合云电脑+AI，对企业级落地的场景、方案和产品形态进行思考和设计。
3) 负责产品开发的项目管理，把控关键节点，做好多端、多场景的适配与支撑，高效整合资源推进落地。
4) 协调研发团队完成开发、测试、上线，保障产品按期交付并达成预期效果。
5) 持续关注产品使用情况，推动产品改进和新功能孵化，提升易用性，优化稳定性、安全性、性能和成本。
6) 做好产品合规与风险防控，排查数据安全、合规、廉正、资损等隐患，保障日常运维与服务质量。","1. 产品思维：以业务需求为中心，善于洞察用户痛点，主动驱动产品易用性与效率的持续迭代优化。
2. 跨团队推动力：能高效拉通研发、售前、运营及市场等多方资源，确保产品需求按时保质交付。
3. 责任心强，耐心细致：适应敏捷开发与高迭代节奏，在压力下仍能保持耐心细致，确保持续输出高质量的工作成果。
4. 拥有3年以上B端产品或云平台产品经验；有模型管理平台、AI中台或云基础设施产品经验者优先考虑。
5. 大模型技术理解力：深入理解大模型技术原理，熟悉推理链路、OpenAI兼容API调用机制及Token成本结构；具备与技术团队进行深度对话的能力。
6. 熟悉产商品体系：精通云产品全生命周期管理，熟悉产品发布流程、计费策略设计及产品文档体系建设，具备从需求到商业化落地的端到端闭环能力。",仍然是企业级 AI 办公平台方向，强调大模型理解、平台能力和端到端落地闭环，在不新增淘天岗位的前提下，是最接近你 AI 中台与企业提效经历的替补岗之一。,云电脑、云基础设施和商业化体系经验不足，且岗位默认更偏 3 年以上 B 端/云平台背景。,仍然是企业级 AI 办公平台方向，强调大模型理解、平台能力和端到端落地闭环，在不新增淘天岗位的前提下，是最接近你 AI 中台与企业提效经历的替补岗之一。,云电脑、云基础设施和商业化体系经验不足，且岗位默认更偏 3 年以上 B 端/云平台背景。,重点讲 AI 中台统一接入、成本/稳定性治理、跨团队推进和企业级产品全生命周期能力。,云智能集团,55,"1. 产品思维：以业务需求为中心，善于洞察用户痛点，主动驱动产品易用性与效率的持续迭代优化。
2. 跨团队推动力：能高效拉通研发、售前、运营及市场等多方资源，确保产品需求按时保质交付。
3. 责任心强，耐心细致：适应敏捷开发与高迭代节奏，在压力下仍能保持耐心细致，确保持续输出高质量的工作成果。
4. 拥有3年以上B端产品或云平台产品经验；有模型管理平台、AI中台或云基础设施产品经验者优先考虑。
5. 大模型技术理解力：深入理解大模型技术原理，熟悉推理链路、OpenAI兼容API调用机制及Token成本结构；具备与技术团队进行深度对话的能力。
6. 熟悉产商品体系：精通云产品全生命周期管理，熟悉产品发布流程、计费策略设计及产品文档体系建设，具备从需求到商业化落地的端到端闭环能力。",https://careers.aliyun.com/off-campus/position-detail?positionId=100009823002&track_id=SSP1780969973185aLUhYYhyWD7353
3,主攻,8,3,执行日2026-06-09；近3个月过滤+排除5年以上/硕士及以上+豆包评分后人工重排,190,淘天,淘宝平台事业部-AI产品经理-阿里资产,淘宝平台事业部-AI产品经理-阿里资产,淘天,杭州,杭州,2026-05-26,2026-05-26,https://talent.taotian.com/off-campus/position-detail?positionId=100013680001&track_id=SSP1780969975591RkiCsndLoS8123,78,1+年,中,"1. 场景洞察与价值定义
● 深入业务一线（如区域运营团队、策略中心），识别高价值、可标准化的 AI 落地场景（如资产信息智能化处理、营销自动化）；
● 定义清晰的业务成功指标（如净收入提升、效率倍增、错误率降低），并与业务方达成共识；
2. AI Agent 系统设计与流程再造
● 主导 AI Native 业务流程设计，拆解复杂任务为可被 Agent 执行的子任务，定义人机协同边界；
● 与技术团队共同设计 Agent 的工作流、提示词策略、工具调用逻辑及异常处理机制；
● 构建数据飞轮：设计用户反馈闭环，确保业务使用产生的数据能反哺模型优化；
3. 端到端交付与项目管理
● 在业务专项制下，担任或协同专项 PM，驱动产品、技术、运营接口人高效协作；
● 建立敏捷迭代机制，通过 A/B 测试、灰度发布等方式快速验证效果，基于数据果断调整方向；
4. 技术理解与能力共建
● 保持对前沿 AI 技术（LLM、RAG、Agent 框架、多模态）的敏感度，评估其在资产业务中的适用性；
● 参与技术选型讨论，从产品视角提供关于用户体验、可扩展性、维护成本的输入；
● 沉淀 AI 产品方法论，通过案例分享、内部培训等方式，提升团队整体的 AI 认知和产品能力；
5. 跨部门协同与沟通
● 在矩阵式组织中，有效协调区域运营团队（执行侧）与策略中心/行业专家组（能力侧）的资源与期望；
● 以清晰的书面和口头沟通，向不同背景的利益相关者（业务、技术、管理层）传达产品愿景、进展和权衡。","1. 本科及以上学历，计算机科学、信息管理、数学、统计等相关专业，有技术背景（曾从事开发、数据分析）转做产品的候选人优先；
2. 一年以上AI、数据平台、B 端复杂系统或金融科技领域经验，有成功的 AI 产品从 0 到 1 落地并产生显著业务价值的案例（需提供具体数据和场景描述），能在模糊环境中独立发现问题、定义问题并推动解；
3. 深刻理解 LLM 的能力边界、幻觉问题、成本结构；熟悉 Agent 设计范式、RAG 架构、提示工程基本原理，能熟练运用 SQL 或数据分析工具进行自助式数据探索；能定义清晰的数据指标体系和实验方案；
4. 能与工程师流畅讨论技术可行性、架构取舍、性能瓶颈，理解 API、微服务、云基础设施的基本概念；
5. 擅长梳理复杂业务流，识别痛点和不合理环节，并能设计出兼顾效率与风控的新流程；
6. 适应快节奏、高不确定性的创业氛围，能在资源受限情况下找到突破口，对新技术保持好奇，能快速学习并应用到实际工作中，愿意接受失败，从中快速复盘成长。

【加分项】
1. 有不良资产管理、金融科技、供应链金融等行业背景：
2. 有搭建过 AI 中台、数据中台或大型 B 端 SaaS 平台的经验；
3. 熟悉 Azure、AWS 等云平台及其 AI 服务；
4. 有开源社区贡献或个人 AI 项目作品；
5. 具备基本的 Python 或 SQL 编程能力，能独立完成简单数据验证或原型开发。",明确接受 1 年以上 AI/数据平台/B 端复杂系统经验，且要求 0-1 落地、SQL/数据分析、LLM/RAG/Agent，跟你的简历最贴。,缺少不良资产和金融科技垂类背景，但这属于业务知识可补，不是能力断层。,明确接受 1 年以上 AI/数据平台/B 端复杂系统经验，且要求 0-1 落地、SQL/数据分析、LLM/RAG/Agent，跟你的简历最贴。,缺少不良资产和金融科技垂类背景，但这属于业务知识可补，不是能力断层。,要把商机评分、合同审核、复杂流程重构讲成数据驱动的企业效率产品案例。,淘天,190,"1. 本科及以上学历，计算机科学、信息管理、数学、统计等相关专业，有技术背景（曾从事开发、数据分析）转做产品的候选人优先；
2. 一年以上AI、数据平台、B 端复杂系统或金融科技领域经验，有成功的 AI 产品从 0 到 1 落地并产生显著业务价值的案例（需提供具体数据和场景描述），能在模糊环境中独立发现问题、定义问题并推动解；
3. 深刻理解 LLM 的能力边界、幻觉问题、成本结构；熟悉 Agent 设计范式、RAG 架构、提示工程基本原理，能熟练运用 SQL 或数据分析工具进行自助式数据探索；能定义清晰的数据指标体系和实验方案；
4. 能与工程师流畅讨论技术可行性、架构取舍、性能瓶颈，理解 API、微服务、云基础设施的基本概念；
5. 擅长梳理复杂业务流，识别痛点和不合理环节，并能设计出兼顾效率与风控的新流程；
6. 适应快节奏、高不确定性的创业氛围，能在资源受限情况下找到突破口，对新技术保持好奇，能快速学习并应用到实际工作中，愿意接受失败，从中快速复盘成长。

【加分项】
1. 有不良资产管理、金融科技、供应链金融等行业背景：
2. 有搭建过 AI 中台、数据中台或大型 B 端 SaaS 平台的经验；
3. 熟悉 Azure、AWS 等云平台及其 AI 服务；
4. 有开源社区贡献或个人 AI 项目作品；
5. 具备基本的 Python 或 SQL 编程能力，能独立完成简单数据验证或原型开发。",https://talent.taotian.com/off-campus/position-detail?positionId=100013680001&track_id=SSP1780969975591RkiCsndLoS8123
4,主攻,13,4,执行日2026-06-09；近3个月过滤+排除5年以上/硕士及以上+豆包评分后人工重排,162,淘天,淘宝平台事业部-AI产品经理-内控治理,淘宝平台事业部-AI产品经理-内控治理,淘天,杭州,杭州,2026-05-28,2026-05-28,https://talent.taotian.com/off-campus/position-detail?positionId=100013700004&track_id=SSP1780969975591cZtyHxoLKB3084,76,未写明,中低,"1. 深入理解淘天业务和内控治理场景，识别AI在内控各类工作场景中的产品机会，推动内控工作模式升级；
2. 负责内控AI产品的方案设计与能力规划，围绕智能评审、智能感知和风险治理等方向，设计核心功能、Workflow、Prompt、规则与交互机制，输出高质量产品方案；
3. 联动算法、工程、数据、运营及业务团队，将LLM、RAG、Agent、多模态等能力转化为可规模化落地的产品能力，推动内控核心技能的Agent化与产品化；
4. 负责内控AI产品在真实场景中的上线、验证与持续优化，建立覆盖产品效果、风险识别、人工接管、反馈训练和场景渗透的评估体系，通过数据分析和用户反馈持续迭代产品；
5. 推动对话训练、记忆沉淀、经验萃取、规则模板、最佳样例等资产建设，逐步形成面向组织级治理能力升级的产品底座。","1. 本科及以上学历，计算机、人工智能、数学、统计、信息管理等相关专业优先；
2. 理解AIGC及大模型应用相关知识，熟悉Prompt Engineering、RAG、Agent、Workflow等常见AI产品范式；
3. 具备较强的抽象能力和复杂问题拆解能力，能够将业务场景、规则逻辑和角色协作关系转化为产品方案；
4. 有较强的数据意识，能够使用SQL、Python或其他分析工具进行效果分析和问题定位；
5. 对风险治理、审计、内控、合规、企业效率工具等场景有兴趣或相关经验者优先；
6. 具备优秀的沟通协同能力和学习能力，对新技术保持敏感，并能从实际业务价值出发推动落地。",偏审计、规则、角色协作和复杂流程拆解，与你的合同评审、权限边界、风控可控性设计有天然迁移关系。,没有电商内控经验，需要提前准备互联网治理场景下的指标和流程表达。,偏审计、规则、角色协作和复杂流程拆解，与你的合同评审、权限边界、风控可控性设计有天然迁移关系。,没有电商内控经验，需要提前准备互联网治理场景下的指标和流程表达。,主讲规则抽象、风险分层、人工复核闭环、数据验证与 AI 边界控制。,淘天,162,"1. 本科及以上学历，计算机、人工智能、数学、统计、信息管理等相关专业优先；
2. 理解AIGC及大模型应用相关知识，熟悉Prompt Engineering、RAG、Agent、Workflow等常见AI产品范式；
3. 具备较强的抽象能力和复杂问题拆解能力，能够将业务场景、规则逻辑和角色协作关系转化为产品方案；
4. 有较强的数据意识，能够使用SQL、Python或其他分析工具进行效果分析和问题定位；
5. 对风险治理、审计、内控、合规、企业效率工具等场景有兴趣或相关经验者优先；
6. 具备优秀的沟通协同能力和学习能力，对新技术保持敏感，并能从实际业务价值出发推动落地。",https://talent.taotian.com/off-campus/position-detail?positionId=100013700004&track_id=SSP1780969975591cZtyHxoLKB3084
5,主攻,20,5,执行日2026-06-09；近3个月过滤+排除5年以上/硕士及以上+豆包评分后人工重排,1,阿里巴巴,ATH-AI创新事业部-Qoder 产品经理-企业级能力方向,ATH-AI创新事业部-Qoder 产品经理-企业级能力方向,阿里巴巴,北京 / 杭州,北京 / 杭州,2026-06-03,2026-06-03,https://talent-holding.alibaba.com/off-campus/position-detail?positionId=100010623002&track_id=SSP1780969970339SEhWzdfoMt4258,74,2+年,中,"我们是AI Coding团队，我们的作品是Qoder、QoderWork。加入我们，你将参与核心功能设计、开发者体验优化与企业级生态整合，与顶尖的产品、研发和设计团队共同打造行业标杆级 AI 编程产品。
你将会：
- 参与Qoder / Qoder Work 核心功能的产品规划与迭代，覆盖企业知识引擎、上下文工程管理、Agent 工作流等方向；
- 深入用户真实工作流，洞察高频痛点，设计可落地的 AI 场景方案；
- 与前端、后端团队紧密协作，推动快速迭代，持续打磨用户体验；
- 持续跟进 LLM 与 AI Agent 前沿进展，将新技术转化为产品能力；
- 通过数据分析与用户反馈闭环（日活、功能使用率、NPS），驱动产品策略持续进化。","我们需要你：
- 多个产品功能模块或独立产品负责人经验，成功产品/项目经验；
- 2 年以上产品经理经验，有开发工具或 SaaS 产品背景——能从技术可行性、业务价值和用户体验的交汇处设计方案；
- 有 B端企业软件产品经理2年以上的工作经验，熟悉企业采购决策、实施交付、客户成功等环节；
- 优秀的英语能力，能阅读前沿论文，参与全球开发者社区。",2 年以上 + B 端企业软件 + SaaS + 开发工具/AI 能力抽象，这组要求和你的企业 AI 平台、流程提效、复杂协同经验更顺，且比被替换岗位少一层采购垂域包袱。,开发者工具与全球社区英语语境仍是短板，需要把企业级能力抽象讲得更硬。,2 年以上 + B 端企业软件 + SaaS + 开发工具/AI 能力抽象，这组要求和你的企业 AI 平台、流程提效、复杂协同经验更顺，且比被替换岗位少一层采购垂域包袱。,开发者工具与全球社区英语语境仍是短板，需要把企业级能力抽象讲得更硬。,主讲企业级能力抽象、工作流设计、交付与客户成功协同，以及技术可行性和业务价值的平衡。,阿里巴巴,1,"我们需要你：
- 多个产品功能模块或独立产品负责人经验，成功产品/项目经验；
- 2 年以上产品经理经验，有开发工具或 SaaS 产品背景——能从技术可行性、业务价值和用户体验的交汇处设计方案；
- 有 B端企业软件产品经理2年以上的工作经验，熟悉企业采购决策、实施交付、客户成功等环节；
- 优秀的英语能力，能阅读前沿论文，参与全球开发者社区。",https://talent-holding.alibaba.com/off-campus/position-detail?positionId=100010623002&track_id=SSP1780969970339SEhWzdfoMt4258
6,主攻,14,6,执行日2026-06-09；近3个月过滤+排除5年以上/硕士及以上+豆包评分后人工重排,15,阿里巴巴,企业智能事业部-高级产品经理-HR域,企业智能事业部-高级产品经理-HR域,产品类-平台型,杭州,杭州,2026-06-04,2026-06-04,https://talent-holding.alibaba.com/off-campus/position-detail?positionId=100011300005&track_id=SSP1780969970339RgiMQVmnQh2905,76,1+年,中高,"在这里，你将直面阿里巴巴这一超大规模组织中最复杂、最多元的HR服务场景；同时，你也将拥有集团在AI领域最前沿的技术资源与战略支持。作为HR AI Native变革的核心推动者，你将与我们一同，用AI重塑HR服务的未来范式。
1. 参与阿里巴巴集团HR AI产品和子产品的建设。
2. 深入理解HR业务流程与用户痛点，将业务需求转化为AI产品方案，完成从用户调研、场景拆解到AI产品落地输出的全流程，确保产品方案兼具业务价值与技术可行性。
3. 持续追踪AI领域（尤其是大模型、Agent框架）的最新进展，评估新技术在HR场景中的适用性，快速将前沿能力转化为可落地的产品方案。","1. 本科及以上学历，计算机、软件、人工智能等相关专业优先，有跨国公司或国内大型企业或著名咨询公司经验优先，其中至少1年AI产品或企业数字化系统产品经验。
2. 具备AI产品实际落地经验，参与或主导过AI应用产品设计与上线；熟练掌握市面主流的AI生产力工具，具备AI原型构建工具及VibeCoding成熟能力。
3. 有飞书、企业微信、钉钉或企业HR等TO B产品或AI应用积累优先。
4. 具备出色的逻辑思维和结构化表达能力，能将复杂业务和技术问题抽象为清晰的产品方案。
5. 自驱力强，对AI+HR领域有热情，持续关注Anthropic、OpenAI等头部厂商的最新技术动态与最佳实践；有AI Agent产品从0到1经验者优先。",至少 1 年 AI 或企业数字化系统经验即可，HR 场景虽然垂直，但企业协同、权限、流程和 AI 提效逻辑与你过去项目相通。,缺 HR 业务沉淀，且高级 title 有一定压力。,至少 1 年 AI 或企业数字化系统经验即可，HR 场景虽然垂直，但企业协同、权限、流程和 AI 提效逻辑与你过去项目相通。,缺 HR 业务沉淀，且高级 title 有一定压力。,提前准备招聘/SSC/组织效率类场景，把你做过的人机协同和审核闭环迁移过去。,产品类-平台型,15,"1. 本科及以上学历，计算机、软件、人工智能等相关专业优先，有跨国公司或国内大型企业或著名咨询公司经验优先，其中至少1年AI产品或企业数字化系统产品经验。
2. 具备AI产品实际落地经验，参与或主导过AI应用产品设计与上线；熟练掌握市面主流的AI生产力工具，具备AI原型构建工具及VibeCoding成熟能力。
3. 有飞书、企业微信、钉钉或企业HR等TO B产品或AI应用积累优先。
4. 具备出色的逻辑思维和结构化表达能力，能将复杂业务和技术问题抽象为清晰的产品方案。
5. 自驱力强，对AI+HR领域有热情，持续关注Anthropic、OpenAI等头部厂商的最新技术动态与最佳实践；有AI Agent产品从0到1经验者优先。",https://talent-holding.alibaba.com/off-campus/position-detail?positionId=100011300005&track_id=SSP1780969970339RgiMQVmnQh2905
7,主攻,16,7,执行日2026-06-09；近3个月过滤+排除5年以上/硕士及以上+豆包评分后人工重排,167,淘天,天猫事业部-运营AI产品经理-杭州,天猫事业部-运营AI产品经理-杭州,淘天,杭州,杭州,2026-06-08,2026-06-08,https://talent.taotian.com/off-campus/position-detail?positionId=100017480001&track_id=SSP1780969975591uAaCKBXJaQ8321,76,1-3年,中,"1、独立负责AI Agent在企业内部运营场景下的产品设计和策略落地，包括评测合适的模型，设计完整的Harness工程，效果评测与调优，场景skill集成等，为Agent的最终业务效果负责；
2、支撑内部行业运营人员的日常运营链路全面AI化升级，包括通用的AI运营助理，商家、商品、营销等重点运营领域的skill等建设；
3、基于对行业和用户的深入洞察，结合对大模型能力的理解和边界认知，挖掘AI在行业运营场景的机会点，助力运营提效；
4、与行业运营深度协作，并与各场景方、技术、算法等团队密切合作，快速推进重要项目落地和实现规模化运营；","1、有较强的业务理解能力，能够快速洞察业务场景中的痛点问题并结合AI的最新能力发展，挖掘契合点；
2、有1-3年AI产品经验并能持续保持对AI技术发展，行业领先AI产品的学习，对AI技术优势和边界等有深刻理解；
3、良好的沟通能力和问题分析解决能力，跨团队协作能力和推动能力强，承压能力佳；
4、有非常强的动手能力，可以自己直接上手完成构建Agent、skill，上线产品demo；
5、有电商、ToB、SaaS等相关经验，深度AI产品使用者优先；",岗位明确写 1-3 年 AI 产品经验，强调能直接搭 Agent、skill、demo，这与你的产品工程和 MVP 落地能力非常对口。,缺电商运营经验，需要说明你如何快速理解业务并找到 AI 提效节点。,岗位明确写 1-3 年 AI 产品经验，强调能直接搭 Agent、skill、demo，这与你的产品工程和 MVP 落地能力非常对口。,缺电商运营经验，需要说明你如何快速理解业务并找到 AI 提效节点。,展示你能亲手搭 Demo、快速验证、用数据和 badcase 迭代 AI 效果。,淘天,167,"1、有较强的业务理解能力，能够快速洞察业务场景中的痛点问题并结合AI的最新能力发展，挖掘契合点；
2、有1-3年AI产品经验并能持续保持对AI技术发展，行业领先AI产品的学习，对AI技术优势和边界等有深刻理解；
3、良好的沟通能力和问题分析解决能力，跨团队协作能力和推动能力强，承压能力佳；
4、有非常强的动手能力，可以自己直接上手完成构建Agent、skill，上线产品demo；
5、有电商、ToB、SaaS等相关经验，深度AI产品使用者优先；",https://talent.taotian.com/off-campus/position-detail?positionId=100017480001&track_id=SSP1780969975591uAaCKBXJaQ8321
8,主攻,15,8,执行日2026-06-09；近3个月过滤+排除5年以上/硕士及以上+豆包评分后人工重排,13,阿里巴巴,ATH-AI创新事业部-Qoder 产品经理-AI 创新方向,ATH-AI创新事业部-Qoder 产品经理-AI 创新方向,产品类-商业型,北京 / 杭州,北京 / 杭州,2026-06-07,2026-06-07,https://talent-holding.alibaba.com/off-campus/position-detail?positionId=100011623001&track_id=SSP1780969970339xkqHhdXdAo6581,76,2+年,中,"阿里巴巴旗下的 AI Coding 创新团队，致力于重新定义 AI 与人协作的方式。我们正在打造一个新的场景，将Coding Agent的能力泛化，让 AI 真正从""辅助工具""进化为""工作主体""，实现长时间自主运行、独立承接真实任务、稳定持续交付最终产物，彻底革新人类的工作方式。我们正寻找富有激情、创造力和前瞻性思维的精英人才加入，共同定义 AI Agent 时代的产品形态。

1、负责全新 AI Agent 产品的全生命周期管理，从 0 到 1 定义产品形态、能力边界与演进路径,包括市场研究、产品战略制定、功能设计、用户体验优化及产品增长;
2、洞察行业趋势和技术发展，确保产品在快速演进的 AI Agent 领域保持领先地位;
3、设计创新的人机协作交互范式，围绕 Agent 的长时运行、云端执行、异步任务调度、规划执行、记忆与自进化、上下文管理等核心机制，打造直观、可信、引人入胜的产品体验;
4、深入理解开发者、知识行业等用户真实工作流，洞察高频、高价值的工作场景，识别适合由 Agent 自主承接的任务类型，设计端到端的任务交付路径; 
5、与 UI/UX、工程团队紧密协作，将底层 Agent 能力转化为稳定、可控、符合用户心智的产品体验，持续提升视觉、交互和智能化表现;
6、通过深度用户研究、数据分析和持续实验，驱动任务成功率、自主完成率、用户信任度与长期留存等核心指标的提升;
7、建立和维护与 key stakeholders 的关系，包括内部团队、合作伙伴和重要客户，确保产品战略的顺利实施。","1、本科及以上学历，计算机相关专业优先；2 年及以上产品经理经验，有 AI Agent、开发者工具、云产品、SaaS类产品经验或程序员经验优先；对 AI 技术有浓厚兴趣，能快速理解并应用最新 AI 技术到产品中;
2、具备基础的编程知识、云计算知识，能与技术团队进行高效沟通；深入理解 AI Agent 在真实工程环境中的能力边界、实现挑战与最佳实践;
3、具备扎实的产品策划能力，有出色的分析能力和创新思维，了解全球 AI Agent 领域的产品现状，能洞察市场趋势并提出创新产品方案;
4、具备将行业场景产品化的能力，可以抽象出AI Agent与各行各业的结合点并将其产品化；
5、对交互设计有敏锐直觉，并将其与技术结合，以用户价值优先，打磨卓越的用户体验;
6、优秀的项目管理能力，能有效协调和推动跨职能团队合作；出色的口头和书面沟通技巧，能清晰表达复杂概念并影响决策；在快速变化的技术环境中展现适应力和问题解决能力;
7、有足够的主人翁意识和逻辑思维，独立思考，具有创新精神和冒险意愿，积极主动的工作态度，能在模糊情况下定义明确方向；
8、优秀的英语读写能力，能流畅阅读和理解技术文档、产品资料和学术论文。",2 年以上产品经验门槛相对合理，且聚焦 AI Agent、SaaS、开发者工具和行业产品化，符合你偏技术型 AI 产品经理定位。,开发者工具与英语资料阅读是弱项，需要补 AI Coding / Agent 产品视角。,2 年以上产品经验门槛相对合理，且聚焦 AI Agent、SaaS、开发者工具和行业产品化，符合你偏技术型 AI 产品经理定位。,开发者工具与英语资料阅读是弱项，需要补 AI Coding / Agent 产品视角。,强化你对 AI Agent 产品范式、工程落地、行业抽象和产品创新的理解。,产品类-商业型,13,"1、本科及以上学历，计算机相关专业优先；2 年及以上产品经理经验，有 AI Agent、开发者工具、云产品、SaaS类产品经验或程序员经验优先；对 AI 技术有浓厚兴趣，能快速理解并应用最新 AI 技术到产品中;
2、具备基础的编程知识、云计算知识，能与技术团队进行高效沟通；深入理解 AI Agent 在真实工程环境中的能力边界、实现挑战与最佳实践;
3、具备扎实的产品策划能力，有出色的分析能力和创新思维，了解全球 AI Agent 领域的产品现状，能洞察市场趋势并提出创新产品方案;
4、具备将行业场景产品化的能力，可以抽象出AI Agent与各行各业的结合点并将其产品化；
5、对交互设计有敏锐直觉，并将其与技术结合，以用户价值优先，打磨卓越的用户体验;
6、优秀的项目管理能力，能有效协调和推动跨职能团队合作；出色的口头和书面沟通技巧，能清晰表达复杂概念并影响决策；在快速变化的技术环境中展现适应力和问题解决能力;
7、有足够的主人翁意识和逻辑思维，独立思考，具有创新精神和冒险意愿，积极主动的工作态度，能在模糊情况下定义明确方向；
8、优秀的英语读写能力，能流畅阅读和理解技术文档、产品资料和学术论文。",https://talent-holding.alibaba.com/off-campus/position-detail?positionId=100011623001&track_id=SSP1780969970339xkqHhdXdAo6581
9,重点跟进,30,9,执行日2026-06-09；近3个月过滤+排除5年以上/硕士及以上+豆包评分后人工重排,175,淘天,淘宝秒杀-AI AGENT产品经理-杭州,淘宝秒杀-AI AGENT产品经理-杭州,淘天,杭州,杭州,2026-05-09,2026-05-09,https://talent.taotian.com/off-campus/position-detail?positionId=100014040012&track_id=SSP1780969975591IBuAxcIVWE1704,72,1+年,中,"• 负责电商小二工作台AI提效产品的规划与建设，围绕招商建联、商品审核、数据分析、复盘报告等高频场景，设计基于Prompt工程、RAG、智能Agent、SFT模型微调、skills等技术的AI解决方案，推动任务自动化与决策智能化，实现人效显著提升；
• 打造面向电商场景的AI助手，覆盖如商家智能建联、商品素材审核与AIGC生成、智能分析、商家机器人等核心工作流，在电商运营中的落地应用；
• 协同算法与工程团队，推进AI能力的产品化与标准化，构建结构化话术框架、机审率与召回率指标体系、多渠道融合触达链路，确保AI解决方案在业务场景中的稳定性、可解释性与持续可迭代性；
• 深入洞察小二工作场景与商家运营痛点，探索大模型招商等领域的应用机会，设计具有明确业务价值的产品方案。","• 本科及以上学历，计算机相关专业优先，一年以上互联网产品经验，有AI相关产品落地经验者优先；
• 熟悉大语言模型技术栈（Prompt工程、RAG检索增强、SFT微调、Agent流程编排、skills），具备AI Copilot类助手、智能客服、AI工具提效或AIGC生成类产品的实际落地经验；
• 具备较强的逻辑思维和业务拆解能力，能够深入电商运营场景，熟练使用SQL进行数据分析，具备数据驱动决策的能力；
• 对AI技术在电商场景的应用有深度思考和热情，兼具创新思维与结果导向，能够在复杂业务场景中快速定位AI可赋能的核心节点并推动落地。",只要求 1 年以上互联网产品经验，有 AI 落地经验优先，是阿里系里少数对你当前年限友好的 Agent 岗。,电商运营场景和 SQL 分析要补，最好准备一个能量化的实验或指标故事。,只要求 1 年以上互联网产品经验，有 AI 落地经验优先，是阿里系里少数对你当前年限友好的 Agent 岗。,电商运营场景和 SQL 分析要补，最好准备一个能量化的实验或指标故事。,突出 AI Agent 在复杂运营链路中的任务拆解、提示词设计、效果评估和数据闭环。,淘天,175,"• 本科及以上学历，计算机相关专业优先，一年以上互联网产品经验，有AI相关产品落地经验者优先；
• 熟悉大语言模型技术栈（Prompt工程、RAG检索增强、SFT微调、Agent流程编排、skills），具备AI Copilot类助手、智能客服、AI工具提效或AIGC生成类产品的实际落地经验；
• 具备较强的逻辑思维和业务拆解能力，能够深入电商运营场景，熟练使用SQL进行数据分析，具备数据驱动决策的能力；
• 对AI技术在电商场景的应用有深度思考和热情，兼具创新思维与结果导向，能够在复杂业务场景中快速定位AI可赋能的核心节点并推动落地。",https://talent.taotian.com/off-campus/position-detail?positionId=100014040012&track_id=SSP1780969975591IBuAxcIVWE1704
10,重点跟进,7,10,执行日2026-06-09；近3个月过滤+排除5年以上/硕士及以上+豆包评分后人工重排,16,阿里巴巴,企业智能事业部-AI产品经理-AI Agent,企业智能事业部-AI产品经理-AI Agent,产品类-平台型,杭州,杭州,2026-04-30,2026-04-30,https://talent-holding.alibaba.com/off-campus/position-detail?positionId=100013760001&track_id=SSP1780969970339sCiGPXLQiS3569,80,未写明,中低,"1. 负责企业级办公Agent技能市场（SkillHub）的迭代，涵盖技能市场、运营后台、开发者后台三大模块，从产品规划到上线，推动技能生态的规模化增长与用户体验提升；
2. 深入开发者与用户的双边需求洞察，围绕技能发现、安装、评价、审核、推荐、上架、调试、版本管理等核心链路，完成业务抽象与产品设计，构建可持续的AI能力生态；
3. 对Agent框架（如OpenClaw、Claude code等）及其技能/插件体系有深入理解，能够抽象技能接入规范、协同定义开发者kit，降低第三方技能接入门槛；
4. 深入阿里的业务协作、办公AI场景的挖掘、核心AI能力的建设，完成用户洞察及业务抽象，推动产品的持续迭代创新与优化；
5. 针对每一个产品功能制定出对应可量化指标，负责产品的数据分析和优化，通过数据分析提升产品的用户体验和用户价值。","1. 注重开发者体验与平台治理的平衡，有出色的平台产品设计能力，能够站在开发者和用户的双重视角思考问题，确保技能市场及相关后台的易用性、安全性和生态健康度；
2. 具备数据分析和数据驱动决策的能力，对AI能力的供需匹配效率、开发者留存、用户安装转化等关键指标进行跟踪和分析，以指导产品优化；
3. 对开放平台、开发者生态或应用市场类产品有实际经验，熟悉技能/插件/CLI等粒度的分发与治理机制，能够将技术能力和业务需求结合，制定合适的平台策略；
4. 具备优秀的项目管理和跨团队协作能力，良好的沟通和表达能力，能够协调运营、研发、安全等多方资源，共同实现产品目标。",虽然偏开发者生态和技能市场，但平台治理、供需匹配、后台设计这些能力和你做过的 AI 平台并不远。,缺开放平台/开发者生态直接经验，面试时要防止被问住插件分发、生态治理和开发者运营。,虽然偏开发者生态和技能市场，但平台治理、供需匹配、后台设计这些能力和你做过的 AI 平台并不远。,缺开放平台/开发者生态直接经验，面试时要防止被问住插件分发、生态治理和开发者运营。,把 AI 中台能力包装成平台产品思维，准备开发者体验与安全治理的平衡问题。,产品类-平台型,16,"1. 注重开发者体验与平台治理的平衡，有出色的平台产品设计能力，能够站在开发者和用户的双重视角思考问题，确保技能市场及相关后台的易用性、安全性和生态健康度；
2. 具备数据分析和数据驱动决策的能力，对AI能力的供需匹配效率、开发者留存、用户安装转化等关键指标进行跟踪和分析，以指导产品优化；
3. 对开放平台、开发者生态或应用市场类产品有实际经验，熟悉技能/插件/CLI等粒度的分发与治理机制，能够将技术能力和业务需求结合，制定合适的平台策略；
4. 具备优秀的项目管理和跨团队协作能力，良好的沟通和表达能力，能够协调运营、研发、安全等多方资源，共同实现产品目标。",https://talent-holding.alibaba.com/off-campus/position-detail?positionId=100013760001&track_id=SSP1780969970339sCiGPXLQiS3569
11,重点跟进,45,11,执行日2026-06-09；近3个月过滤+排除5年以上/硕士及以上+豆包评分后人工重排,42,阿里云,阿里云智能-AI Agent 产品经理-秒悟-杭州,阿里云智能-AI Agent 产品经理-秒悟-杭州,云智能集团,杭州,杭州,2026-05-29,2026-05-29,https://careers.aliyun.com/off-campus/position-detail?positionId=100007603004&track_id=SSP1780969973185ngyVRuubYa5562,68,未写明,中低,"我们正在打造面向下一代开发者与知识工作者的 AI 原生产品，覆盖 Vibe Coding（AI 驱动的自然语言编程）与 AI 协同办公两大场景。

将负责
● AI产品设计：从用户视角出发，主导 AI Coding 产品的体验设计与持续优化，推动需求从洞察到上线的全流程闭环
● Agent 场景评测与梳理：与研发团队深度协作，梳理 Agent 相关应用场景，拆解 AI 对话流程中的关键环节，识别体验瓶颈并提出可落地的优化方案
● 模型能力评估：持续跟踪各类大语言模型的应用表现与前沿动态，为产品的模型选型与能力集成提供专业判断
● 数据驱动迭代：建立产品核心指标体系，通过数据分析驱动产品决策，持续提升用户留存与使用深度","● 从用户视角参与AI Coding相关产品体验设计与优化，推进需求上线
● 熟悉各类大语言模型的应用表现（不只是Coding相关模型），有自己独特的品味
● 协同&抗压能力强
● Data-driven，良好的数据思维
加分项
● 强烈的好奇心、细节控
● 能说出为什么claude code比cursor好用or难用
● 计算机相关背景更优，熟练掌握AI Coding如Figma Make等AI原型设计工具
● 有vibe coding经验，自己独立vibe coding过简单产品，能从用户视角深度理解 Vibe Coding 的体验与痛点",没有写死 3 年门槛，且同时覆盖 AI Agent、AI Coding、协同办公和模型评估，比千问用户型 Agent 更贴近你偏企业效率与产品工程的 AI 产品经理主线。,AI Coding 与开发者工作流实践需要讲得更具体，面试里最好能拿出你亲手做过的 AI 原型、工作流或 Vibe Coding 例子。,没有写死 3 年门槛，且同时覆盖 AI Agent、AI Coding、协同办公和模型评估，比千问用户型 Agent 更贴近你偏企业效率与产品工程的 AI 产品经理主线。,AI Coding 与开发者工作流实践需要讲得更具体，面试里最好能拿出你亲手做过的 AI 原型、工作流或 Vibe Coding 例子。,重点讲 AI 原型搭建、模型选型与评测、用户体验优化、数据驱动迭代，以及如何把企业级 AI 经验迁移到通用办公产品。,云智能集团,42,"● 从用户视角参与AI Coding相关产品体验设计与优化，推进需求上线
● 熟悉各类大语言模型的应用表现（不只是Coding相关模型），有自己独特的品味
● 协同&抗压能力强
● Data-driven，良好的数据思维
加分项
● 强烈的好奇心、细节控
● 能说出为什么claude code比cursor好用or难用
● 计算机相关背景更优，熟练掌握AI Coding如Figma Make等AI原型设计工具
● 有vibe coding经验，自己独立vibe coding过简单产品，能从用户视角深度理解 Vibe Coding 的体验与痛点",https://careers.aliyun.com/off-campus/position-detail?positionId=100007603004&track_id=SSP1780969973185ngyVRuubYa5562
12,重点跟进,9,12,执行日2026-06-09；近3个月过滤+排除5年以上/硕士及以上+豆包评分后人工重排,30,阿里国际,阿里国际站-AI 产品经理 — Agentic Platform-Accio Work,阿里国际站-AI 产品经理 — Agentic Platform-Accio Work,阿里集团 / 产品类-用户型,杭州,杭州,2026-04-11,2026-04-11,https://aidc-jobs.alibaba.com/off-campus/position-detail?positionId=100021895007&track_id=SSP1780969971970DYaaanebLM9975,77,未写明,中低,"我们是 Accio Work，隶属于 阿里巴巴国际站 (Alibaba International)。我们正在打造一个 通用型 Agentic Platform，是一支能真正理解意图、操作工具、执行端到端复杂任务的 AI Agent 团队，致力于通过 AI 重新定义未来的生产力。

在这里，产品经理的职责是发现真实的痛点，并用 AI 的手段去“消灭”它。

你将负责：

1、用户痛点挖掘与 PMF 探索
一切从用户出发：深入研究不同行业及个人用户的实际工作流程，精准识别那些“低效、高门槛、让人痛苦”的真实环节，并定义 Agent 的核心价值主张；
负责从需求调研到 PMF 验证的全过程，通过不断的实验和数据反馈，找到产品真正的爆发点。

2、场景定义与用户价值交付
寻找 AI Agent 能发挥威力的业务场景，定义 Agent 的核心行为模式，确保它能以极高的可靠性完成用户交付的任务；
持续打磨用户体验，确保 Agent 的动作流程逻辑自洽，真正为用户创造价值。

3、Hands-on 极速落地与原型构建
动手能力是核心考量：你需要直接利用 AI 原生辅助开发工具进行功能原型（MVP）的搭建、测试与跑通；
与算法和工程团队紧密配合，直接参与逻辑调优，将产品想法快速转化为可运行的产品能力，实现“Vibe Coding”式的极速迭代。

4、行业化与场景化拓展
探索产品在不同垂直领域的应用潜力（电商领域背景是巨大的加分项），推动平台能力在多样化场景下的高效落地。","1、硬核的实战动手能力 (Hands-on)：你是 AI 产品的重度玩家。必须熟练掌握各种 AI 原生编程辅助工具。如果你有过自己通过 AI 辅助编程上线过产品的经历，或者能独立利用 AI 工具解决复杂业务逻辑问题，我们将非常看重。
2、极强的用户产品思维：具备敏锐的用户共情能力和商业直觉。能够从杂乱的用户反馈中提取系统性的机会，坚持“用户痛点驱动”而非“技术驱动”。
3、多边形战士属性 (Polymath)：具备产品经理的业务敏感度、初级工程师的逻辑落地能力以及 Owner 的拼劲。不设边界，能解决产品落地过程中的任何障碍。
4、Agentic 洞察力：对 AI Agent 的发展趋势有极强的好奇心和深刻见解。能够思考 AI 到底该如何从“对话”走向“行动”。
5、卓越的沟通与韧性：具备优秀的跨职能协同能力。具备优秀的英语阅读及翻译能力者优先，以便参与国际化业务。
6、Owner 精神：渴望在 AI 浪潮中构建真正有影响力的作品，能适应从 0 到 1 充满挑战的创业环境。

为什么选择 Accio Work (Alibaba International)？
站在 AI 变革的前线：你将直接参与构建通用的 Agentic Platform，定义未来人类与 AI 协同工作的新范式。
大平台下的内部创业：享受阿里巴巴国际站的全球资源和算力支持，同时拥有初创团队的灵活性与极速迭代空间。
与顶尖 AI Native 团队并肩：这里聚集了一群“AI First”的极客。我们日常就在用 Agent 协作，你将身处前沿的 AI 工作环境。
高成长的职业路径：在 AI 这个确定、具想象力的赛道，获得“定义新品类”的职业背书。",岗位 AI Native 味道最重，强调 hands-on、Agentic、0-1、Owner，这些和你的产品工程能力及 Agent 落地经验高度相关。,国际化、电商和英语环境是明显门槛，属于高价值但偏冲刺的机会。,岗位 AI Native 味道最重，强调 hands-on、Agentic、0-1、Owner，这些和你的产品工程能力及 Agent 落地经验高度相关。,国际化、电商和英语环境是明显门槛，属于高价值但偏冲刺的机会。,把自己讲成能亲手做原型、快速闭环、对 Agent 产品趋势有独立判断的人。,阿里集团 / 产品类-用户型,30,"1、硬核的实战动手能力 (Hands-on)：你是 AI 产品的重度玩家。必须熟练掌握各种 AI 原生编程辅助工具。如果你有过自己通过 AI 辅助编程上线过产品的经历，或者能独立利用 AI 工具解决复杂业务逻辑问题，我们将非常看重。
2、极强的用户产品思维：具备敏锐的用户共情能力和商业直觉。能够从杂乱的用户反馈中提取系统性的机会，坚持“用户痛点驱动”而非“技术驱动”。
3、多边形战士属性 (Polymath)：具备产品经理的业务敏感度、初级工程师的逻辑落地能力以及 Owner 的拼劲。不设边界，能解决产品落地过程中的任何障碍。
4、Agentic 洞察力：对 AI Agent 的发展趋势有极强的好奇心和深刻见解。能够思考 AI 到底该如何从“对话”走向“行动”。
5、卓越的沟通与韧性：具备优秀的跨职能协同能力。具备优秀的英语阅读及翻译能力者优先，以便参与国际化业务。
6、Owner 精神：渴望在 AI 浪潮中构建真正有影响力的作品，能适应从 0 到 1 充满挑战的创业环境。

为什么选择 Accio Work (Alibaba International)？
站在 AI 变革的前线：你将直接参与构建通用的 Agentic Platform，定义未来人类与 AI 协同工作的新范式。
大平台下的内部创业：享受阿里巴巴国际站的全球资源和算力支持，同时拥有初创团队的灵活性与极速迭代空间。
与顶尖 AI Native 团队并肩：这里聚集了一群“AI First”的极客。我们日常就在用 Agent 协作，你将身处前沿的 AI 工作环境。
高成长的职业路径：在 AI 这个确定、具想象力的赛道，获得“定义新品类”的职业背书。",https://aidc-jobs.alibaba.com/off-campus/position-detail?positionId=100021895007&track_id=SSP1780969971970DYaaanebLM9975
13,重点跟进,22,13,执行日2026-06-09；近3个月过滤+排除5年以上/硕士及以上+豆包评分后人工重排,24,阿里国际,阿里国际站-产品经理（CRM）-数字营销,阿里国际站-产品经理（CRM）-数字营销,阿里集团 / 产品类-平台型,杭州,杭州,2026-05-18,2026-05-18,https://aidc-jobs.alibaba.com/off-campus/position-detail?positionId=100022975017&track_id=SSP1780969971970OBkGWQhDgx7259,73,2+年,中,"从整体上主导CRM产品的AI化和销售动线设计，可以有效设计CRM围绕AI的整体框架推动相关能力构建。
- 产品规划与设计：独立负责CRM AI创新领域整条产品线的规划与设计，主导产品从 0→1 创新突破及从1到N的持续迭代，输出清晰的产品路线图；
- AI Agent产品落地：推动AI Agent能力在CRM场景中的应用落地，深入理解销售人员工作场景，设计能够切实优化销售工作方式的AI产品方案；
- 主导跨部门项目推进，协调设计、研发、业务等多方资源，确保项目高质量按时交付；
- 前瞻性洞察，持续关注行业前沿技术趋势，形成前瞻性观点并有效影响团队方向，将前沿技术能力转化为产品竞争力。","- 本科及以上学历；
- 2年以上互联网产品经理工作经验，有CRM 或销售产品相关工作经验者优先。
- 有产品线主导 / 项目 Owner 经历，有独立负责完整产品模块或产品线的成功案例；
- 拥有出色的跨团队沟通与协作能力，能协同业务及研发等团队完成项目交付。",你做过 CRM、线索跟进和商机推送，CRM 与销售协同链路比跨境商详、纯营销场景更容易讲出可迁移的产品故事，也是非淘天岗位里更务实的补位项。,国际站与数字营销语境不熟，且互联网年限要求略卡边，需要提前准备销售效率和客户生命周期表达。,你做过 CRM、线索跟进和商机推送，CRM 与销售协同链路比跨境商详、纯营销场景更容易讲出可迁移的产品故事，也是非淘天岗位里更务实的补位项。,国际站与数字营销语境不熟，且互联网年限要求略卡边，需要提前准备销售效率和客户生命周期表达。,把商机推送、CRM 协同、线索评分与流程闭环讲成销售数字化与 AI 提效故事。,阿里集团 / 产品类-平台型,24,"- 本科及以上学历；
- 2年以上互联网产品经理工作经验，有CRM 或销售产品相关工作经验者优先。
- 有产品线主导 / 项目 Owner 经历，有独立负责完整产品模块或产品线的成功案例；
- 拥有出色的跨团队沟通与协作能力，能协同业务及研发等团队完成项目交付。",https://aidc-jobs.alibaba.com/off-campus/position-detail?positionId=100022975017&track_id=SSP1780969971970OBkGWQhDgx7259
14,重点跟进,36,14,执行日2026-06-09；近3个月过滤+排除5年以上/硕士及以上+豆包评分后人工重排,120,淘天,智能算法产品事业部-运营平台产品经理-杭州,智能算法产品事业部-运营平台产品经理-杭州,淘天,杭州,杭州,2026-06-03,2026-06-03,https://talent.taotian.com/off-campus/position-detail?positionId=100011700028&track_id=SSP1780969975591EsrluNkhhG4247,72,2+年,中,"1、负责淘宝推荐运营平台、AIGC运营平台的产品规划与设计，深入业务场景，梳理运营流程与痛点，搭建平台化的产品工具，并通过持续的产品功能迭代与系统优化，提升团队工作效率。
2、协调研发、测试等多团队资源，把控项目节奏，确保产品按时高质量交付，并持续跟进上线后效果评估与优化。
3、关注行业趋势与竞品动态，探索AI等新技术在运营工具场景中的应用，驱动平台能力升级与创新落地。","1、2年及以上B端或工具类产品经验，有AI提效工具搭建能力优先。
2、能快速理解业务运营逻辑，具备较好的需求分析、产品抽象能力，能独立完成PRD撰写和原型设计。
3、有主人翁意识，具备良好的沟通协调能力、目标拆解能力与执行力。",2 年及以上 B 端或工具类经验，偏平台和提效工具，匹配你的工具化、平台化、流程提效叙事。,业务更偏电商运营平台，不是纯 AI 平台，需要准备业务理解问题。,2 年及以上 B 端或工具类经验，偏平台和提效工具，匹配你的工具化、平台化、流程提效叙事。,业务更偏电商运营平台，不是纯 AI 平台，需要准备业务理解问题。,强调需求抽象、PRD/原型、跨团队推进，以及 AI 提效工具建设经验。,淘天,120,"1、2年及以上B端或工具类产品经验，有AI提效工具搭建能力优先。
2、能快速理解业务运营逻辑，具备较好的需求分析、产品抽象能力，能独立完成PRD撰写和原型设计。
3、有主人翁意识，具备良好的沟通协调能力、目标拆解能力与执行力。",https://talent.taotian.com/off-campus/position-detail?positionId=100011700028&track_id=SSP1780969975591EsrluNkhhG4247
15,重点跟进,33,15,执行日2026-06-09；近3个月过滤+排除5年以上/硕士及以上+豆包评分后人工重排,59,钉钉,钉钉-AI听记-产品经理,钉钉-AI听记-产品经理,产品类-用户型,杭州,杭州,2026-05-31,2026-05-31,https://talent.dingtalk.com/off-campus/position-detail?positionId=7000036935&track_id=SSP1780969973639gDpLyswOBP9236,72,3+年,中高,"岗位职责
1. 产品规划与策略制定
● 负责钉钉AI听记产品的整体规划，包括产品定位、功能架构、演进路线图
● 深入理解会议记录、知识沉淀、任务协同等场景的用户痛点，制定差异化的产品策略
● 跟踪AI语音识别、自然语言处理、大模型等技术发展趋势，探索技术在听记场景的创新应用
3. 场景化解决方案
● 赋能企业数字化转型：打造智能化会议知识中枢，推动组织从信息记录向智能决策升级
● 构建AI驱动的工作流闭环：打通感知-理解-行动全链路，实现从会议纪要到业务执行的自动化流转
● 拓展全球化协作边界：支持多语言实时互译与跨文化沟通，助力企业构建无边界协同能力
4. 生态协同与集成
● 与钉钉文档、日程、待办、审批等产品深度打通，构建完整的办公协同闭环
● 与DingTalk A1硬件设备联动，拓展线下会议、客户拜访等场景的听记能力
● 对接企业知识库系统，实现会议内容的长期沉淀与检索
5. 数据驱动与用户研究
● 建立产品数据指标体系，通过数据分析持续优化产品体验
● 开展用户调研和可用性测试，收集反馈并快速迭代
● 关注竞品动态，保持产品竞争力","基本条件
● 本科及以上学历，计算机、人工智能、信息管理等相关专业优先
● 3年以上互联网产品经理经验，有AI产品、语音产品、协作工具产品经验者优先
● 对AI技术有浓厚兴趣，了解大语言模型、语音识别、NLP等技术原理及应用边界
专业能力
● 场景洞察力：能够深入理解会议协作、知识管理等B端场景的用户痛点，提出创新性解决方案
● 产品设计能力：具备优秀的原型设计和交互设计能力，熟练使用Axure、Figma等工具
● 技术理解力：能与算法、工程团队高效沟通，理解技术方案可行性及成本权衡
● 数据思维：善于通过数据分析发现问题、验证假设、驱动决策
● 项目管理：具备跨团队协调能力，能推动复杂项目按时高质量交付
加分项
● 有语音识别、智能会议、知识管理类产品经验
● 熟悉钉钉生态或有钉钉产品开发经验
● 有B端SaaS产品或企业服务产品经验
● 具备良好的英语沟通能力，能参与国际化产品设计",B 端协同、知识管理、AI 应用落地仍然对口，比智能合同和大客户产品少一层证书门槛，更适合作为钉钉体系内的补位岗。,语音、会议协同与听记场景缺经验，且岗位默认更偏 3 年以上互联网产品背景。,B 端协同、知识管理、AI 应用落地仍然对口，比智能合同和大客户产品少一层证书门槛，更适合作为钉钉体系内的补位岗。,语音、会议协同与听记场景缺经验，且岗位默认更偏 3 年以上互联网产品背景。,把运维知识沉淀、企业协同、知识库与多轮交互经验迁移到会议纪要、知识管理和协作提效场景。,产品类-用户型,59,"基本条件
● 本科及以上学历，计算机、人工智能、信息管理等相关专业优先
● 3年以上互联网产品经理经验，有AI产品、语音产品、协作工具产品经验者优先
● 对AI技术有浓厚兴趣，了解大语言模型、语音识别、NLP等技术原理及应用边界
专业能力
● 场景洞察力：能够深入理解会议协作、知识管理等B端场景的用户痛点，提出创新性解决方案
● 产品设计能力：具备优秀的原型设计和交互设计能力，熟练使用Axure、Figma等工具
● 技术理解力：能与算法、工程团队高效沟通，理解技术方案可行性及成本权衡
● 数据思维：善于通过数据分析发现问题、验证假设、驱动决策
● 项目管理：具备跨团队协调能力，能推动复杂项目按时高质量交付
加分项
● 有语音识别、智能会议、知识管理类产品经验
● 熟悉钉钉生态或有钉钉产品开发经验
● 有B端SaaS产品或企业服务产品经验
● 具备良好的英语沟通能力，能参与国际化产品设计",https://talent.dingtalk.com/off-campus/position-detail?positionId=7000036935&track_id=SSP1780969973639gDpLyswOBP9236
16,重点跟进,40,16,执行日2026-06-09；近3个月过滤+排除5年以上/硕士及以上+豆包评分后人工重排,73,高德,高德-AI产品经理（商家成长方向）-信息业务中心,高德-AI产品经理（商家成长方向）-信息业务中心,产品类-平台型,北京,北京,2026-05-20,2026-05-20,https://talent.amap.com/off-campus/position-detail?positionId=100016040002&track_id=SSP1780969973968fwRFrmitiH2580,68,未写明,中低,"你将作为连接AI技术与本地生活商业场景的核心桥梁，负责利用大模型（LLM）、机器学习等前沿AI技术，重构商家经营的全链路体验。你的核心目标是打造智能化的商家成长体系，通过AI赋能帮助商家实现从入驻、运营到变现的全面提效，为团队构建“业务+数据+AI”的全栈闭环能力奠定坚实基础。

【岗位职责】
• AI产品规划与落地： 深入挖掘本地生活商家在经营过程中的痛点（如菜品优化、智能客服、营销文案生成、经营诊断等），结合大模型能力，定义并落地具有行业竞争力的AI功能与解决方案。
• 商家成长体系搭建： 负责商家生命周期管理的产品设计，通过算法推荐与自动化策略，引导商家完成关键经营动作，提升商家的活跃度、留存率及商业化变现效率。
• 全栈能力建设： 协同数据分析师及业务运营团队，推动AI模型在业务场景中的持续迭代与效果评估。沉淀通用的AI产品方法论与组件库，助力团队向“全栈智能化”组织架构转型。
• 跨部门协同与赋能： 与销售、运营及市场团队紧密配合，将复杂的AI能力转化为易于理解的商家工具，推动产品在B端市场的规模化应用与渗透。","• AI技术敏锐度： 对ChatGPT、文心一言等大语言模型的能力边界有深刻理解，熟悉Prompt Engineering（提示词工程），能够判断哪些业务场景适合用AI重构，并能与算法团队进行高效的技术对话。
• 业务洞察力： 具备优秀的逻辑思维与同理心，能够快速理解本地生活商家的复杂经营诉求，并将其转化为清晰的产品需求文档（PRD）和原型设计。
• 数据驱动思维： 熟练掌握数据分析方法，能够通过AB实验、漏斗分析等手段量化AI功能的业务价值（如人效提升比例、商家GMV增长等），并以结果为导向持续优化产品。
• 沟通与自驱力： 具备极强的Owner意识和跨团队推动能力，能够在模糊的业务场景中找到突破口，适应快节奏的创业型工作氛围。

【加分项】
• 有美团、抖音本地生活等头部平台B端产品工作经验。
• 主导过从0到1的AI应用落地项目，并有可展示的成功案例或数据成果。
• 具备一定的技术背景，了解API调用、RAG（检索增强生成）等基本原理。",虽然分数不在第一梯队，但它偏 B 端商家成长而非纯消费端，对 AI 场景判断、AB 实验、业务价值量化的要求和你并不冲突。,本地生活商家业务陌生，需要提前补商家经营链路、GMV 和漏斗指标。,虽然分数不在第一梯队，但它偏 B 端商家成长而非纯消费端，对 AI 场景判断、AB 实验、业务价值量化的要求和你并不冲突。,本地生活商家业务陌生，需要提前补商家经营链路、GMV 和漏斗指标。,把你过往的效率提升、线索评分、问题发现能力翻译成商家增长与经营提效语言。,产品类-平台型,73,"• AI技术敏锐度： 对ChatGPT、文心一言等大语言模型的能力边界有深刻理解，熟悉Prompt Engineering（提示词工程），能够判断哪些业务场景适合用AI重构，并能与算法团队进行高效的技术对话。
• 业务洞察力： 具备优秀的逻辑思维与同理心，能够快速理解本地生活商家的复杂经营诉求，并将其转化为清晰的产品需求文档（PRD）和原型设计。
• 数据驱动思维： 熟练掌握数据分析方法，能够通过AB实验、漏斗分析等手段量化AI功能的业务价值（如人效提升比例、商家GMV增长等），并以结果为导向持续优化产品。
• 沟通与自驱力： 具备极强的Owner意识和跨团队推动能力，能够在模糊的业务场景中找到突破口，适应快节奏的创业型工作氛围。

【加分项】
• 有美团、抖音本地生活等头部平台B端产品工作经验。
• 主导过从0到1的AI应用落地项目，并有可展示的成功案例或数据成果。
• 具备一定的技术背景，了解API调用、RAG（检索增强生成）等基本原理。",https://talent.amap.com/off-campus/position-detail?positionId=100016040002&track_id=SSP1780969973968fwRFrmitiH2580
17,冲刺补位,28,17,执行日2026-06-09；近3个月过滤+排除5年以上/硕士及以上+豆包评分后人工重排,194,通义,通义大模型事业部-多模态大模型产品经理-杭州,通义大模型事业部-多模态大模型产品经理-杭州,产品类-商业型,杭州,杭州,2026-04-24,2026-04-24,https://careers-tongyi.alibaba.com/off-campus/position-detail?positionId=100013020010&track_id=SSP1780969976021HsGNnNORcS2153,72,3+年,中高,"1. 多模态AI产品战略规划与设计：主导基于多模态理解与生成大模型的行业级应用产品规划，深入垂直场景，精准洞察客户痛点与商业机会，定义具备规模化潜力的公共云多模态AI产品（如MaaS平台、智能Agent等），持续丰富产品矩阵与市场供给。
2. 端到端产品落地与跨职能协同：牵头算法、工程、解决方案及销售团队，推动产品从需求定义、原型验证到上线运营的全生命周期管理，确保高质量交付与敏捷迭代；建立效果与性能评估体系，驱动模型能力与产品体验的持续优化。
3. 商业化运营与价值闭环构建：对产品的规模增长、客户渗透率及市场占有率等核心商业指标负责，通过用户分析、测试与反馈闭环，持续优化产品策略与定价模型，推动标杆案例打造与规模化复制，实现产品商业价值最大化。
4. 技术趋势研判与产品竞争力塑造：持续跟踪全球多模态大模型技术演进与应用创新，研判MaaS、Agent、具身智能等新范式的产品化路径；定义并监控产品在效果、成本、易用性等维度的关键竞争力指标，构建差异化产品壁垒。","1. 教育背景与经验：本科及以上学历， 3年以上多模态AI产品或To B公共云产品的规划与设计经验，具备多模态理解（如图文识别/检索、视频理解）或生成类（如图片/视频生成）产品落地经验，有AI相关成果； 技术背景者优先。
2. 技术理解与场景判断力：熟悉主流多模态模型的技术原理与能力边界，能结合延迟、成本、准确率等约束条件，科学评估技术方案在具体业务场景中的可行性与ROI。
3. 需求洞察与产品转化能力：具备敏锐的行业洞察力，能从客户访谈、竞品分析、数据反馈中提炼本质需求，并转化为清晰的产品需求文档（PRD）、原型设计及路线图规划。
4. 复杂项目推动与跨团队协作：具备优秀的沟通影响力与项目管理能力，能在复杂项目中有效协调多方资源，推动关键节点落地，具备良好的抗压能力与结果导向思维。
5. 客户导向与规模化思维：积极深入客户一线，理解真实业务流程与痛点，善于将单点需求抽象为可复用的产品能力；具备将标杆案例快速复制至行业客户的意识与方法论，推动产品规模化增长。",这是更纯的 AI 产品方向，强调模型边界、成本/效果权衡与规模化方法论，能更直接体现你技术型 AI 产品经理的定位。,多模态公共云和规模化商业化经验不足，3 年以上门槛也更高，属于明确冲刺岗。,这是更纯的 AI 产品方向，强调模型边界、成本/效果权衡与规模化方法论，能更直接体现你技术型 AI 产品经理的定位。,多模态公共云和规模化商业化经验不足，3 年以上门槛也更高，属于明确冲刺岗。,准备模型能力边界、效果评估、ROI、复杂客户场景抽象和从单点能力到平台能力复制的方法论。,产品类-商业型,194,"1. 教育背景与经验：本科及以上学历， 3年以上多模态AI产品或To B公共云产品的规划与设计经验，具备多模态理解（如图文识别/检索、视频理解）或生成类（如图片/视频生成）产品落地经验，有AI相关成果； 技术背景者优先。
2. 技术理解与场景判断力：熟悉主流多模态模型的技术原理与能力边界，能结合延迟、成本、准确率等约束条件，科学评估技术方案在具体业务场景中的可行性与ROI。
3. 需求洞察与产品转化能力：具备敏锐的行业洞察力，能从客户访谈、竞品分析、数据反馈中提炼本质需求，并转化为清晰的产品需求文档（PRD）、原型设计及路线图规划。
4. 复杂项目推动与跨团队协作：具备优秀的沟通影响力与项目管理能力，能在复杂项目中有效协调多方资源，推动关键节点落地，具备良好的抗压能力与结果导向思维。
5. 客户导向与规模化思维：积极深入客户一线，理解真实业务流程与痛点，善于将单点需求抽象为可复用的产品能力；具备将标杆案例快速复制至行业客户的意识与方法论，推动产品规模化增长。",https://careers-tongyi.alibaba.com/off-campus/position-detail?positionId=100013020010&track_id=SSP1780969976021HsGNnNORcS2153
18,冲刺补位,3,18,执行日2026-06-09；近3个月过滤+排除5年以上/硕士及以上+豆包评分后人工重排,49,阿里云,ATH事业群-AI原生应用产品经理-杭州,ATH事业群-AI原生应用产品经理-杭州,云智能集团,杭州,杭州,2026-05-18,2026-05-18,https://careers.aliyun.com/off-campus/position-detail?positionId=100011383005&track_id=SSP1780969973185WsnUfNqrVu6957,86,3+年,中高,"1.负责基于大模型能力的AI应用产品规划与设计，深入理解企业客户需求特性，围绕各类业务场景推动产品持续演进与规模化落地；
2.基于对AI技术现状和趋势的深刻理解，设计有行业竞争力的AI原生应用或智能体产品；
3. 联合算法、工程及解决方案等团队，推动产品从需求洞察、方案设计到行业场景落地，并持续优化产品能力；
4. 持续关注 AI 技术与产品形态的发展趋势，结合业务需求探索新的 AI 产品机会。","1. 本科及以上学历，3年及以上产品经理经验，有企业产品或云计算产品经验优先；
2. 具备优秀的产品思维与系统化产品设计能力，能够从复杂业务场景中识别高价值产品机会；
3. 对大模型、Agent、AI Search、RAG等AI技术体系有系统性理解，关注AI前沿技术及产品发展；
4. 具备AI产品实际落地经验，参与或主导过AI应用产品设计与上线；熟练掌握市面主流的AI生产力工具，具备AI原型构建工具及VibeCoding成熟能力；
5. 具备良好的跨团队沟通与项目推进能力，能够在不确定环境中推动产品持续落地。

加分项
有 AI 搜索、知识管理、或 AI 应用平台相关产品经验；
有大模型应用、RAG、知识工程等相关背景。",AI 原生应用、RAG、Agent、知识工程这些关键词和你的经历高度匹配，是能力层面的强对口岗位。,明确要求 3 年及以上产品经验，且偏阿里云企业产品背景，年限是主要风险。,AI 原生应用、RAG、Agent、知识工程这些关键词和你的经历高度匹配，是能力层面的强对口岗位。,明确要求 3 年及以上产品经验，且偏阿里云企业产品背景，年限是主要风险。,如果投这个岗位，重点把你做过的企业 AI 落地结果、平台复用和产品工程讲得更成熟。,云智能集团,49,"1. 本科及以上学历，3年及以上产品经理经验，有企业产品或云计算产品经验优先；
2. 具备优秀的产品思维与系统化产品设计能力，能够从复杂业务场景中识别高价值产品机会；
3. 对大模型、Agent、AI Search、RAG等AI技术体系有系统性理解，关注AI前沿技术及产品发展；
4. 具备AI产品实际落地经验，参与或主导过AI应用产品设计与上线；熟练掌握市面主流的AI生产力工具，具备AI原型构建工具及VibeCoding成熟能力；
5. 具备良好的跨团队沟通与项目推进能力，能够在不确定环境中推动产品持续落地。

加分项
有 AI 搜索、知识管理、或 AI 应用平台相关产品经验；
有大模型应用、RAG、知识工程等相关背景。",https://careers.aliyun.com/off-campus/position-detail?positionId=100011383005&track_id=SSP1780969973185WsnUfNqrVu6957
19,冲刺补位,2,19,执行日2026-06-09；近3个月过滤+排除5年以上/硕士及以上+豆包评分后人工重排,9,阿里巴巴,企业智能事业部-AI产品经理-to B方向,企业智能事业部-AI产品经理-to B方向,产品类-平台型,杭州,杭州,2026-05-27,2026-05-27,https://talent-holding.alibaba.com/off-campus/position-detail?positionId=100013600010&track_id=SSP1780969970339stuKBXXGKW2373,87,3+年,中高,"1、作为产品域owner，主导企业发展线产品的规划和AI能力路线图的制定及落地，结合法务业务场景，通过AI工具、结合数字化手段、为法务业务流程的AI转型提供解决方案；
2、从行业优秀实践出发、再深入企业内部场景，洞察业务痛点、挖掘潜在需求，抽象提炼核心能力，设计有竞争力的AI时代产品，并推动落地实施；
3、复杂AI产品持续迭代升级，收集用户反馈，通过数据分析、指标根筋、模型驱动方式持续优化产品性能和用户体验，驱动产品迭代升级。","1、3年以上to B产品经验，有企业内AI项目落地经验者优先，有大型互联网产品或企业管理软件产品经验者优先；
2、具备极强的业务洞察能力，优秀的复杂问题定义和解决能力，对于目标客户群体的应用场景和痛点有深刻理解，具备快速学习能力；
3、熟悉各AI产品和工具，对模型有自己的认知理解，有较强的逻辑思维和语言表达能力，善于总结和归纳，对技术发展趋势保持敏锐感知。",ToB + 企业 AI 落地强相关，模型给分也很高，业务理解与你的企业项目最接近。,明确写 3 年以上 ToB 产品经验，还带法务场景，这对你当前阶段是明显冲刺项。,ToB + 企业 AI 落地强相关，模型给分也很高，业务理解与你的企业项目最接近。,明确写 3 年以上 ToB 产品经验，还带法务场景，这对你当前阶段是明显冲刺项。,如果面，主打你已经做过的合同/投标审核、法务相关流程理解和问题抽象能力。,产品类-平台型,9,"1、3年以上to B产品经验，有企业内AI项目落地经验者优先，有大型互联网产品或企业管理软件产品经验者优先；
2、具备极强的业务洞察能力，优秀的复杂问题定义和解决能力，对于目标客户群体的应用场景和痛点有深刻理解，具备快速学习能力；
3、熟悉各AI产品和工具，对模型有自己的认知理解，有较强的逻辑思维和语言表达能力，善于总结和归纳，对技术发展趋势保持敏锐感知。",https://talent-holding.alibaba.com/off-campus/position-detail?positionId=100013600010&track_id=SSP1780969970339stuKBXXGKW2373
20,冲刺补位,6,20,执行日2026-06-09；近3个月过滤+排除5年以上/硕士及以上+豆包评分后人工重排,58,钉钉,悟空事业部-Agent平台产品经理-企业悟空,悟空事业部-Agent平台产品经理-企业悟空,产品类-平台型,杭州,杭州,2026-06-03,2026-06-03,https://talent.dingtalk.com/off-campus/position-detail?positionId=100018500002&track_id=SSP1780969973639fnlaHBZijl9486,82,3+年,中高,"● 熟悉Agent平台类，懂客户，懂市场，有竞对视角，能够独立完成产品前后端的规划
●  有AI的产品经验，熟悉市场主流的AI工具，具备用AI来设计产品的能力 
● 懂运营，对市场敏感，协同PR，营销部门，完成产品的自我运营驱动增长 
● 有服务大客户的经验，对行业有自己的见解和洞察，具备设计行业方案的能力 
● 熟悉SaaS商业设计，从产品到商品的组合包装，数据驱动商业策略设计","● 工作3年以上，至少2年从事TO B领域
●  逻辑性强，合作意识好，协同能力强 
● 能抗压，自驱动好，对产品有热爱和对极致的追求 
● 有AI平台型产品作品者优先",Agent 平台、ToB、企业服务方向本身很适合你的履历，模型评分也高。,3 年以上和企业级商业包装能力要求偏高，且对大客户/市场化认知要求更强。,Agent 平台、ToB、企业服务方向本身很适合你的履历，模型评分也高。,3 年以上和企业级商业包装能力要求偏高，且对大客户/市场化认知要求更强。,把自己定位成技术型 AI 产品经理，强调平台搭建、复杂协同和 0-1，而不是纯 SaaS 商业化经验。,产品类-平台型,58,"● 工作3年以上，至少2年从事TO B领域
●  逻辑性强，合作意识好，协同能力强 
● 能抗压，自驱动好，对产品有热爱和对极致的追求 
● 有AI平台型产品作品者优先",https://talent.dingtalk.com/off-campus/position-detail?positionId=100018500002&track_id=SSP1780969973639fnlaHBZijl9486
