PostId,RecruitPostId,RecruitPostName,CountryName,LocationName,BGName,ProductName,CategoryName,Responsibility,LastUpdateTime,PostURL,RequireWorkYearsName,SourceID,IsCollect,IsValid
"2027280257962377216","117981","AI产品经理","中国","深圳","PCG","应用宝","产品","1.利用端侧的本地AI模型，挖掘并解决用户在PC端侧办公学习场景下的问题和需求；
2.理解电脑硬件、AIPC的迭代和原理；理解大模型的技术原理和能力边界，深刻理解模型进化带来的解决方式的改变，并充分应用在产品设计中。平衡模型效果和运行性能，并极致优化用户体验；
3.设计产品架构和迭代节奏，把握市场机遇，协同各端研发共同确保结果交付；
4.持续维护并发挥与合作伙伴等战略合作和规模优势。","2026年06月01日","http://careers.tencent.com/jobdesc.html?postId=2027280257962377216","两年以上工作经验","1","false","true"
"2029837577405759488","118285","QQ-Agent产品经理","中国","深圳","PCG","QQ","产品","1.负责QQ Agent产品规划与迭代，构建以用户需求为中心的智能交互体验；
2.深入理解用户场景，推动产品在消息提醒、好友状态感知、社交关系拓展等场景应用落地；
3.结合用户行为与反馈，持续优化RAG、Tools、Memory等能力，提升Agent的精准性与个性化水平；
4.协同算法、工程、设计等团队，高效推进产品方案从设计到上线的全过程。","2026年06月08日","http://careers.tencent.com/jobdesc.html?postId=2029837577405759488","一年以上工作经验","1","false","true"
"2003663358812905472","116798","增长产品经理","中国","深圳","PCG","应用宝","产品","1.以某渠道为应用宝贡献的用户增长规模&质量为核心指标；制定该渠道的【增长产品策略】，通过优化该渠道产品页面、转化链路、用户交互等，从而提高该渠道为应用宝的获量能力和获量规模；制定该渠道的【承接产品策略】，基于该渠道用户画像和行为数据，优化从用户登陆启动应用宝到商业化变现的全流程转化路径，以提升该渠道用户的留存/活跃/LTV等指标；
2.基于某渠道的全链路转化漏斗数据，分析可落地的链路优化节点，需具备较强的数据敏感度；
3.推动A/B实验的方案设计、执行、评估、迭代，基于数据分析、漏斗拆解和用户理解，合理评估实验效果，上线有效产品策略&承接策略，保障指标完成；
4.与内外部不同团队紧密协作，如设计/技术/研发/数据等协同团队，整合内外部资源，推动相关产品&承接方案从测试到规模化应用的全程执行落地。","2026年05月27日","http://careers.tencent.com/jobdesc.html?postId=2003663358812905472","一年以上工作经验","1","false","true"
"2036276141639233536","118778","平台产品经理","中国","北京","PCG","内容引入服务","产品","1.负责企鹅号内容平台的产品服务建设，聚焦于内容的生产、审核、分发及创作者服务，利用 AIGC 等前沿技术提升平台效率与用户体验，构建健康、活跃、可持续的内容服务；
2.负责内容生态产品规划，包括负责创作者服务及内容平台的产品规划、制定并优化内容品类、创作者成长、内容质量与分发的长期策略；负责内容生产与消费体验优化， 主导围绕内容平台服务策略优化的相关产品化落地，提升内容供给效率；
3.参与AIGC应用与智能化提效，推动 AIGC 在内容生成、标签化、摘要、个性化标题/封面、内容组织与运营等场景的应用，赋能创作者提升生产效率。","2026年05月21日","http://careers.tencent.com/jobdesc.html?postId=2036276141639233536","三年以上工作经验","1","false","true"
"2047584815200497664","119631","QQ会员-产品经理","中国","深圳","PCG","QQ会员","产品","1.负责会员业务的权益设计和运营策略，结合用户的喜好设计高效、有趣的玩法，为QQ会员的收入结果负责；
2.结合QQ活跃用户的喜好和特征，针对不同偏好的用户设计对应体系，包括但不限于：专属身份和标识、数值体系、功能，最终提升会员用户的规模和Arpu；
3.结合会员的生命周期，设计对应的拉新、续费、回流策略，提升会员用户整体规模。","2026年06月02日","http://careers.tencent.com/jobdesc.html?postId=2047584815200497664","三年以上工作经验","1","false","true"
"2034259565708734464","118635","金融AI产品经理","中国","深圳","CDG","公共","产品","1.负责金融场景用户query回答质量提升的策略设计、验证及落地闭环，通过持续策略优化提升场景整体回答质量，并满足场景个性化需求；
2.与技术团队深度协作，通过驱动“模型+数据+工程”的三角协同，实现整体能力面向用户价值的持续优化；
3.调研市场动向，为创新提供思路；结合业务实际制定产品长期战略、规划和路线图。","2026年04月08日","http://careers.tencent.com/jobdesc.html?postId=2034259565708734464","三年以上工作经验","1","false","true"
"2030596831590903808","118306","元宝-AIGC产品经理","中国","北京","CSIG","元宝","产品","1.负责元宝App内AIGC相关产品（图像生成、视频生成、创意工具等）的迭代路径的规划与迭代路径；
2.深入洞察用户需求与行业趋势，探索AIGC在内容创作、社交互动等场景的创新应用，提升产品竞争力与用户体验；
3.协同算法、工程、设计、运营团队，推动产品从0到1的闭环落地，确保项目高质量交付；
4.建立产品数据指标体系，通过用户反馈与数据分析持续优化产品功能，提升核心指标；
5.关注国内外AIGC技术动态与竞品动向，输出前瞻性产品策略，为团队提供方向指导。","2026年03月31日","http://careers.tencent.com/jobdesc.html?postId=2030596831590903808","三年以上工作经验","1","false","true"
"2034117546277498880","118618","AI原生产品经理","中国","深圳","CSIG","腾讯云","产品","1.产品规划与目标定义：深入理解销售、运营、客服等内部业务流程与痛点，规划AI Agent产品的核心场景、能力矩阵与演进路线，并设定可量化的效率提升与增收目标；
2.智能体体验与流程设计：主导Agent的交互逻辑、决策流程与工具调用设计。将复杂的业务规则与AI能力，转化为简单、高效、可靠的产品功能与用户体验；
3.系统整合与自动化闭环：设计并推动AI Agent与现有业务系统（如经营系统、知识库等）的深度集成方案，实现从“感知-决策-执行-反馈”的业务自动化闭环；
4.数据驱动与效果评估：建立AI Agent产品的核心指标体系，监控使用效果、准确率与业务影响，通过数据分析驱动产品的持续迭代与优化；
5.全链路项目推动：协同算法、工程、业务与设计团队，主导产品从需求、开发、测试到上线运营的全过程，确保产品高质量落地并产生实际业务价值。","2026年03月18日","http://careers.tencent.com/jobdesc.html?postId=2034117546277498880","三年以上工作经验","1","false","true"
"2060180630217605120","120285","投放策略产品经理","中国","深圳","PCG","ACE中台","产品","1.有成熟投放/策略产品经验：熟悉广告投放和用户增长策略，能从用户，价格等多维度拆解优化投放效果，并能根据不同的大模型AI落地使用场景（比如搜索、推荐、AI聊天BOT等场景），提出策略并不断改进，持续提升获客效果；
2.了解&深入接触用户：通过和用户交流、分析数据来发现用户需要什么，然后根据用户的反馈和数据来评估产品的效果，不断改进产品；
3.团队协作：熟悉推荐算法的工作机制，并能成熟对接算法，工程，运营等不同团队，善于协调不同资源来推进需求进展；
4.持续学习： 了解公司内外的需求，观察竞争对手在做什么，找到可以改进的地方，提出新的产品方案，通过研究用户、竞争对手和数据分析，了解行业的最新趋势，找到产品可以改进的机会。","2026年06月01日","http://careers.tencent.com/jobdesc.html?postId=2060180630217605120","三年以上工作经验","1","false","true"
"1951113659853963264","113849","微信秒剪-产品经理","中国","广州","WXG","微信读书","产品","1.负责秒剪的产品策划工作，深度挖掘用户在视频创作领域的核心痛点与潜在需求，设计并落地创新的产品方案，有效提升用户产品体验和使用效率；
2.围绕AI应用落地方向深入研究和设计，能够快速学习，拆解复杂问题并与开发同学有效配合制定解决方案，不断强化产品特点和独特的用户价值；
3.持续了解和深挖行业和用户特点，提出创新性的产品玩法，提升用户留存和活跃。","2026年05月11日","http://careers.tencent.com/jobdesc.html?postId=1951113659853963264","三年以上工作经验","1","false","true"
"2013542314953297920","117406","信用卡平台-产品经理","中国","深圳","CDG","信用卡业务","产品","1.负责微信信用卡还款平台在微信生态内的场景挖掘与产品合作；
2.深度洞察用户，理解微信生态，挖掘生态内的场景连接点；
3.推动产品创新，实现平台与生态的共赢。","2026年05月25日","http://careers.tencent.com/jobdesc.html?postId=2013542314953297920","三年以上工作经验","1","false","true"
"1986268577531060224","115835","元宝- AI策略产品经理","中国","北京","CSIG","元宝","产品","1.优化Agent能力，通过包括不限于RAG、Tools、Memory等方式，不断提升用户体验；
2.了解行业最新动态，并总结产品创新路径，探索行业最佳实践；
3.抽象沉淀通用组建和能力，完善agent平台能力，提升业务迭代效率。","2026年05月14日","http://careers.tencent.com/jobdesc.html?postId=1986268577531060224","一年以上工作经验","1","false","true"
"1897945233740599296","110517","游戏AI-高级产品经理","中国","深圳","TEG","","产品","1.负责探索AI技术在游戏中的应用，包括但不限于以AI为核心的玩法设计、拟人AI、AI测试等；
2.熟悉游戏研发流程与管线，根据项目需求推动AI能力产品化，用标准化的AI工具提升游戏体验或研发效率；
3.深入了解AIGC相关技术与业界进展，了解AI的能力边界并建设合理的评估标准体系。","2026年05月13日","http://careers.tencent.com/jobdesc.html?postId=1897945233740599296","三年以上工作经验","1","false","true"
"1978467587062910976","115345","微信输入法-产品经理","中国","广州","WXG","微信输入法","产品","1.负责微信输入法的产品策划工作，对用户需求进行深度挖掘并高效执行推动产品方案落地，有效提升用户产品体验和效率，强化产品特点，挖掘用户价值；
2.负责产品相关策略设计工作，能够快速学习，拆解问题，通过数据分析等方式制定解决方案，不断优化产品使用效率；
3.持续了解和深挖行业和用户特点，提出创新性的产品玩法，提升用户留存和活跃。","2026年05月09日","http://careers.tencent.com/jobdesc.html?postId=1978467587062910976","三年以上工作经验","1","false","true"
"1925398818564710400","112233","元宝- AI策略产品经理","中国","深圳","CSIG","元宝","产品","1.优化Agent能力，通过包括不限于RAG、Tools、Memory等方式，不断提升用户体验；
2.了解行业最新动态，并总结产品创新路径，探索行业最佳实践；
3.抽象沉淀通用组建和能力，完善Agent平台能力，提升业务迭代效率。","2026年05月07日","http://careers.tencent.com/jobdesc.html?postId=1925398818564710400","两年以上工作经验","1","false","true"
"2046845261342470144","119551","腾讯视频-AI 产品经理","中国","北京","PCG","腾讯视频","产品","1.参与腾讯视频worksolo等产品工作，包括AI Agent、skill、AI交互体验等核心模块的产品设计与迭代；
2.深入理解AI视频生成、Agent、多模态大模型等技术能力边界，将前沿AI能力产品化为普通创作者可用的功能；
3.持续关注AI行业趋势，规划核心功能，快速运用AI工具推动产品落地与版本迭代，协同算法、工程、设计、运营团队，定义产品目标与里程碑，保障产品按期高质量交付；
4.建立数据驱动的产品迭代机制，基于用户反馈与核心指标持续优化产品体验，提升AI工具的易用性与留存。","2026年04月29日","http://careers.tencent.com/jobdesc.html?postId=2046845261342470144","两年以上工作经验","1","false","true"
"2043522207853998080","119251","微信-产品经理-多平台","中国","广州","WXG","微信APP基础体验","产品","1.负责PC微信内的基础功能模块的相关产品策划工作，具体包括但不限于功能的策略制定、功能设计及推动上线；
2.主要负责的功能模块是PC微信主框架、基础IM体验等；
3.持续钻研PC微信与AI的结合与探索方向。","2026年04月20日","http://careers.tencent.com/jobdesc.html?postId=2043522207853998080","不限","1","false","true"
"2036274661179944960","118777","游戏美术 AIGC 产品经理","中国","深圳","IEG","BG公共（IEG）","产品","1.产品规划与路线图管理：负责 AIGC 产品的整体规划、版本迭代计划制定，明确产品目标与里程碑，确保产品按期交付并持续迭代优化；
2.需求管理与优先级决策：统筹产品、TA、算法等多方需求，建立需求池管理机制，基于业务价值与技术可行性进行优先级排序，推动需求从定义到上线的全流程闭环；
3.跨团队协同与资源整合：作为产品与技术团队的桥梁，协调研发资源分配，推动产品-设计-开发-测试协同，把控产品质量与交付节奏，保障敏捷迭代高效运转；
4.产品流程与规范建设：建立并完善产品研发全流程规范（需求评审、版本管理、上线验收等），沉淀产品方法论与最佳实践，持续提升团队产品化能力；
5.风险预判与问题解决：具备敏锐的风险意识，提前识别产品/项目风险并制定应对预案，快速协调资源解决阻塞问题，确保产品平稳推进；
6.数据驱动与效果度量：定期输出产品迭代报告，建立 AI 工具提效的量化指标体系（如效率提升率、成本节约等），通过数据驱动产品决策，向上汇报并沉淀可复用的方法论。","2026年04月09日","http://careers.tencent.com/jobdesc.html?postId=2036274661179944960","三年以上工作经验","1","false","true"
"2037392058448248832","118888","微信-产品经理-AI方向","中国","广州","WXG","微信AI助手","产品","1.从真实场景下的用户需求出发，负责探索微信AI应用场景并推动落地；
2.跟进并理解大模型等相关技术发展，深刻理解模型进化带来的改变，在产品的设计中充分应用模型能力。","2026年04月02日","http://careers.tencent.com/jobdesc.html?postId=2037392058448248832","不限","1","false","true"
"2059110495713144832","120224","微信支付-基础产品经理","中国","深圳","WXG","微信支付","产品","1.结合法律、行业趋势、用户需求，面向C端用户的鉴权与身份核验场景，输出产品解决方案，为用户提供安全、方便、好用的验密/刷脸/证件照片验证等基础产品服务；
2.建立和完善产品机制、运营规范，充分匹配用户意愿的前提下，帮助用户高效解决问题，保障用户的权益和使用体验；
3.结合用户行为和实际需求，持续探索创新应用场景、改进用户体验，赢得用户口碑。","2026年06月02日","http://careers.tencent.com/jobdesc.html?postId=2059110495713144832","三年以上工作经验","1","false","true"
"1935523795389513728","112797","QClaw-工具类应用产品经理","中国","深圳","CSIG","安全管家","产品","1.负责产品从需求收集、规划、设计、开发到上线的各个阶段；
2.与用户增长、运营、商业化团队紧密合作，确保产品功能卓越、用户体验优秀；
3.以电脑管家、手机管家为基础，负责工具类应用软件的产品策划工作。","2026年06月02日","http://careers.tencent.com/jobdesc.html?postId=1935523795389513728","三年以上工作经验","1","false","true"
"1994013057063473152","116268","企业微信-基础产品经理","中国","广州","WXG","企业微信SaaS","产品","1.负责企业微信内的基础功能模块的相关产品策划工作，具体包括但不限于功能的策略制定、功能设计及推动上线；
2.主要负责的功能模块是企业微信主框架、基础IM体验、基础管理体验等；
3.持续了解企业通讯工具、协同工具、企业微信与各个行业和场景结合的需求和体验提升。","2026年05月29日","http://careers.tencent.com/jobdesc.html?postId=1994013057063473152","三年以上工作经验","1","false","true"
"2052322555175550976","119823","智能审核平台产品经理","中国","北京","PCG","星航内容管线","产品","1.负责智能审核平台产品体系建设，参与机审、人审、管理一个或多个方向的产品规划与落地，推动内容审核从向AI 驱动型演进；
2.深入理解审核全链路（事前机审拦截→事中人审研判→事后质检培训），完成需求分析、产品设计及项目推进；
3.探索大模型、多模态模型及 Agent 技术在审核场景的落地应用，包括智能策略编排、辅助审核决策、自动化质检等；
4.建立数据驱动的迭代机制，定义核心指标体系（准确率、召回率、人效比、降量率等），通过数据归因持续优化效果；
5.与算法、工程、运营协同，推动跨 BG 的平台化能力输出与复用。","2026年05月15日","http://careers.tencent.com/jobdesc.html?postId=2052322555175550976","三年以上工作经验","1","false","true"
"2011285787706019840","117287","AI产品经理-AI生成游戏","中国","深圳","IEG","IEG微信游戏合作中心-小游戏合集","产品","1.制定AI生成游戏产品的整体战略规划和发展路线图，明确产品定位、目标用户和核心价值；
2.基于市场趋势和用户需求，持续优化产品方向，推动AI生成游戏技术的创新应用；
3.设计完整的用户旅程地图，覆盖从需求输入、策划案生成、参数配置到游戏构建的全流程体验；
4.主导LLM对话交互设计，定义AI助手的角色、对话流程和话术规范，确保用户能够自然、高效地表达游戏创意；
5.与AI工程师协作，设计LLM的系统提示词（System Prompt），定义AI的理解能力边界和输出规范；
6.编写需求澄清问题库和对话示例集（Few-shot Examples），提升LLM对游戏需求的理解准确率；
7.建立LLM能力评估体系，通过测试案例持续优化AI理解和生成质量。","2026年05月14日","http://careers.tencent.com/jobdesc.html?postId=2011285787706019840","一年以上工作经验","1","false","true"
"2046718048437694464","119544","​​腾讯云AI语音产品经理​​","中国","深圳","CSIG","腾讯云","产品","1.负责腾讯云语音产品（大模型ASR）产品的全生命周期管理，推动技术商业化落地，打造行业领先的语音AI解决方案​​；
2.​​洞察行业趋势及客户需求，制定腾讯云AI语音产品的产品规划，明确技术迭代与商业化路径；
3.设计语音差异化功能与场景化解决方案，输出PRD并协调技术团队落地；
4.​​推动语音能力在泛互、教育、消费电子等行业的规模化应用，形成标杆案例进行复制，设计产品商业化定价模型；
5.​​深度分析竞品动态，制定性能优化、成本控制及体验提升策略。不断提升语音的关键技术指标，协同算法团队攻克行业难点。","2026年04月29日","http://careers.tencent.com/jobdesc.html?postId=2046718048437694464","三年以上工作经验","1","false","true"
"2034093357088796672","118610","研效洞察平台产品经理","中国","深圳","TEG","研发效能（旧）","产品","1. 负责研发效能度量、智能洞察、数据可视化等核心模块规划与落地，适配研发全角色需求；
2.​ 挖掘研发流程痛点，抽象产品功能，构建标准化指标体系与AI驱动的效能优化方案（如风险预警、根因分析）；
3. 协同数据、算法、研发团队，推进产品落地与迭代，保障平台稳定性与用户体验；
4. 跟踪行业趋势与AI技术前沿，推动产品创新与价值量化。","2026年04月20日","http://careers.tencent.com/jobdesc.html?postId=2034093357088796672","五年以上工作经验","1","false","true"
"2041409199149314048","119093","腾讯会议-评测产品经理","中国","深圳","CSIG","腾讯会议","产品","1.评测体系规划与建设：负责 ASR与大模型产品的评测体系设计与搭建，覆盖通用能力及专项能力（如语音识别准确率、口语化理解、多轮对话、推理、写作、多模态等）；结合产品目标定义评测维度、指标体系与流程机制，推动评测能力标准化、产品化与可持续迭代；
2.Benchmark研究与业务化落地：跟踪国内外ASR、大模型相关评测方法、行业 Benchmark 与产品趋势，分析其适用场景与优缺点；结合业务需求和真实用户场景，设计或改造评测集与任务，推动通用 Benchmark 向业务评测方案落地，确保评测结果具备真实性、代表性与可复现性；
3.产品效果分析与优化策略制定：定期组织不同版本模型或策略方案的评测与横向对比，输出系统化分析报告，识别产品体验中的优势、短板与关键问题；围绕识别质量、响应质量、稳定性、时延、可控性、用户满意度等维度，设计专项分析框架，支持产品迭代决策与优先级判断；
4.用户反馈分析与体验闭环建设：持续监测用户真实使用数据、交互日志与反馈内容，挖掘 badcase、共性问题及高价值优化方向；联合算法、研发、运营等团队，将用户侧体验问题沉淀为可量化评测项、验收标准与优化方案，建立“用户反馈—评测验证—版本迭代”的闭环机制；
5.跨团队协同与产品推进：与算法、数据、工程、测试等团队紧密协作，推动评测需求定义、数据建设、工具搭建和结果应用；将评测能力嵌入模型研发与产品迭代流程，推动形成从需求定义、评测验证到效果复盘的完整产品机制，提升模型效果与用户体验的持续优化效率。","2026年04月07日","http://careers.tencent.com/jobdesc.html?postId=2041409199149314048","两年以上工作经验","1","false","true"
"2039624806697168896","119034","腾讯会议-增长产品经理","中国","深圳","CSIG","腾讯会议","产品","1.负责 AI 通讯产品的用户规模增长，探索和落地AI时代新的KOL/KOC、新流量场（社区 / 社群等）、新增长玩法，获得用户规模与口碑；
2.负责跨团队跨产品的增长合作，协同上下游产品共同打造更符合AI时代需求的场景，提升用户规模。","2026年04月02日","http://careers.tencent.com/jobdesc.html?postId=2039624806697168896","三年以上工作经验","1","false","true"
"2034975730101809152","118707","腾讯云- MaaS高级产品经理","中国","深圳","CSIG","腾讯云-云原生","产品","1.参与腾讯云MaaS产品的战略规划与roadmap制定，结合行业趋势、客户需求及集团技术优势，明确产品核心定位与差异化竞争力，对齐业务增长目标；
2.负责MaaS全链路产品能力搭建，围绕模型精选、数据标注、微调训练、推理优化、安全合规等核心环节，设计标准化产品方案与工具链，降低企业AI应用门槛，加速大模型在金融、文旅、政务等行业的落地适配；
3.联动内部算法、工程、算力团队，推动产品功能落地与迭代优化，解决模型适配、异构算力纳管、动态扩缩容等核心产品问题，保障产品性能与用户体验；
4.挖掘企业客户核心需求，沉淀行业解决方案，推动MaaS产品与腾讯云TI平台、向量数据库等产品的协同，构建开放的MaaS生态，对接第三方模型与合作伙伴，提升产品市场竞争力；
5.跟踪行业动态与竞品趋势，输出产品优化建议，推动技术创新与产品形态升级，助力腾讯云MaaS巩固行业领先地位。","2026年04月01日","http://careers.tencent.com/jobdesc.html?postId=2034975730101809152","三年以上工作经验","1","false","true"
"2034536535780655104","118656","SSV-AI 创新应用产品经理","中国","深圳","CDG","CDG公共","产品","1.岗位要求；
2.AI 场景拓荒：深度调研并实操全球最前沿的 AI 技术（如 Claude 系列、各类开源 LLM、多模态图文/视频生成），寻找其在社区慈善场景、数字文化智慧博物馆等向善领域的最佳落脚点；
3.快速原型实现：不只是写PRD，还能动手写代码，或利用低代码工具（Dify、Coze、LangChain 等）快速搭建 AI 应用 MVP，验证技术可行性；
4.跨界翻译与驱动：作为 AI 技术与社会公益之间的“翻译官”，驱动开发、设计及外部合作伙伴，确保 AI 应用兼具优秀用户体验与技术前瞻性。","2026年03月26日","http://careers.tencent.com/jobdesc.html?postId=2034536535780655104","两年以上工作经验","1","false","true"
"2035264704259194880","118724","元宝增长策略产品经理","中国","深圳","CSIG","元宝","产品","1、负责 App 端外流量整体增长，主导厂商生态、负一屏、系统卡片、厂商服务中心等核心渠道，搭建端外流量矩阵；
2、对接手机厂商，推进合作谈判、权益争取、深度绑定厂商资源，打造长期稳定的合作生态，负责方案落地与效果优化，对端外流量规模、获客成本、ROI 负责；
3、设计端外引流产品形态，快捷入口、桌面组件、服务卡片、系统推荐等，优化 “曝光 - 点击 - 下载 - 激活 - 留存” 全链路转化；
4、负责端外渠道数据监控、归因分析、成本与 ROI 评估，及时定位波动原因并迭代策略；
5、持续拓展第三方流量、浏览器、搜索、预装 、异业合作等新增量渠道，丰富外部流量来源；
6、协同内部产品、研发、运营、数据团队，推动落地页、承接链路、转化路径优化，提升新增量级与留存；
7、跟踪厂商政策、系统版本更新、行业与竞品打法，输出增长洞察与前瞻布局。
","2026年03月23日","http://careers.tencent.com/jobdesc.html?postId=2035264704259194880","三年以上工作经验","1","false","true"
"2035265036687142912","118730","元宝-整合营销产品经理","中国","深圳","CSIG","元宝","产品","1、结合产品迭代节奏以及市场洞察，整合产品推广策略，规划全年与月度营销节奏，拉通协同各合作部门，确保品牌对外传播的效率与质量；
2、结合重要节点，制定营销策略并统筹Campaign落地，打造具有影响力的营销事件并达成业务目标；
3、了解及把控市场活动执行全链路，包括目标的拆解，线上线下活动、创意物料及事件营销等执行落地；
4、结合市场热点以及业务需求，持续探索创新性的营销手段，包括但不限于爆款事件、直播营销等，提升品牌整体在目标圈层的影响力。

","2026年03月23日","http://careers.tencent.com/jobdesc.html?postId=2035265036687142912","五年以上工作经验","1","false","true"
"2035265034589995008","118729","元宝-整合营销产品经理","中国","北京","CSIG","元宝","产品","1、结合产品迭代节奏以及市场洞察，整合产品推广策略，规划全年与月度营销节奏，拉通协同各合作部门，确保品牌对外传播的效率与质量；
2、结合重要节点，制定营销策略并统筹Campaign落地，打造具有影响力的营销事件并达成业务目标；
3、了解及把控市场活动执行全链路，包括目标的拆解，线上线下活动、创意物料及事件营销等执行落地；
4、结合市场热点以及业务需求，持续探索创新性的营销手段，包括但不限于爆款事件、直播营销等，提升品牌整体在目标圈层的影响力。

","2026年03月23日","http://careers.tencent.com/jobdesc.html?postId=2035265034589995008","五年以上工作经验","1","false","true"
"1880770535693004800","109572","企业微信-产品经理-AI方向","中国","广州","WXG","企业微信SaaS","产品","1.负责企业微信内的基础模块和AI功能的相关产品策划工作，具体包括但不限于基础功能的策略制定、功能设计及推动上线；
2.主要负责的功能模块是企业微信AI相关功能、主框架、基础IM体验、基础管理体验等；
3.持续了解企业通讯工具、协同工具、企业微信与AI结合的需求和体验提升。","2026年06月08日","http://careers.tencent.com/jobdesc.html?postId=1880770535693004800","一年以上工作经验","1","false","true"
"1984457407304196096","115741","元宝-大模型评测产品经理","中国","北京","CSIG","元宝","产品","1.自动评估体系建设：设计并搭建大模型自动评估体系，覆盖通用能力及专项能力（如推理、写作、语音、VLM 等）；构建评测指标体系与自动化评测流程，推动评测体系标准化、模块化、可扩展化；
2.Benchmark 研究与落地：跟踪国内外前沿大模型评测方法与 Benchmark，研究其评测维度与自动化机制；复现与改造高质量评测集，结合业务场景定制评测任务，确保评测的真实性与可复现性；
3.模型效果分析与策略优化：定期对不同版本模型进行系统评测与对比，输出详细分析报告，识别模型优势与薄弱点；针对记忆、写作、语音、多模态（VLM）等专项能力，设计细粒度评测指标与分析策略，支撑模型迭代方向；
4.用户数据分析与体验优化：持续监测与分析真实用户交互数据，挖掘模型表现的 badcase 与典型问题；与算法及产品团队协作，将用户侧问题转化为可量化的评测指标与优化方案；建立用户体验反馈与评测体系联动机制，推动模型效果持续提升与体验闭环优化；
5.跨团队协作与产品规划：与算法、工程、产品团队紧密配合，定义评测需求与指标体系，推动自动评测体系在实际业务与模型研发中的落地，形成评测 → 分析 → 优化的完整闭环。","2026年06月05日","http://careers.tencent.com/jobdesc.html?postId=1984457407304196096","一年以上工作经验","1","false","true"
"1949322738699182080","113679","智能体-策略产品经理-CodeBuddy/WorkBuddy","中国","深圳","CSIG","腾讯云-Codebuddy-C端专用","产品","1.负责构建Coding Agent评估体系，建立多行业测试用例库，通过CI/CD报告及埋点数据持续监控效果；
2.主导Prompt工程优化工作，开发垂直领域动态Prompt模板，迭代提示词策略，降低幻觉率并提升需求解析精度；
3.进行工具链集成与效能提升，设计工具智能调度规则，提升工具执行成功率和效果；
4.设计分层记忆管理机制，构建短期记忆与长期记忆，提升智能体应答效果，降低调用成本；
5.优化多智能体协同流程，提升 Plan/Design/Coding Agent 的协作效率；
6.备注：base地可选深圳/北京/上海。","2026年06月05日","http://careers.tencent.com/jobdesc.html?postId=1949322738699182080","五年以上工作经验","1","false","true"
"1949322741660385280","113680","智能体-策划产品经理-CodeBuddy/WorkBuddy","中国","深圳","CSIG","腾讯云-Codebuddy-C端专用","产品","1.负责CodeBuddy IDE产品的整体规划与战略制定，明确AI功能迭代方向；
2.持续跟踪AI开发者工具竞品的动态，为产品决策提供有力依据，同时精准提炼垂直行业的核心痛点，如合规代码生成等；
3.主导产品的全生命周期管理，负责编写需求文档（PRD），清晰定义AI功能的交互逻辑；
4.积极推动腾讯云生态与CodeBuddy IDE的深度集成，包括CloudBase部署、微信小程序兼容等方面，设计有效的技术解决方案；
5.构建完善的产品指标体系，如代码生成准确率、任务耗时等，通过漏斗分析精准定位用户体验断点；
6.备注：base地可选深圳/北京/上海。","2026年06月02日","http://careers.tencent.com/jobdesc.html?postId=1949322741660385280","五年以上工作经验","1","false","true"
"1907327403282247680","111168","信用卡现金借贷-产品经理","中国","深圳","CDG","信用卡业务-场景分期","产品","1.负责信用卡及零贷业务产品策划工作，包括提升产品力服务供给、丰富经营能力、提升运营效率等工作；
2.深度挖掘平台用户特征和需求，持续丰富合作金融机构和信贷产品，满足不同客群对产品额度、定价、服务的需求；
3.洞察金融机构诉求，负责平台用户权益设计和营销能力建设，持续提升运营效率，助力提升资产规模；
4.关注金融科技、信贷行业动向，基于行业趋势和用户理解，持续推动平台产品中长期的经营规划和迭代。","2026年05月29日","http://careers.tencent.com/jobdesc.html?postId=1907327403282247680","五年以上工作经验","1","false","true"
"2058757441348349952","120202","智能体-B端产品经理-Workbuddy/CodeBuddy","中国","深圳","CSIG","腾讯云-Codebuddy-B端专用","产品","1.统筹腾讯云企业级智能体产品规划与路线制定，负责产品核心竞争力打造及商业化目标达成；
2.搭建智能体技能、连接器及生态集成体系，整合内外资源，搭建企业业务智能体与数字员工能力体系；
3.建立智能体评测、安全管控、线上监控及自动化验收体系，提升项目落地成功率，实现规模化商用；
4.协同销售与解决方案团队服务大客户，沉淀标杆项目经验，输出可复用行业落地模板。","2026年05月25日","http://careers.tencent.com/jobdesc.html?postId=2058757441348349952","五年以上工作经验","1","false","true"
"2026121516504215552","117901","腾讯云-AI供应链产品经理","中国","深圳","CSIG","腾讯云","产品","1.采购供应系统产品设计/架构师，负责服务器/数据中心品类整个采购供应流程系统设计、系统产品规划，结合AI技术优化采购供应链全链路，推动AI能力与采购供应系统深度融合；
2.具备强的全局拉通能力，应对复杂的供应链链路，拥有优秀的通用和局部架构设计能力；牵头联动业务、研发团队，完成AI功能的原型设计、需求拆解及落地迭代，保障AI功能与业务场景的适配性；
3.负责AI供应链相关功能的需求调研、用户反馈收集，结合业务数据迭代优化AI模型效果，提升采购供应链效率、降低运营成本；
4.推动AI技术在采购供应链场景的规模化应用，制定AI功能落地标准及验收指标，联动跨部门协同推进项目，确保AI产品功能按期交付并产生业务价值。","2026年05月25日","http://careers.tencent.com/jobdesc.html?postId=2026121516504215552","五年以上工作经验","1","false","true"
"1995425138451046400","116322","腾讯地图-AI语音产品经理","中国","北京","CSIG","腾讯地图APP","产品","1.负责腾讯地图APP中AI语音方向的产品规划和需求定义，制定清晰的产品功能roadmap；
2.与工程、算法及评测团队紧密合作，持续迭代产品功能，提升语音交互的用户体验和满意度；
3.深入洞察用户需求，进行AI语音产品调研与竞品分析，挖掘创新机会点，打造有吸引力AI出行场景体验；
4.跟踪行业技术趋势，探索AI语音在地图导航中的创新应用，推动产品持续升级。","2026年05月06日","http://careers.tencent.com/jobdesc.html?postId=1995425138451046400","三年以上工作经验","1","false","true"
"2049014853242355712","119699","AI 原生产品经理-游戏方向","中国","深圳","IEG","ProjectD-手游APP","产品","1.结合前沿技术发展趋势，定义AI 在游戏研发与 UGC 场景的创新实现路径；
2.深度理解项目研发团队和 UGC 开发者的真实需求，设计AI产品方案，对产品体验与落地效果负责；
3.与技术团队紧密协作，在技术可能性与用户需求之间做出决策，将AI技术能力封装为开发者/创作者可用的工具与产品。","2026年04月28日","http://careers.tencent.com/jobdesc.html?postId=2049014853242355712","三年以上工作经验","1","false","true"
"2035264866276769792","118726","元宝AI运营平台产品经理","中国","深圳","CSIG","元宝","产品","负责元宝运营增长平台全生命周期的产品建设，面向运营团队搭建一站式提效工具，覆盖推荐、PUSH、模型干预、内容创作、营销转化全链路能力，通过标准化平台能力，支撑业务高效迭代与增长目标达成。

1、需求对接：深度理解运营、增长团队的业务诉求与核心痛点，拆解全链路运营场景，输出可落地、可复用的产品方案；
2、平台建设：负责元宝运营增长平台的整体产品架构设计与迭代 roadmap 规划，覆盖推荐、PUSH、模型干预、创作运营、营销工具库等核心模块；
3、全流程落地：协同研发、设计、数据、业务等跨职能团队，推动产品从需求评审、方案落地、开发测试到上线发布的全流程管理，保障项目按时高质量交付；
4、迭代优化：跟踪工具使用效率与业务价值产出，持续收集反馈，优化功能与体验，降低运营操作门槛，提升运营人效。
","2026年03月23日","http://careers.tencent.com/jobdesc.html?postId=2035264866276769792","三年以上工作经验","1","false","true"
"1996181132168814592","116374","企业微信-产品经理-生态合作","中国","广州","WXG","企业微信SaaS","产品","1.负责企业微信第三方合作伙伴生态的相关开放平台产品策划工作；
2.负责建设企业微信开放平台，接入外部合作伙伴的产品及服务，并提供平台工具支撑。包括策略制定、功能设计及推动上线等；
3.能够理解工作场景下，to B的业务的定位与逻辑，以用户价值和体验思维，设计企业微信的开放能力。","2026年06月05日","http://careers.tencent.com/jobdesc.html?postId=1996181132168814592","两年以上工作经验","1","false","true"
"1970768314632396800","115002","高级产品经理 -金融支付方向","中国","深圳","CDG","Tango","产品","1.跟踪并分析数字货币相关政策与行业发展趋势，输出研究与实践方案；
2.负责数字货币业务的产品规划与设计，制定清晰的产品发展路线；
3.主导创新业务的用户调研与竞品分析，完成核心功能设计，推动跨部门协作，确保业务目标达成；
4.制定产品商业化路径与推广方案，推动产品从孵化到迭代优化再到规模化落地；
5.持续监测市场反馈与行业动态，提出产品优化和创新方向。","2026年06月05日","http://careers.tencent.com/jobdesc.html?postId=1970768314632396800","五年以上工作经验","1","false","true"
"2059816926359764992","120249","智能体-商业化产品经理-CodeBuddy/WorkBuddy","中国","上海","CSIG","腾讯云-Codebuddy-C端专用","产品","1.负责CodeBuddy/WorkBuddy等AI智能体商业化产品设计，主导计费规则、交易链路、支付等大交易类产品的完整落地流程；
2.深入理解AI大模型海内外产品的商业化策略，结合市场动态制定差异化产品方案；
3.针对智能体行业落地场景，通过用户路径分析优化订阅权益体系、用户分层模型及付费功能体验；
4.设计并迭代转化漏斗关键节点，提升付费转化率与用户LTV；
5.协同研发、运营、数据团队推动商业化方案落地，通过AB测试验证效果并持续优化；
6.构建高可用、可扩展的商业化产品架构，建立数据监控体系驱动产品迭代。","2026年06月04日","http://careers.tencent.com/jobdesc.html?postId=2059816926359764992","三年以上工作经验","1","false","true"
"2059816924258414592","120248","智能体-商业化产品经理-CodeBuddy/WorkBuddy","中国","深圳","CSIG","腾讯云-Codebuddy-C端专用","产品","1.负责CodeBuddy/WorkBuddy等AI智能体商业化产品设计，主导计费规则、交易链路、支付等大交易类产品的完整落地流程；
2.深入理解AI大模型海内外产品的商业化策略，结合市场动态制定差异化产品方案；
3.针对智能体行业落地场景，通过用户路径分析优化订阅权益体系、用户分层模型及付费功能体验；
4.设计并迭代转化漏斗关键节点，提升付费转化率与用户LTV；
5.协同研发、运营、数据团队推动商业化方案落地，通过AB测试验证效果并持续优化；
6.构建高可用、可扩展的商业化产品架构，建立数据监控体系驱动产品迭代。","2026年06月04日","http://careers.tencent.com/jobdesc.html?postId=2059816924258414592","三年以上工作经验","1","false","true"
"2032327416382386176","118471","腾讯安全-网络安全产品经理","中国","北京","CSIG","基础安全-三部","产品","1.负责腾讯云网络安全产品策划与功能设计和商业化成功，调研、挖掘并洞察市场及用户需求，为所负责子业务的商业化结果成功负责，建设业内领先的云网络安全产品；
2.负责腾讯云网络安全产品的迭代与需求管理，输出功能设计原型图与需求文档；协调研发团队、设计团队与测试团队，推进产品迭代有节奏、高质量落地；
3.负责腾讯云网络安全产品子业务规划，持续关注行业发展、用户需求与竞品动态，输出有行业竞争优势的产品子业务策略设计、发展规划与演进路线图；
4.参与腾讯云网络安全产品运营与商业化运营并为子业务商业成功负责，与产品运营配合，推进产品的商业化进程，提升产品收入、规模与影响力。","2026年06月04日","http://careers.tencent.com/jobdesc.html?postId=2032327416382386176","五年以上工作经验","1","false","true"
"2006252632364175360","116946","金融科技-尽职调查产品经理","中国","深圳","CDG","反洗钱与风控公共能力","产品","1.合规策略与产品规划：负责反洗钱持续尽调产品策划工作，承接合规、业务、部门内履职团队等各方需求，设计满足多方需求的客户尽职调查产品策略，确保监管合规要求落地和用户良好体验；
2.产品策略设计与落地：对全量客户开展持续客户尽职调查，能运用机器学习等数据分析方法，对客户信息、交易行为等进行深度挖掘，制定并落地全链路风险防控策略，建立可量化评估的策略监控体系，持续跟踪核心指标，推动策略迭代；
3.理解并设计尽职调查相关的履职数据库表，负责在数据库中校验数据准确性，并提取自身系统的履职数据。","2026年06月03日","http://careers.tencent.com/jobdesc.html?postId=2006252632364175360","五年以上工作经验","1","false","true"
"2005554769757884416","116894","腾讯游戏-产品经理-游戏增长","中国","深圳","IEG","部门公共-其他(IEG)-流量生态部","产品","1.负责对接腾讯游戏（APP&小游戏）国内买量需求，制定全渠道投放策略，达成既定投放效果目标；
2.管理主流媒体投放进度和结果，根据实际情况优化流程，并能根据业务需求推动跨团队协作；
3.关注研究主流媒体动态及外部竞品动作，挖掘潜在增长机会，形成对素材敏感，深度理解投放素材和效果，优化投放素材创意；
4.负责推动产品技术团队优化广告系统，提升产品投放效率。","2026年05月31日","http://careers.tencent.com/jobdesc.html?postId=2005554769757884416","两年以上工作经验","1","false","true"
"2057645670608846848","120179","微信支付-基础支付产品经理","中国","深圳","WXG","微信支付","产品","1.负责微信支付收银台等支付产品的迭代，挖掘问题、推动提升支付产品的可用性和易用性；
2.探索洞察用户、商户在交易环节的需求，结合平台能力，为用户提供合规、安全的产品解决方案、以及上下游服务，促进微信支付在社交和商业场景的拓展和应用；
3.负责推进支付推荐体系的精细化建模。 结合用户属性与多元交易场景特征，建立健全多维度的支付策略矩阵，提升用户体验。","2026年05月29日","http://careers.tencent.com/jobdesc.html?postId=2057645670608846848","两年以上工作经验","1","false","true"
"2003465825448779776","116789","PC应用宝-高级广告产品经理","中国","深圳","PCG","应用宝","产品","1.负责PC应用宝商业生态能力建设，深入理解竞价广告，从画像/定向、召回、转化、反作弊、归因等全链路进行策略设计和持续迭代优化；
2.负责PC流量的广告策略，通过移动端安卓和微信生态预算的引入、广告链路优化和流量渗透策略，带动PC应用宝的广告收入增长。","2026年05月29日","http://careers.tencent.com/jobdesc.html?postId=2003465825448779776","两年以上工作经验","1","false","true"
"2049051895145857024","119711","安全平台中台高级产品经理","中国","成都","TEG","信息安全-","产品","1.负责安全平台中台产品的策略模块，抽象共性能力，涵盖分流规则、调度规则、优先级配置、策略编排等核心能力，推进策略工具的标准化落地与平台能力建设；
2.梳理现有产品架构与业务流程，主导人机联动的审核解决方案线上化建设，识别重叠与缺失模块，推动中台层能力复用和流程打通；
3.关注大模型在安全审核场景的应用潜力，探索生成式AI提质降本的落地路径，为中台产品的中长期发展提供方向输入。","2026年05月27日","http://careers.tencent.com/jobdesc.html?postId=2049051895145857024","三年以上工作经验","1","false","true"
"2049051892805435392","119710","安全平台中台高级产品经理","中国","深圳","TEG","信息安全-","产品","1.负责安全平台中台产品的策略模块，抽象共性能力，涵盖分流规则、调度规则、优先级配置、策略编排等核心能力，推进策略工具的标准化落地与平台能力建设；
2.梳理现有产品架构与业务流程，主导人机联动的审核解决方案线上化建设，识别重叠与缺失模块，推动中台层能力复用和流程打通；
3.关注大模型在安全审核场景的应用潜力，探索生成式AI提质降本的落地路径，为中台产品的中长期发展提供方向输入。","2026年05月25日","http://careers.tencent.com/jobdesc.html?postId=2049051892805435392","三年以上工作经验","1","false","true"
"2051971954046582784","119804","ima知识号-搜推策略产品经理","中国","深圳","CSIG","IMA","产品","1.负责知识号内容的搜推策略制定与落地，覆盖知识号广场推荐、搜索、知识库问答等核心场景，提升知识号内容的曝光、订阅及有效问答引用；
2.推动知识号内容理解能力建设，包括内容质量评估、分类与标签体系等；
3.深度理解用户发现知识号的需求与路径，并有效洞察知识号创作者的流量及转化诉求，设计有效的推荐策略保障分发效率，生态健康及用户体验；
4.搭建知识号内容分发的评估体系，完成不同策略的效果验证并持续优化。","2026年05月14日","http://careers.tencent.com/jobdesc.html?postId=2051971954046582784","两年以上工作经验","1","false","true"
"2042174713274462208","119175","腾讯微视-福利体系产品经理","中国","北京","PCG","腾讯新闻(APP)","产品","1.网赚与福利体系战略规划：负责微视网赚玩法与用户福利体系的整体架构设计，制定中长期发展路线图。结合短视频场景与用户行为，构建具有吸引力的任务激励、金币体系、现金提现、权益兑换等机制，持续提升用户活跃度、留存与时长；
2.深度洞察用户需求与市场趋势：深入研究下沉市场与用户的动机与偏好，设计分层、动态的激励策略。通过数据驱动与ABtest，持续优化用户从任务参与、奖励获取到提现唤回的全链路转化效率，平衡用户增长与成本控制；
3.跨部门协同与落地推动：主导网赚福利产品的全流程落地，高效协同运营、技术、设计、风控、财务等团队，整合资源确保项目高质量交付与迭代。推动奖励供应链（如礼品、现金、虚拟权益）的稳定履约，保障用户体验与资金安全。","2026年05月11日","http://careers.tencent.com/jobdesc.html?postId=2042174713274462208","五年以上工作经验","1","false","true"
"1998624978693672960","116510","元宝-社区内容运营产品经理","中国","深圳","CSIG","元宝","产品","1.内容生态构建与策略规划：负责AI社区内容体系的长期规划，制定不同板块的运营策略，并建立内容质量标准和评价体系，确保社区内容多元化、高质量；
2.内容生产与运营执行：结合AI行业趋势与用户画像，通过策划热点话题、创作内容、运营专题栏目等方式，引导内容风向，并激励用户产生高质量UGC内容；
3.用户互动与关系维护：深度理解用户，通过评论互动、私信沟通等方式维护社区氛围。重点挖掘和维系核心用户及KOL/达人，构建良好的创作者成长体系；
4.数据分析与策略优化：每日监控社区核心数据（如内容生产/消费、用户活跃、互动率等），分析用户行为与内容趋势，基于数据反馈持续优化运营策略。","2026年05月09日","http://careers.tencent.com/jobdesc.html?postId=1998624978693672960","三年以上工作经验","1","false","true"
"2018950192145006592","117737","WeGame-高级产品经理-AI产品应用","中国","深圳","IEG","WeGameAPP","产品","1.AI场景挖掘与定义： 深入洞察 PC 玩家在游戏全生命周期（找游戏、玩游戏、社区交流）中的痛点，定义 WeGame AI 助手及 AI 原生功能的应用场景；
2.产品设计与落地： 负责从 0 到 1 推动 AI 功能的设计与落地。将 LLM（大语言模型）、多模态理解等前沿技术转化为“游戏助手”、“智能社区”等具体的交互体验；
3.智能化演进驱动： 负责平台智能推荐、自动化工具及 AI 交互系统的迭代，推动 WeGame 从传统的“游戏启动器”向“智能游戏伙伴”跃进；
4.跨部门协同： 与算法团队、工程团队及游戏运营团队紧密配合，把控技术实现的可能性与用户体验的平衡点，确保 AI 功能的高质量交付；
5.效果评估与优化： 建立 AI 产品的量化评价体系，通过数据分析与用户反馈持续打磨模型效果，提升用户在 AI 场景下的留存与活跃。","2026年05月08日","http://careers.tencent.com/jobdesc.html?postId=2018950192145006592","两年以上工作经验","1","false","true"
"2036621556322562048","118810","腾讯会议-AI产品经理-ASR方向","中国","深圳","CSIG","腾讯会议","产品","1.负责AI语音相关产品的规划、设计与迭代；
2.联动算法/工程/数据团队，推进AI语音能力在业务中的落地，持续优化识别准确率、响应速度等关键指标；
3.建立语音产品质量评估体系，负责效果评测集构建、竞品分析和数据驱动的产品迭代。","2026年03月25日","http://careers.tencent.com/jobdesc.html?postId=2036621556322562048","三年以上工作经验","1","false","true"
"1952251521366360064","113907","电子签产品经理-用户增长方向","中国","深圳","CSIG","企业中台SaaS","产品","1.负责电子签 SaaS 的B/C大盘用户增长，包含拉新、转化、留存等工作，协同相关资源实现业务目标；
2.分析电子签名、电子合同等行业动态及趋势，了解市场情况和用户需求，针对签约用户场景进行分析、调研、逻辑梳理，挖掘深度需求场景，探索平台创新获量模式；
3.通过用户调研和数据分析，获取用户偏好认知，思考背后本质，挖掘增长及活跃的空间，并通过设计和落地功能提高转化率，留存率和用户忠诚度。","2026年06月08日","http://careers.tencent.com/jobdesc.html?postId=1952251521366360064","两年以上工作经验","1","false","true"
"2035264959994298368","118728","元宝-激励增长策略产品经理","中国","北京","CSIG","元宝","产品","1. 建设元宝用户激励体系，策划有AI调性的裂变与增长玩法，设计核心交互链路，输出PRD并推动研发上线，牵引用户更好的体验AI价值，为用户拉新、活跃、留存等目标负责。
2. 结合人群画像和业务需求设计激励数值策略，通过A/B测试验证策略有效性，评估策略ROI，平衡用户体验与激励成本。
3. 搭建激励增长运营后台，结合玩法策略沉淀标准化激励组件模块，提升长期激励运营效率。
4. 整合内外部渠道流量，基于分渠道用户画像特点，设计差异化承接链路及数值策略。","2026年03月23日","http://careers.tencent.com/jobdesc.html?postId=2035264959994298368","三年以上工作经验","1","false","true"
"2035264957813260288","118727","元宝-激励增长策略产品经理","中国","深圳","CSIG","元宝","产品","1. 建设元宝用户激励体系，策划有AI调性的裂变与增长玩法，设计核心交互链路，输出PRD并推动研发上线，牵引用户更好的体验AI价值，为用户拉新、活跃、留存等目标负责。
2. 结合人群画像和业务需求设计激励数值策略，通过A/B测试验证策略有效性，评估策略ROI，平衡用户体验与激励成本。
3. 搭建激励增长运营后台，结合玩法策略沉淀标准化激励组件模块，提升长期激励运营效率。
4. 整合内外部渠道流量，基于分渠道用户画像特点，设计差异化承接链路及数值策略。","2026年03月23日","http://careers.tencent.com/jobdesc.html?postId=2035264957813260288","三年以上工作经验","1","false","true"
"2035265380230000640","118733","元宝投放营销增长产品经理","中国","北京","CSIG","元宝","产品","1、负责元宝信息流广告增长，以 DAU、DNU、留存、CPA 等核心指标 为目标，持续提升投放规模与效率；
2、结合不同渠道特性制定买量策略，围绕 素材、模型、媒体资源、代理商管理等关键杠杆 持续优化投放效果；
3、通过数据分析挖掘增长机会，建立并持续迭代 规模 × 成本 × 留存 的投放增长模型；
4、推动素材生产、测试与迭代机制建设，持续提升素材效率并沉淀方法论；
5、拉通内外部资源，包括内部 产品、研发、运营团队 以及外部 媒体与代理商，共同提升整体增长效率。
","2026年03月23日","http://careers.tencent.com/jobdesc.html?postId=2035265380230000640","三年以上工作经验","1","false","true"
"2035265377805692928","118732","元宝投放营销增长产品经理","中国","深圳","CSIG","元宝","产品","1、负责元宝信息流广告增长，以 DAU、DNU、留存、CPA 等核心指标 为目标，持续提升投放规模与效率；
2、结合不同渠道特性制定买量策略，围绕 素材、模型、媒体资源、代理商管理等关键杠杆 持续优化投放效果；
3、通过数据分析挖掘增长机会，建立并持续迭代 规模 × 成本 × 留存 的投放增长模型；
4、推动素材生产、测试与迭代机制建设，持续提升素材效率并沉淀方法论；
5、拉通内外部资源，包括内部 产品、研发、运营团队 以及外部 媒体与代理商，共同提升整体增长效率。
","2026年03月23日","http://careers.tencent.com/jobdesc.html?postId=2035265377805692928","三年以上工作经验","1","false","true"
"2059948192291799040","120281","微信基础-大模型评测产品经理","中国","广州","WXG","微信AI助手","产品","1.评测体系设计：主导 AI 产品的评测体系搭建，定义评测维度、指标、标准和流程，确保评测的科学性和全面性；
2.评测方法论制定：设计适配不同场景（对话、工具调用、多轮交互、创意生成等）的评测方案，包括自动评测、人工评测、众包评测、竞品对比等；
3.评测平台产品设计：规划评测平台的产品架构和功能模块，输出 PRD，驱动研发团队落地；
4.评测洞察与决策支持：深度分析评测数据，发现产品体验问题和模型能力短板，输出有洞察力的评测报告，推动产品和算法团队优化；
5.竞品评测与行业跟踪：持续跟踪业界竞品的能力变化，建立常态化竞品评测机制；
6.标注体系管理：设计标注规范和质量控制流程，确保评测数据质量。","2026年06月04日","http://careers.tencent.com/jobdesc.html?postId=2059948192291799040","三年以上工作经验","1","false","true"
"2061646301208162304","120344","产品经理（人-Agent 协作编辑器方向）","中国","深圳","CSIG","腾讯文档","产品","1.负责下一代 AI 协作编辑器的产品规划与从 0 到 1 设计，主导产品定位、路线图与关键版本落地；
2.定义""人-Agent 协作范式""：设计 Agent 在AI协作工具中的唤起、接管、回退与信任机制，让 AI 成为协作工具的原生参与者而非侧边栏附属；
3.与工程团队深度协作，理解富文本、协同、渲染管线与插件架构的工程约束，共同打磨编辑体验、性能与稳定性；
4.主导大模型在编辑场景的应用：Agent 能力拆解、工作流设计、Prompt 与 Function Call 编排、评测集建设与效果调优，对产品智能化效果负责；
5.面向个人与企业场景开展用户研究与市场洞察，识别高价值落地机会，结合核心指标与用户反馈驱动产品持续迭代。","2026年06月02日","http://careers.tencent.com/jobdesc.html?postId=2061646301208162304","一年以上工作经验","1","false","true"
"1980966495559241728","115508","搜狗输入法-对外合作产品经理","中国","北京","CSIG","输入法","产品","1.需求挖掘与转化：负责厂商合作版本输入法的路径规划，通过收集并分析客户&用户需求，挖掘潜在痛点；将痛点转化为清晰的产品功能需求与业务场景描述，确保产品与需求高度契合；
2.方案设计与推广：结合客户需求及输入法产品特点，主导推进产品解决方案设计；通过专业且生动的演示，传递产品功能、特性、优势及应用场景，推动业务合作达成；
3.跨部门协作与落地：组织跨部门团队打磨优化解决方案，保障方案可行性、合理性与完整性；制定落地时间表，跟踪关键节点进度，推动方案高效落地；
4.行业洞察与产品迭代：持续关注行业动态、竞争对手产品及市场趋势，定期输出有价值的洞察信息；依据洞察助力输入法产品迭代优化，维持市场竞争力。","2026年06月02日","http://careers.tencent.com/jobdesc.html?postId=1980966495559241728","三年以上工作经验","1","false","true"
"2061001589497442304","120309","AI协作工具产品高级产品经理","中国","深圳","CSIG","腾讯文档","产品","1.统筹腾讯AI协作工具产品规划与迭代，对用户规模增长、业务收入目标负责，通过深度用户需求洞察、市场分析，制定产品发展策略与落地规划；
2.立足云存储、文件分享、会员服务等核心场景，挖掘用户痛点，输出产品需求方案、功能设计，推动产品全流程落地与迭代优化；
3.结合数据指标、用户反馈搭建产品运营体系，通过产品运营动作提升用户留存、活跃度与付费转化，驱动业务增长；
4.监控产品核心数据，拆解分析用户行为与业务表现，持续优化产品体验与运营策略，平衡用户体验与业务商业化目标。","2026年05月31日","http://careers.tencent.com/jobdesc.html?postId=2061001589497442304","两年以上工作经验","1","false","true"
"2013542321257336832","117409","通讯-平台产品经理-商业化方向","中国","深圳","CDG","通讯业务","产品","1.负责平台商业合作类产品策划及运营，从产品流量、变现效率、KA商户运营等挖掘收入增长空间，包含但不限于KA商户拓展、合作模式创新探索、转化链路运营等工作；
2.洞察平台用户属性及特性，挖掘市场合作机会，探索创新的变现模式及玩法，挖掘及推动平台商业合作类增长机会。","2026年05月20日","http://careers.tencent.com/jobdesc.html?postId=2013542321257336832","三年以上工作经验","1","false","true"
"2034185578328784896","118622","腾讯视频-多模态策略产品经理","中国","北京","PCG","腾讯视频","产品","1.视频大模型数据质量管控与评估标准制定：参与视频在美学、叙事描述、影视制作手法等维度的评估标准制定与落地，协助建立科学、系统的评估指标体系及评估方式；负责标注结果的质量审核与抽检验收，把控标注产出质量；推动质检工具与数据看板的产品化建设；通过数据分析追踪标注质量趋势与 badcase，驱动持续优化闭环；
2.标注规则与规范管理：参与标注规则体系的设计与迭代，涵盖视频美学评估、叙事描述、场景交互等多维度标注标准，协助推动规则落地；将业务需求转化为可执行的标注指南与 SOP，确保标注团队能够高效、一致地执行；根据一线标注反馈持续迭代规则，解决边界场景与歧义问题；
3.跨团队协同与项目管理：配合核心团队与算法团队的协作，协助执行标注策略与优先级安排；统筹标注执行团队的任务分配、进度跟踪与验收；协助搭建培训体系与考核机制，赋能供应商/子公司团队持续提升产出质量；参与标注平台与工具的产品优化，提升标注流程效率与使用体验。","2026年05月18日","http://careers.tencent.com/jobdesc.html?postId=2034185578328784896","五年以上工作经验","1","false","true"
"1942177600126451712","113206","腾讯会议-产品经理-AI策略方向","中国","深圳","CSIG","腾讯会议","产品","1.负责腾讯会议AI Agent能力的建设，支持会议AI场景，提升用户体验；
2.结合AI技术的发展趋势，探索AI技术在会议场景下的创新应用并提出可落地的产品方案；
3.基于目标和场景定义评估标准，协同评测团队分析效果并推动解决问题，提升效果。","2026年05月15日","http://careers.tencent.com/jobdesc.html?postId=1942177600126451712","两年以上工作经验","1","false","true"
"1998225333643530240","116471","ima-AI Agent 策略产品经理(深圳/北京)","中国","深圳","CSIG","IMA","产品","1.负责 IMA Agent 能力的策略规划与落地，包括 Agent 架构设计、工具调用策略、多 Agent 协作机制等；
2.定义 Agent 场景下的能力理想态与评估标准，通过 badcase 分析和数据驱动持续优化 Agent 表现；
3.深入理解用户意图与任务场景，设计 Agent 的任务拆解、规划与执行策略；
4.跟踪 Agent 领域前沿进展（长程记忆与状态管理、GUI Agent / Computer Use、多步规划与推理等），推动技术能力在产品中的应用。","2026年05月11日","http://careers.tencent.com/jobdesc.html?postId=1998225333643530240","两年以上工作经验","1","false","true"
"2041516078106050560","119113","腾讯营销-AI投放策略产品经理","中国","北京","CDG","腾讯广告","产品","1.负责智能投放素材优选，持续迭代基于大模型的素材识别能力及优选策略；
2.负责智能投放原子能力建设，独立演进智能定向、智能版位、出价产品的迭代升级或作为可插拔组件支撑行业化智能投放发展；
3.探索投放agent集群化能力建设，包括营销诉求拆解、投放准备、投放方案设计及管理、数据复盘等agent能力。","2026年04月28日","http://careers.tencent.com/jobdesc.html?postId=2041516078106050560","两年以上工作经验","1","false","true"
"2034274708903587840","118639","元宝-AI产品经理-生态合作方向","中国","深圳","CSIG","元宝","产品","1.负责元宝客户端相关功能的产品交互设计，完成与腾讯生态内相关AI应用、Agent能力的合作场景落地；
2.挖掘客户端真实场景下用户对 AI 产品的真实诉求，并优化客户端用户产品路径，做深做透，提升用户使用率；
3.深度理解大模型等相关技术发展和能力边界，并在产品功能的设计中定义模型效果理想态，完成评测、效果优化等工作；
4.结合腾讯生态优势，通过生态的力量共建垂直用户场景，落地有差异化竞争力的AI场景解决方案；
5.岗位可 base 深圳/北京。","2026年04月21日","http://careers.tencent.com/jobdesc.html?postId=2034274708903587840","三年以上工作经验","1","false","true"
"1978467627152072704","115346","微信读书/秒剪/输入法-AI产品经理","中国","广州","WXG","微信读书","产品","1.结合前沿技术发展趋势，探索AI在视频生成/阅读消费/内容创作/输入等场景的创新落地方案；
2.洞察挖掘用户对AI的真实需求和具体场景，设计解决方案并落地；
3.结合目标定义模型效果标准，协同研发、设计同学进行评测和效果优化。","2026年06月04日","http://careers.tencent.com/jobdesc.html?postId=1978467627152072704","一年以上工作经验","1","false","true"
"1985253844522782720","115757","企业微信-产品经理-AI智能机器人","中国","广州","WXG","企业微信SaaS","产品","1. 负责企业微信AI智能机器人相关产品策划工作，具体包括但不限于功能的策略制定、功能设计及推动上线；
2. 主要负责企业场景下的智能体搭建服务，包括企业应用服务、数据与AI的结合，提供产品解决方案；
3. 持续了解企业AI应用场景，与更多生态伙伴合作，帮助用户解决问题并为企业微信带来增长。","2026年06月03日","http://careers.tencent.com/jobdesc.html?postId=1985253844522782720","三年以上工作经验","1","false","true"
"2036619375171235840","118804","智能投顾资产运营-高级产品经理","中国","深圳","CDG","理财通","产品","1.基于市场研判与用户画像，输出面向高净值用户的资产配置专业意见，支撑AI投顾系统的决策逻辑与内容生成；
2.将专家经验转化为可结构化的投顾规则，协同算法团队持续优化策略输出的专业性与适配度，负责固收+等核心策略的资产配置模型分析与优化，提升组合的风险收益匹配能力；
3.推动模型结果在AI投顾系统中的产品化交付，确保配置建议具备可解释性、合规性与个性化推荐能力；
4.围绕高净值用户需求，主导理财专区的产品功能设计与内容策略优化，设计数据驱动的用户陪伴策略，包括持仓解读、市场波动应对建议、调仓提醒等，提升用户持有体验与复投转化；
5.建立分层陪伴机制，借助AI实现规模化、个性化的用户运营，持续提升留存率与资产保有量。","2026年06月02日","http://careers.tencent.com/jobdesc.html?postId=2036619375171235840","五年以上工作经验","1","false","true"
"2061646303464697856","120345","产品经理 — WorkBuddy（ Agent对话/知识空间方向）","中国","深圳","CSIG","腾讯文档","产品","1.负责 WorkBuddy 会话的渲染模块，提升对话的可读性、可互动性；
2.设计 WorkBuddy 会话中的组件能力，提升 agent 的表达力上限；
3.基于会话组件，建设完善生态。","2026年06月02日","http://careers.tencent.com/jobdesc.html?postId=2061646303464697856","五年以上工作经验","1","false","true"
"2021054129127981056","117836","元宝-大模型策略产品经理（AIGC方向）","中国","北京","CSIG","元宝","产品","1.端到端效果负责： 全面负责元宝各核心场景下 AIGC 的端到端效果优化，定义并持续提升生成内容的准确性、丰富度及逻辑性；
2.策略驱动与协同： 深入业务细节，通过精细化的数据分析定位模型短板；与算法、工程及策划团队紧密协作，制定针对性的模型训练和Prompt 优化方案，确保业务目标达成；
3.能力抽象与演进： 实时洞察全球 AIGC 领域动态，能够快速识别高价值技术方向，将其抽象为具体的能力维度和评估标准，驱动模型效果迭代进化；
4.闭环体系建设： 搭建并完善 AIGC 效果的评估体系（包括自动化评测与人工评测），建立高效的数据回流闭环，确保策略迭代的有据可依。","2026年06月01日","http://careers.tencent.com/jobdesc.html?postId=2021054129127981056","一年以上工作经验","1","false","true"
"1981570387590402048","115546","微信搜索-搜索产品经理-基础体验","中国","广州","WXG","搜一搜","产品","1.负责微信搜索基础功能的产品规划和建设，优化用户的搜索功能体验问题；
2.持续探索搜索与微信内各场景的结合，并针对场景下的用户需求，设计和优化搜索功能流程体验，以及设计相应的策略。","2026年05月27日","http://careers.tencent.com/jobdesc.html?postId=1981570387590402048","三年以上工作经验","1","false","true"
"2056983314530746368","120159","《无畏契约端手游》-赛事AI产品经理","中国","深圳","IEG","无畏契约掌上社区平台","产品","1.负责《无畏契约》大众赛事全链路 AI 产品规划与落地，围绕赛事策划、执行、复盘全流程，设计并推动智能化工具 / 平台的建设，支撑赛事团队高效完成项目目标；
2.深度联动赛事运营、研发、数据团队，定义赛事策划相关 AI 功能需求（如赛程智能编排、赛制优化、赛事数据 AI 分析、内容自动化生成等），推动跨团队协作落地；
3.基于赛事业务数据与用户反馈，持续迭代 AI 产品功能，复盘工具使用效果与业务价值，探索 AI 在赛事策划、运营、传播场景下的创新应用，提升赛事全链路效率与体验；
4.参与电竞发行相关工作，结合 AI 工具的产品转化、用户用研数据，输出业务价值分析，推动 AI 产品在授权赛赛事生态内的规模化落地与复用。","2026年05月27日","http://careers.tencent.com/jobdesc.html?postId=2056983314530746368","三年以上工作经验","1","false","true"
"2013542319009193984","117408","通讯-平台产品经理-用户运营方向","中国","深圳","CDG","通讯业务","产品","1.负责平台整体的交易用户运营；
2.深度洞察用户，能够结合平台生态特点及行业属性，对平台用户进行精细化分层及运营，保障核心高质量客群的稳健增长；
3.深入微信生态及运营商行业，挖掘生态内的场景连接点及联运，实现平台与生态的共赢。","2026年05月22日","http://careers.tencent.com/jobdesc.html?postId=2013542319009193984","五年以上工作经验","1","false","true"
"2021054127102132224","117835","元宝-大模型策略产品经理（AIGC方向）","中国","深圳","CSIG","元宝","产品","1.端到端效果负责： 全面负责元宝各核心场景下 AIGC 的端到端效果优化，定义并持续提升生成内容的准确性、丰富度及逻辑性；
2.策略驱动与协同： 深入业务细节，通过精细化的数据分析定位模型短板；与算法、工程及策划团队紧密协作，制定针对性的模型训练和Prompt 优化方案，确保业务目标达成；
3.能力抽象与演进： 实时洞察全球 AIGC 领域动态，能够快速识别高价值技术方向，将其抽象为具体的能力维度和评估标准，驱动模型效果迭代进化；
4.闭环体系建设： 搭建并完善 AIGC 效果的评估体系（包括自动化评测与人工评测），建立高效的数据回流闭环，确保策略迭代的有据可依。","2026年05月11日","http://careers.tencent.com/jobdesc.html?postId=2021054127102132224","一年以上工作经验","1","false","true"
"2044312228425003008","119364","PaaS 高级产品经理（实时互动 / IoT 方向）","中国","深圳","CSIG","音视频PaaS","产品","1.参与实时互动相关产品的规划与能力建设（音视频 / 消息 / 设备接入等）；
2.探索实时互动技术在智能硬件场景中的应用方式与产品形态；
3.支持行业客户或生态合作伙伴，推动解决方案落地；
4.推动产品能力抽象与平台化，提升通用性与复用能力；
5.协同研发、销售及生态团队，推进产品演进与商业转化。","2026年04月27日","http://careers.tencent.com/jobdesc.html?postId=2044312228425003008","三年以上工作经验","1","false","true"
"2031050980484870144","118351","微信小游戏-平台产品经理-全球化","中国","深圳","WXG","小游戏","产品","1.搭建小游戏出海相关平台能力，包括但不限于框架体验、商业组件、本地化适配等；
2.根据不同的地区市场与平台受众，输出小游戏批量出海运营方案，构建提升新进、复访的场景方案；
3.协同内外部合作方，拆解转化链路、理解用户需求，完善相关平台能力驱动增长；
4.协同多部门研发团队，持续迭代广告/支付/开发者工具等能力，保障项目按期落地与结果达成。","2026年04月13日","http://careers.tencent.com/jobdesc.html?postId=2031050980484870144","三年以上工作经验","1","false","true"
"2035264585107402752","118722","元宝增长产品经理（投放策略方向）","中国","深圳","CSIG","元宝","产品","1、负责元宝多端产品(App/PC/web)广告相关投放策略设计，推动媒体能力(包括不限于RTA/人群/出价等)在投放优化中的应用；
2、协同投放、媒体挖掘优化方向并转化为可落地策略推进上线，包括定向、回传、出价、素材等，主导策略制定并利用ab实验、rta、数据分析等能力完成策略验收；
3、对广告模型、投放策略进行监控，统计并分析数据，优化投放方案，产出产品迭代策略，推进产品及算法模型不断迭代，对用户增长投放效果负责；
4、深度理解业务需求，同数科/算法团队探索分层出价、模型策略等策略方向，能够协调各方资源策略顺利开发上线并落地。关注行业新兴营销能力，对有价值的方向及时推进。
","2026年03月23日","http://careers.tencent.com/jobdesc.html?postId=2035264585107402752","三年以上工作经验","1","false","true"
"1902211071872155648","110866","腾讯云-异构计算产品经理-北京/深圳","中国","深圳","CSIG","","技术","1.负责面向AI推理场景的异构计算产品定义和规划，制定AI推理场景下的模型调优和业务部署应用平台规划，助力业务推理效率提升；
2.负责高性能训练集群产品规划工作，提升大规模AI分布式训练场景的平台加速、易用性和可观测性等产品能力；
3.持续跟踪人工智能市场发展及行业技术趋势，制定产品的长期规划；
4.指导或协助客户解决AI业务使用异构计算产品遇到的各种问题，发掘客户使用产品的潜力，输出产品解决方案。","2026年05月27日","http://careers.tencent.com/jobdesc.html?postId=1902211071872155648","五年以上工作经验","1","false","true"
"2052733034666573824","119869","腾讯元宝-大模型应用平台产品经理","中国","北京","CSIG","元宝","产品","1.建设和完善大模型应用平台产品，通过平台迭代，提升业务效率；
2.了解最新的大模型能力提升和应用方案，并落地为业务实践；
3.抽象沉淀平台通用能力，成为易用组建，优化用户体验，降低使用门槛。","2026年05月27日","http://careers.tencent.com/jobdesc.html?postId=2052733034666573824","三年以上工作经验","1","false","true"
"2052676740161122304","119849","腾讯营销-数据Agent产品经理(深圳/上海)","中国","深圳","CDG","腾讯广告","产品","1.负责营销业务数据智能体产品的规划和落地。围绕营销数据资产管理和应用全链路建设智能体产品；
2.构建智能体产品评测和迭代的闭环体系，与工程和算法团队协作，持续推动智能体产品质量持续提升；
3.封装和优化面向 Agent 的各类基础数据工具，总结沉淀各类业务知识、分析诊断 SKILLS；
4.结合AI和 Agent 技术的发展趋势，探索 AI 在数据赋能和工作提效中的新应用，扩展产品形态和能力边界。","2026年05月21日","http://careers.tencent.com/jobdesc.html?postId=2052676740161122304","一年以上工作经验","1","false","true"
"2034566050108043264","118675","QQ浏览器-AI搜索产品经理(北京/深圳)","中国","北京","CSIG","手机浏览器-搜索","产品","1.负责QQ浏览器AI搜索产品规划和建设，包括需求分析、功能设计、迭代优化及效果评估，打造智能搜索体验；
2.分析用户行为数据与反馈，挖掘搜索场景痛点，设计QQ浏览器特色的AI搜索核心功能；
3.探索AI大模型前沿技术在浏览器搜索场景的应用，设计创新功能；
4.构建AI搜索效果评估体系，通评估评测、用户调研等方式验证功能效果，持续优化搜索体验与商业价值；
5.跨部门协同模型团队，协调技术、数据、设计、运营等团队，推动产品功能高效交付，确保技术方案与业务目标对齐。","2026年05月18日","http://careers.tencent.com/jobdesc.html?postId=2034566050108043264","三年以上工作经验","1","false","true"
"2021846191561666560","117877","元宝- AI策略产品经理（图片理解方向）","中国","深圳","CSIG","元宝","产品","1.端到端负责腾讯元宝VLM（图片理解）的链路设计和模型效果，从 0 到 1、从 1 到 N 推动核心能力落地；
2.参与定义元宝在VLM方向上的长期产品形态，从大量数据中抽象出用户需求，和在VLM场景下的亮点功能，推动VLM在用户生活中解决实际问题；
3.为用户体验与模型效果的最终结果负责，直接影响大规模用户的真实写作与工作效率，与算法、数据、评测团队深度协作，共同定义效果目标、评测体系与优化路径，形成可持续演进的产品闭环；
4.将大模型能力沉淀为长期可复用的产品能力，把Prompt、Workflow、Agent等能力转化为稳定、可扩展的产品机制，推动能力在多个VLM场景中持续复用和放大。","2026年05月18日","http://careers.tencent.com/jobdesc.html?postId=2021846191561666560","一年以上工作经验","1","false","true"
"2021096465534976000","117839","腾讯营销-AIGC平台产品经理-北京/上海","中国","北京","CDG","腾讯广告","产品","1.负责AIGC平台产品的规划和建设，为用户提供优质的创意能力与高效的使用体验；
2.面向电商等营销场景，深入洞察用户的创作需求；
3.分析平台用户行为，结合数据洞察，不断优化体验，推动产品增长。","2026年05月13日","http://careers.tencent.com/jobdesc.html?postId=2021096465534976000","两年以上工作经验","1","false","true"
"2036691023102640128","118819","混元大模型数据平台产品经理（深圳）","中国","北京","TEG","AI","产品","1.负责大模型数据平台相关的产品策划；
2.围绕提高数据交付质量、效率目标，，以大模型为基础，探索产品化、可复制的产品能力，抽象方案，推动落地；
3.通过产品能力，提升大模型、智能体等产品能力在司内外的渗透、使用、口碑；
4.通过对需求的研究分析，持续优化和完善产品能力，提升大模型、智能体等产品的用户价值和商业价值。","2026年04月10日","http://careers.tencent.com/jobdesc.html?postId=2036691023102640128","五年以上工作经验","1","false","true"
"2042466630134558720","119212","营销与交易产品部-营销云AI产品经理","中国","上海","CSIG","腾讯云","产品","1.负责营销云 AI 产品（智能体平台/AI Agent）的产品规划与设计，围绕社媒营销、内容生成、智能投放等场景，将大模型能力转化为可落地的产品方案；
2.深入理解企业营销场景和用户需求，主导需求调研、竞品分析、用户画像梳理，定义产品方向和优先级；
3.适配 CodeBuddy、Cloud Code 等 AI原生开发工具，探索 AI 原生产品协同模式，推动以 AI 为核心的产品设计与团队协作方式变革，实现需求定义、方案输出、原型验证的 AI 化提效；
4.紧跟 AI/大模型技术前沿，包括但不限于 LLM、AI Agent、RAG、多模态、harness、上下文工程等 等方向，评估新技术对产品的应用价值，将技术能力翻译为产品功能；
5.建立产品数据监控体系，通过数据分析驱动产品迭代，持续优化用户体验和商业效果。","2026年06月02日","http://careers.tencent.com/jobdesc.html?postId=2042466630134558720","三年以上工作经验","1","false","true"
"2036620119203020800","118806","腾讯会议-AI产品经理-企业应用方向","中国","深圳","CSIG","腾讯会议","产品","1.负责腾讯会议内 AI 在企业场景相关的产品策划工作；
2.结合AI技术，搭建腾讯会议企业管理体系、身份体系，使Agent在企业内便捷、安全的使用；
3.与腾讯内部SaaS产品线合作，整合面向AI的开放能力，形成拓展性强、高可用的开放体系；
4.持续分析竞品动态及行业趋势，了解企业客户需求，定义产品差异化能力，规划产品功能迭代。","2026年03月25日","http://careers.tencent.com/jobdesc.html?postId=2036620119203020800","两年以上工作经验","1","false","true"
"2045074510201389056","119445","腾讯会议-AI产品经理-AI应用体验方向","中国","深圳","CSIG","腾讯会议","产品","1.负责AI技术在腾讯会议各场景的框架规划与功能落地，挖掘用户对AI的真实诉求，优化用户体验；
2.结合AI技术的发展趋势和能力，深入探索AI技术在会议场景下的创新应用，提升产品竞争力；
3.协同算法、研发、运营和设计等多团队，确保产品规划的落地实施与持续优化。","2026年05月29日","http://careers.tencent.com/jobdesc.html?postId=2045074510201389056","两年以上工作经验","1","false","true"
"2034823277918191616","118688","QQ浏览器-内容生态治理策略产品经理","中国","深圳","CSIG","手机浏览器-搜索","产品","1.围绕合规风控、内容质量、生态健康核心目标，搭建全链路内容治理体系与规则，针对线上体验问题制定落地策略，联动多方推进中长期治理规划落地，平衡体验和业务数据；
2.主导内容审核、违规处置、账号管控、申诉维权等治理产品全流程，高效协调审核团队、算法团队落地低质内容识别与打击策略，结合AI能力，优化治理流程、降本提效，保障平台合规运营；
3.搭建治理数据监控体系，围绕链路漏斗、线上低质残留率等核心指标复盘，深挖违规趋势与策略漏洞，通过数据验证迭代方案，实现精细化、智能化治理；
4.与安全与生态团协作，快速响应专项整治、舆情应急等场景，维护平台合规口碑。","2026年05月19日","http://careers.tencent.com/jobdesc.html?postId=2034823277918191616","两年以上工作经验","1","false","true"
"2052527703940313088","119832","证券-AI产品经理-金融AI应用体验方向","中国","深圳","CDG","自选股","产品","1.AI原生体验规划与设计：负责规划并设计证券场景下AI原生功能，深入理解新股民与老股民的差异化需求，将复杂的市场信息、金融逻辑通过智能解读、对话式交互、个性化内容等方式，转化为直观、友好、可信赖的产品体验；
2.前沿技术应用与产品化：紧密跟踪AI领域（如Agent架构、RAG、SFT/RLHF等）发展趋势。评估新技术在提升信息获取、策略验证、决策辅助等环节的潜力，并主导其产品化路径设计，将技术语言转化为用户可感知的价值；
3.全流程产品闭环构建：主导AI产品从需求定义、方案设计、开发协同到上线运营的全过程；特别关注构建数据驱动的评估迭代与Ai评测体系，推动创新想法从技术验证到规模应用，对产品最终的体验价值与影响力负责；
4.复杂系统与体验设计：设计兼顾创新、用户体验、金融合规与风险控制的产品方案。包括但不限于：设计AI Agent的决策流、设定人机协同边界、规划工具调用与长短期记忆机制、确保结果的可解释性与可控性。","2026年05月15日","http://careers.tencent.com/jobdesc.html?postId=2052527703940313088","两年以上工作经验","1","false","true"
"2042466628104515584","119211","营销与交易产品部-营销云AI产品经理","中国","北京","CSIG","腾讯云","产品","1.负责营销云 AI 产品（智能体平台/AI Agent）的产品规划与设计，围绕社媒营销、内容生成、智能投放等场景，将大模型能力转化为可落地的产品方案；
2.深入理解企业营销场景和用户需求，主导需求调研、竞品分析、用户画像梳理，定义产品方向和优先级；
3.适配 CodeBuddy、Cloud Code 等 AI原生开发工具，探索 AI 原生产品协同模式，推动以 AI 为核心的产品设计与团队协作方式变革，实现需求定义、方案输出、原型验证的 AI 化提效；
4.紧跟 AI/大模型技术前沿，包括但不限于 LLM、AI Agent、RAG、多模态、harness、上下文工程等 等方向，评估新技术对产品的应用价值，将技术能力翻译为产品功能；
5.建立产品数据监控体系，通过数据分析驱动产品迭代，持续优化用户体验和商业效果。","2026年05月14日","http://careers.tencent.com/jobdesc.html?postId=2042466628104515584","三年以上工作经验","1","false","true"
"1927266796449144832","112324","腾讯云生视频产品经理-(上海)or(北京)or","中国","深圳","CSIG","腾讯云","产品","1.负责腾讯云生视频API产品，制定生视频产品路线图，明确商业化路径；
2.负责生视频产品全流程规划，协同技术团队推进落地，保障产品技术领先性与稳定性；
3.构建生视频业务生态，整合内外部资源，拓展核心应用场景，提升产品的收入规模；
4.洞察行业客户需求，主导重大客户合作与定制化解决方案落地，树立行业标杆案例。","2026年05月07日","http://careers.tencent.com/jobdesc.html?postId=1927266796449144832","三年以上工作经验","1","false","true"
"2046083747635425280","119469","腾讯会议-AI产品经理-AI应用体验方向","中国","深圳","CSIG","腾讯会议","产品","1.负责AI技术在腾讯会议各场景的框架规划与功能落地，挖掘用户对AI的真实诉求，优化用户体验；
2.结合AI技术的发展趋势和能力，深入探索AI技术在会议场景下的创新应用，提升产品竞争力；
3.协同算法、研发、运营和设计等多团队，确保产品规划的落地实施与持续优化。","2026年05月07日","http://careers.tencent.com/jobdesc.html?postId=2046083747635425280","两年以上工作经验","1","false","true"
"2035002397717331968","118710","腾讯游戏-高级产品经理-游戏AIGC工具产品","中国","深圳","IEG","Arthub_Arthub","产品","1.负责游戏AIGC游戏美术资产全生命周期管理平台，包括产品规划、需求分析、功能设计与落地迭代；
2.负责游戏AIGC工具产品的运营与客户服务，对接游戏项目、美术团队，深入理解资产生产管线，持续优化产品效果；
3.负责游戏AIGC工具产品的商业化营销策略制定和落地，业务中长期发展规划和实施；
4.与算法、工程团队紧密协作，推动AI应用与业务场景结合，优化算法效果及用户体验；
5.协调设计、开发、测试等内外部资源，确保产品高效迭代与交付。","2026年06月02日","http://careers.tencent.com/jobdesc.html?postId=2035002397717331968","三年以上工作经验","1","false","true"
"2047239002926510080","119605","金融科技-AI数据产品经理-数据开发方向","中国","深圳","CDG","反洗钱与风控公共能力","技术","1.：面向金融风控和合规履职，深入理解业务场景，提炼数据逻辑和口径，与相关方配合完成数据项目交付，同时探索利用大模型和AI技术提升数据交付效率（如智能需求解读、代码生成辅助、自动化报表生成等）；
2.：参与部门大数据体系设计，包括数据标准与规范制定、数据资产管理、开发运营工具建设、数据治理推进等，推动AI能力与数据平台的深度融合，提升数据开发效率和交付质量；
3.：规划和落地AI驱动的数据产品/工具，如智能风控数据洞察、合规知识问答、异常交易模式识别辅助等，与业务、策略模型、合规、研发等多个团队合作将大模型能力转化为业务可用的产品功能。","2026年05月29日","http://careers.tencent.com/jobdesc.html?postId=2047239002926510080","三年以上工作经验","1","false","true"
"1990330914823102464","116027","营销与交易产品部-海外营销云产品经理","中国","上海","CSIG","腾讯云","产品","1.全球化市场战略与产品规划：深度调研北美、欧洲、东南亚等目标市场的客户需求、竞争格局、合规政策，输出可落地的市场进入策略；定义产品的国际化价值主张与差异化定位，制定分阶段的产品路线图，确保产品与市场匹配；定期输出竞品与行业分析，为关键决策提供数据支撑；
2.产品全生命周期管理：主导从需求洞察、PRD撰写、原型设计到上线迭代的全流程，确保产品高效交付与快速验证；深度协同设计、研发、测试团队，明确产品优先级与验收标准，保障关键功能高质量落地；建立数据驱动的迭代机制，通过用户反馈、产品指标持续优化产品体验与商业化效果；
3.本地化与国际化落地：主导产品UI、文档、运营材料的本地化适配，确保语言、文化、用户体验符合区域市场习惯；协同法务合规团队，确保产品设计符合海外数据隐私与合规要求；
4.跨团队协同与价值传递 ：与售前和客户成功团队紧密协作，支持重点客户签约、上线及续费，沉淀最佳实践；面向海外客户与内部团队，清晰传递产品价值与演进规划，树立行业影响力。","2026年05月27日","http://careers.tencent.com/jobdesc.html?postId=1990330914823102464","五年以上工作经验","1","false","true"
"2039519256227512320","119016","搜狗输入法-高级产品经理-用户增长产品","中国","北京","CSIG","输入法","产品","1.负责输入法产品移动端+PC端的用户增长工作（包括不限于全媒体投放、SEO、资源整合、产品合作等），量化目标感强，能够根据业务需求完成在各个渠道的增量目标（包括不限于用户规模、成本、留存、ROI等），对结果负责；
2.负责输入法产品投放渠道的日常管理运营，包括不限于目标拆解下发，投放效果跟进反馈，策略沟通调整，日常投放问题的跟进解决等；
3.负责对内各项目关联方的对接，包括产运、数据、开发等，高效沟通协作，保障项目的顺利落地；
4.负责日常全链路数据分析，通过分析结论指导投放策略和承接策略的优化调整；
5.负责产品卖点的抽象&包装，素材方向的指导，不断产出新创意方向，保障投放效果；
6.洞察、关注、分析行业趋势及优秀增长案例，总结沉淀经验，探索新的增长方向。","2026年05月18日","http://careers.tencent.com/jobdesc.html?postId=2039519256227512320","五年以上工作经验","1","false","true"
"2038235245421162496","118925","证券-高级产品经理-用户成长与转化方向","中国","深圳","CDG","自选股","产品","1.产品规划与体系搭建：负责腾讯微证券用户成长体系的产品体验与整体规则策划，结合模拟炒股、盯盘/复盘等功能，构建完整的从入门到进阶的用户成长体系；
2.增长转化策略：高效引导用户完成从体验、学习到信任转化的完整路径，策划并落地如模拟炒股大赛、策略分享、成长排行等高互动性玩法，通过数据持续分析和优化“模拟体验-学习成长-实盘开户”的核心转化漏斗；
3.金融认知游戏化与普及：将复杂的金融知识、投资理念与市场规则，通过游戏化、任务化的方式进行解构与再设计，融入用户交互流程，提升用户的学习意愿与留存时长；
4.用户分层与差异化策略：深刻理解不同投资认知阶段（如观望者、初学者、积极实践者等）用户的深层需求与行为差异，并制定差异化的产品策略与触达方案；
5.协同与推动：优秀的跨团队沟通与项目管理，能在复杂协作中清晰定义目标、推动项目高质量落地。","2026年04月10日","http://careers.tencent.com/jobdesc.html?postId=2038235245421162496","三年以上工作经验","1","false","true"
"1994038383067942912","116269","微信小店-高级策略产品经理-电商推荐方向","中国","广州","WXG","WXG公共","产品","1.负责电商推荐策略，建设微信内多种内容载体（电商直播、短视频等）的推荐策略，拓展电商流量规模，提升电商转化效率；
2.深入理解推荐系统，在电商推荐的多个方向，如流量规模提升（购物意图用户渗透与转化催化）、用户增长（新用户增长、用户LTV提升等）、商业策略（电商内容冷启、趋势品与爆品构造等）等方向有具体的落地经验与成果；
3.有数据分析基础，能够利用数据辅助决策，有效设计并推动策略实验落地和效果验证；
4.了解电商行业，对商业生态中的用户、商家、达人等需求敏感，能够综合各角色诉求抽象有效的推荐策略促进业务迭代。","2026年06月05日","http://careers.tencent.com/jobdesc.html?postId=1994038383067942912","三年以上工作经验","1","false","true"
"1990311305084559360","116023","证券-高级产品经理-用户产品策划/运营方向","中国","深圳","CDG","自选股","产品","1.用户增长与体验优化：负责腾讯微证券在微信生态内的用户产品规划与设计，聚焦新手友好、专业陪伴的炒股体验，通过用户分群、活动运营及社交化功能设计，提升用户活跃度与留存率，推动用户从投资入门到成熟的全程体验优化；
2.业务策略与闭环落地：研究用户心理与内在驱动力，对行业动向与趋势敏感；通过用户调研、行为数据分析与数据挖掘，分析用户行为数据，挖掘用户需求，结合微信生态特性，设计用户自分享、知识养成类等创新产品功能，制定增长策略并协调资讯内容、数据等团队推动方案落地，实现业务指标突破；
3.跨团队协同与数据驱动：联动研发、设计等团队，主导产品迭代与用户运营，通过数据分析持续优化产品功能，确保用户体验与业务目标对齐。","2026年06月05日","http://careers.tencent.com/jobdesc.html?postId=1990311305084559360","两年以上工作经验","1","false","true"
"2057294692336451584","120168","腾讯营销-搜索营销匹配策略高级产品经理","中国","深圳","CDG","腾讯广告","产品","1.负责搜索营销匹配策略的持续优化，提升搜索意图理解精度与营销相关性，驱动商业化收入增长；
2.深入洞察客户投放需求与业务场景，设计并迭代对客匹配策略产品能力，优化匹配模式交互体验与策略分层，帮助客户更精准、更高效地覆盖用户搜索意图；
3.面向短视频等多模态搜索场景，设计并落地差异化的匹配策略，覆盖多模态信号与个性化信号的理解与召回，拓展搜索营销商业效率；
4.协同算法团队推进匹配模型迭代，结合大模型与语义理解技术提升匹配泛化能力；联动上下游产品（出价、创意、定向），优化端到端的搜索营销匹配解决方案。","2026年06月04日","http://careers.tencent.com/jobdesc.html?postId=2057294692336451584","五年以上工作经验","1","false","true"
"1930452494366932992","112518","混元AIGC模型产品经理（多模态方向）（北京/上海）","中国","深圳","TEG","AI","产品","1.负责图像、视频、3D或音频等某一AIGC方向的产品规划与全生命周期管理；
2.深度洞察用户需求与技术趋势，定义具有竞争力的产品能力矩阵和发展路线图；
3.建立科学的模型评估与迭代机制，确保产品效果的持续领先；
4.协调内外部资源，推动产品从概念到上线、优化及商业化落地的全过程。","2026年06月01日","http://careers.tencent.com/jobdesc.html?postId=1930452494366932992","五年以上工作经验","1","false","true"
"1914143462740041728","111469","元宝-AI 产品经理（用户体验与功能策划方向）","中国","深圳","CSIG","元宝","产品","1.深入研究用户行为和需求，建设基础产品体验框架，持续优化通用组件的交互流程和视觉效果，确保组件功能的一致性、高效性、易用性，提升用户在使用过程中的整体体验；
2.负责产品基础体验相关通用组件的规划与设计，如基础体验组件、基础能力建设等，确保组件功能的稳定性、可扩展性，满足不同产品模块的多样化需求；
3.深入理解用户的使用场景和诉求，围绕提升产品留存、活跃目标，结合模型能力建设更多功能。","2026年05月18日","http://careers.tencent.com/jobdesc.html?postId=1914143462740041728","三年以上工作经验","1","false","true"
"1956030763174612992","114176","腾讯云AI-ToB产品经理-OCR与大模型应用方向","中国","厦门","CSIG","腾讯云","产品","1.通过打造具有核心竞争力的AI产品与解决方案，驱动公司在大模型和OCR应用领域的市场增长与客户成功；
2.产品战略与规划：深入调研分析行业趋势、竞争格局和客户痛点，主导制定产品的长期愿景、战略规划及实施路线图（Roadmap），确保产品方向具备前瞻性和竞争力；
3.解决方案架构与落地：深度挖掘并洞察关键客户的真实业务需求，将其转化为可量化和具有商业价值的技术方案与产品解决方案；协同算法、工程团队，推动产品从设计、开发到测试上线的全流程；
4.产品商业化与增长：制定产品上市策略，独立面向决策层进行方案宣讲与价值沟通；通过数据分析驱动产品迭代和运营策略优化，实现产品在不同客户群体的规模化扩张；
5.跨团队领导与协同：作为产品核心角色，高效协同销售、研发、算法、市场等多部门团队，确保项目高质量按时交付，并营造良好的协作氛围。","2026年05月15日","http://careers.tencent.com/jobdesc.html?postId=1956030763174612992","三年以上工作经验","1","false","true"
"2047219127009050624","119592","腾讯云数据智能平台-资深产品经理-出海方向","中国","深圳","CSIG","腾讯云-大数据","产品","1.负责大数据与AI一体化平台的核心产品能力规划及规模化落地，通过技术创新和架构优化，构建一体化、更易用、高性价比的数据智能平台；
2.端到端主导产品全生命周期管理，包括需求分析、方案设计、研发协同、上线交付及商业化推广，持续提升产品体验和商业价值；
3.与海外标杆客户建立深度合作关系，通过客户访谈、POC验证和用户研究，挖掘DataOps、MLOps及Data+AI融合场景的创新机会，精准定义核心功能需求；
4.深度理解海外市场的数据合规要求（如GDPR等）、技术生态和客户需求，主导产品的国际化设计、主流数据生态集成及合规功能落地；
5.支持产品运营推广活动，参与行业峰会、技术社区运营及产品内容输出，提升公司和产品在大数据与AI领域的品牌影响力。","2026年04月24日","http://careers.tencent.com/jobdesc.html?postId=2047219127009050624","五年以上工作经验","1","false","true"
"1966332041217859584","114781","腾讯游戏-产品经理（游戏发行AI方向）-新星引力计划","中国","深圳","IEG","腾讯游戏来联","产品","1.负责相关外部平台基于AI进行发行能力或内容生态能力建设；
2.充分调研 IEG内部各游戏对外合作诉求，包括营销，内容，运营，拉新、回流等方向，基于AI提供相应工具支持；
3.结合AI优化现有活动及发行工具的提效， 实现全链路自动化。","2026年05月21日","http://careers.tencent.com/jobdesc.html?postId=1966332041217859584","三年以上工作经验","1","false","true"
"2044685787236302848","119402","光子艺术部-高级产品经理-(AIGC工具与功能设计方向)","中国","深圳","IEG","公共","产品","1.AI工具产品化设计：主导AIGC工具的核心功能规划与设计，将底层大模型能力封装为“开箱即用”的原子功能或工作流模板，输出高保真PRD与Figma原型；
2.美术管线深度整合：拆解2D/3D美术工作流，设计基于MCP等协议的插件，实现AI工具与DCC软件（Maya/Blender/PS）的无缝衔接，不打断美术人员既有工作流；
3.敏捷交付闭环：协同算法、前后端、测试等内外部团队，制定迭代节奏与质量门禁，确保核心功能高品质交付；
4.用户体验与数据驱动：搭建用户反馈漏斗与核心功能埋点体系；通过定量数据（渗透率、留存、操作效率等）与定性用户调研，持续打磨产品细节，提升工具满意度与使用深度。","2026年05月13日","http://careers.tencent.com/jobdesc.html?postId=2044685787236302848","三年以上工作经验","1","false","true"
"2028729347468324864","118120","《英雄联盟》/《无畏契约》-社区高级产品经理-产品策划","中国","深圳","IEG","英雄联盟掌上社区平台","产品","1.负责Riot国服移动社区产品规划与策划，对社区整体活跃规模、流量规模及游戏发行结果负责；
2.熟练掌握用研及数据分析工具，具备敏锐的用户理解，能够结合业务现状及用户需求，挖掘业务增长点；
3.热爱Riot系列游戏，能够基于游戏业务及玩家诉求与现状，全局规划并制定社区产品版本迭代方向与节奏；
4.具备成熟的策划能力及项目管理能力，能够以结果导向保障规划有效落地与稳定迭代；
5.具备优秀的沟通能力及协作能力，能够有效推进跨团队高效合作与项目落地。","2026年03月11日","http://careers.tencent.com/jobdesc.html?postId=2028729347468324864","三年以上工作经验","1","false","true"
"2047218784430882816","119589","腾讯云数据智能平台-资深产品经理-数据治理方向","中国","深圳","CSIG","腾讯云-大数据","产品","1.负责企业级数据智能平台的数据治理核心模块（包括元数据管理、数据血缘追踪、数据标准制定、数据质量监控、数据资产目录构建、数据安全防护、指标治理等）的产品规划与设计工作，从需求调研、分析到最终上线交付，端到端推动全流程闭环管理；
2.深入对接业务部门、数据研发团队、风控合规团队，精准挖掘各方在数据治理过程中的痛点和需求，输出高质量的产品需求文档（PRD）、产品原型及详细业务流程方案，并全程推动需求落地实施与效果验收；
3.主导数据安全治理体系的建设工作，全面涵盖敏感数据的分级分类管理、数据脱敏策略制定、权限精细管控以及合规审计机制搭建，确保数据智能平台严格满足企业级安全与合规要求；
4.建立健全数据治理运营体系，精心设计数据健康度评分模型、考核机制以及问题闭环处理流程，对标海外先进标杆产品，推动数据治理从源头抓起并实现常态化、可持续运营；
5.紧跟技术发展趋势，结合大模型与AI Agent的先进能力，系统规划AI+数据治理的产品发展路线，着力提升数据治理工作的自动化水平和智能化程度。","2026年04月24日","http://careers.tencent.com/jobdesc.html?postId=2047218784430882816","五年以上工作经验","1","false","true"
"2059832165742592000","120253","混元大模型数据策略产品经理-AI Agent / Coding方向（深圳/北京）","中国","北京","TEG","混元-公共支持","产品","1.Agent与代码数据策略：负责大模型 Coding 与 AI Agent 方向的数据需求设计与配比策略，针对代码生成、代码补全、复杂任务规划、工具调用等核心能力，制定数据分布、采样及难度分级策略；
2.优化数据生产链路：设计并推进高效、高质量的数据生产方案，制定针对复杂模型任务的数据标准，打通数据流转与模型迭代的闭环链路；
3.评测体系与场景验证：基于复杂交互场景构建科学的动态评测集，参与搭建前沿模型训练所需的底层验证与交互环境，持续驱动模型能力上限的突破。","2026年06月04日","http://careers.tencent.com/jobdesc.html?postId=2059832165742592000","一年以上工作经验","1","false","true"
"1978131061376442368","115304","腾讯营销-海外广告联盟-数据策略产品经理-北京/深圳","中国","深圳","CDG","腾讯广告","产品","1.负责海外广告联盟的数据分析及营销策略工作，通过行业/客户洞察与数据分析，持续挖掘提效空间，优化平台投放效果；
2.与数据/推荐团队紧密配合，基于数据分析挖掘机会，设计交付领先的策略优化方案，并沉淀方法及工具，推动策略能力不断演进；
3.做好需求推进及项目管理，协调多模块多团队目标统一、高效执行，跟进开发/上线/应用全过程，持续提升产品的交付效率和质量。","2026年06月04日","http://careers.tencent.com/jobdesc.html?postId=1978131061376442368","三年以上工作经验","1","false","true"
"2054482156847280128","120002","腾讯营销-海外广告联盟-流量平台产品经理-北京/深圳","中国","北京","CDG","腾讯广告","产品","1.负责海外广告联盟的流量/平台方向工作，通过客户洞察与数据分析，设计交付领先的开发者平台功能，沉淀方法及工具，推动产品能力演进；
2.做好需求推进及项目管理，协调多模块多团队目标统一、高效执行，跟进开发/上线/应用全过程，持续提升产品的交付效率和质量。","2026年06月04日","http://careers.tencent.com/jobdesc.html?postId=2054482156847280128","不限","1","false","true"
"2043480582519947264","119245","营销与交易产品部-云Mall 高级产品经理（电商交易平台方向）","中国","深圳","CSIG","云Mall","产品","1.负责云Mall产品线的整体产品规划，包括版本路线图、优先级决策，从电商交易全链路（商品发现→决策转化→交易履约→售后服务）出发定义产品核心能力和差异化打法；
2.主导交易核心模块的产品架构设计，包括商品管理、订单管理、结算引擎、库存管理、营销活动、售后服务等，设计可复用的产品化底座，支撑私有化部署与SaaS双模式交付；
3.从AI原生视角重新定义交易平台的产品形态，思考当AI Agent成为交易参与者时，交易平台的产品架构、交互模式、数据开放方式需要发生怎样的根本性变化，而非在现有产品上叠加AI功能；
4.前瞻性规划面向AI Agent时代的交易基建，定义交易平台如何适配""人+Agent""混合交易场景——商品如何被机器理解、交易流程如何被协议化调用、履约能力如何对外开放；
5.深度洞察品牌客户需求，区分大品牌与中腰部客户的差异化诉求，将客户需求转化为可落地的产品方案；
6.持续跟踪行业趋势与竞品动态（如业内头部标杆产品的AI化演进，AI Agent/MCP等新范式对电商交易场的重塑），转化为产品策略输入。","2026年06月04日","http://careers.tencent.com/jobdesc.html?postId=2043480582519947264","五年以上工作经验","1","false","true"
"2044685846426316800","119403","光子艺术部-高级产品经理-(AIGC平台架构与商业化策略方向)","中国","深圳","IEG","公共","产品","1.平台架构与顶层规划：主导平台产品的整体架构设计，构建统一数据底座、全域磁盘调度及权限管控体系，确保数字资产合规、可控、可复用；
2.GTM与商业化策略：制定内部推广与外部拓展策略，基于不同业务线的ROI模型定义可售卖单元（资源包、API调用、算力配额），驱动规模化增长；
3.经营分析与成本核算:  协同公司内相关团队，完成大模型API调用成本、云资源消耗的基础核算，监控早期商业化利润，为产品定价及成本优化提供数据支撑；
4.商业化闭环与上架:  推动产品合规上架，建立产品对外售卖的标准化SOP，协同外部专业销售团队，确保商业化平稳交付与运营；
5.生态建设与竞品洞察:  持续追踪行业竞品动态与商业趋势，输出深度商业洞察，构建具有护城河的AI工具生态。","2026年05月13日","http://careers.tencent.com/jobdesc.html?postId=2044685846426316800","五年以上工作经验","1","false","true"
"2049714089445470208","119750","腾讯游戏品质管理部-AI测试平台产品负责人-高级技术产品经理","中国","深圳","IEG","公共","产品","1.平台产品与架构设计：负责AI测试平台整体产品规划与路线设计（Platform + Agent）；定义平台能力结构（测试流程、Agent体系、数据体系）；推动从工具化向平台化、从自动化向智能化演进；
2.AI/Agent产品设计：设计测试Agent能力体系（用例生成、执行、分析、决策）；定义AI在测试流程中的角色（辅助 / 主导 / 自动闭环）；推动AI能力在真实业务场景中的落地与优化；
3.跨团队协同与落地：协同技术团队（LLM/平台/工具链）推动能力实现；协同业务团队（游戏项目组）推动场景落地；建立标准化接入与规模化复制机制；
4.数据与质量体系建设：建立AI测试效果评估体系（覆盖率、缺陷质量、ROI等）；推动数据闭环（数据采集 → 模型优化 → 效果提升）；定义质量指标体系与平台化沉淀机制；
5.产品运营与生态建设：推动平台在多项目、多工作室的推广与应用；建立最佳实践与案例沉淀；持续优化产品体验与业务价值。","2026年05月09日","http://careers.tencent.com/jobdesc.html?postId=2049714089445470208","五年以上工作经验","1","false","true"
"2042155810536194048","119171","腾讯视频-业务安全产品策划","中国","深圳","PCG","腾讯视频","产品","1.负责腾讯视频会员、腾讯体育会员、海外会员业务支付系统能力产品策划和版本管理工作；
2.负责腾讯视频会员安全系统能力产品策划和版本管理工作。","2026年06月04日","http://careers.tencent.com/jobdesc.html?postId=2042155810536194048","五年以上工作经验","1","false","true"
"2049027531922898944","119704","智慧零售-商业分析/解决方案经理（大数据和AI方向）","中国","深圳","CSIG","智慧零售Tob","战略与投资","1.大数据解决方案设计与交付： 整合腾讯内外部大数据，结合算法模型和AI工具，参与客群分析、选址、销售预测、动态定价等数据+算法产品的综合解决方案交付和创新迭代；
2.商业分析与洞察： 开展垂直行业/课题的专项研究，输出高质量的综合分析与洞察，尤其聚焦AI在零售和农业、文旅、酒店、地产、金融交易等领域结合大数据的应用实现；
3.与不同团队协作，提炼科技/AI类企业解决方案，开展垂直行业/课题的专项研究，输出高质量的综合分析与洞察，尤其聚焦AI在零售和农业、文旅、酒店、地产、金融交易等领域结合大数据的应用实现；
4.基于海量数据，进行数据类项目分析与支持，形成对客户有价值的解决方案；
5.进行内部业务数据分析，形成汇报内容。","2026年05月22日","http://careers.tencent.com/jobdesc.html?postId=2049027531922898944","三年以上工作经验","1","false","true"
"1984457394188607488","115737","元宝-大模型策略产品（社交方向）","中国","深圳","CSIG","元宝","产品","1.深入理解大数据和AI结合业务场景，通过包括不限于RAG、Tools、Memory等方式，不断提升用户体验；
2.结合现有数据平台能力，抽象沉淀通用组建和能力，完善平台能力，提升业务迭代效率；
3.主导大模型社交方向的应用落地，包括但不限于：社交对话、情感陪伴等；
4.与数据工程师、算法团队、业务部门紧密合作，确保产品技术方案可行且符合业务需求；协调资源推进产品开发、测试、上线及迭代，把控项目进度与交付质量。","2026年05月14日","http://careers.tencent.com/jobdesc.html?postId=1984457394188607488","一年以上工作经验","1","false","true"
"2049070724366368768","119713","视频生成数据标注项目管理负责人","中国","北京","PCG","内容理解","产品","1.标注体系建设：主导视频生成模型数据标注体系从0到1搭建，包括标注规范设计、标注流程制定、质量标准定义、SOP沉淀，覆盖Caption撰写、运镜标注、视频评测、偏好排序、R2V数据构造等全场景；
2.项目管理与交付：统筹管理多条并行数据管线（Caption管线、精标管线、R2V管线、评估管线），制定项目计划、资源分配、进度管控，确保数据交付的质量和时效性，对齐算法团队的模型迭代节奏；
3.团队建设与管理：组建并管理千人规模的标注团队（含自营专职、众包、外部供应商等多种产能模式），搭建分层人才体系，建立标注人员的招募、培训、考核、激励机制，尤其重视垂类专业人才的引入和培养；
4.质量管理：设计并落地多级质控体系，通过数据分析和工艺改善驱动质量持续提升，确保核心指标达成；
5.算法协同：与模型团队深度协作，理解模型训练各阶段对数据的差异化需求，参与标注规则的共创式建设；
6.效率与成本优化：推动AI辅助标注工具的落地应用（模型预标注、智能分段、Caption自动生成等），提升机审替代率，优化成本和标注效率。","2026年05月09日","http://careers.tencent.com/jobdesc.html?postId=2049070724366368768","五年以上工作经验","1","false","true"
"1984422348790587392","115732","QQ游戏大厅-AI产品策划-新星引力计划","中国","上海","IEG","移动QQ游戏-页游平台","产品","1.负责产品规划与功能迭代，涵盖用户体系、资源分发、游戏接入、玩法迭代等核心模块，主导产品 AI 化升级与能力建设；
2.基于用户洞察、行业趋势与前沿 AI 技术，输出可落地的 AI 产品方案；
3.构建AI 产品研发管线，打通需求、数据、模型、工程与运营全流程，提升整体研发与迭代效率；
4.通过数据分析，持续挖掘用户潜在需求，将洞察转化为产品策略，实现体验与业务指标双提升；
5.协同设计、研发、测试、运营等多方团队，推进项目落地与质量把控，确保产品目标高效达成。","2026年05月06日","http://careers.tencent.com/jobdesc.html?postId=1984422348790587392","两年以上工作经验","1","false","true"
"1984171559165779968","115720","腾讯战略发展部-高级商业分析经理-广告产品方向","中国","深圳","CDG","公共","战略与投资","1.能够深刻洞察广告产品与推荐算法能力发展变迁过程与节奏，识别产品与技术应用机会点，跟踪竞品发展态势和能力动向，为公司高层及产品&技术团队提供洞察分析、制定各类产品策略&技术应用策略； 
2.与产品&技术团队紧密合作，以专业顾问和合作伙伴的角色，制定方案，探索业务增量价值；提供内外全局视角，拉动跨公司，跨团队协同，拉动资源，保证项目落地效果。","2026年06月08日","http://careers.tencent.com/jobdesc.html?postId=1984171559165779968","五年以上工作经验","1","false","true"
"2059948190203035648","120280","微信基础-后台开发-AI评测方向","中国","广州","WXG","微信AI助手","技术","1.深度参与建设微信 Agent 业务，设计并开发微信 Agent 相关的评测工具和自动化评测流水线，支持对话质量、任务完成率、安全性等多维度评测；
2.参与构建基于 LLM 的自动评测模型，实现对 Agent 输出质量的自动化打分与分析；
3.参与评测平台的架构设计与开发，支持评测任务管理、数据管理、结果可视化等功能；
4.参与构建评测数据集，开发数据清洗、标注管理、统计分析等配套工具；
5.跟踪业界前沿评测方法，持续优化评测效率和准确性。
","2026年06月05日","http://careers.tencent.com/jobdesc.html?postId=2059948190203035648","三年以上工作经验","1","false","true"
"1984171555621593088","115719","腾讯战略发展部-高级商业分析经理-广告产品方向","中国","上海","CDG","公共","战略与投资","1.能够深刻洞察广告产品与推荐算法能力发展变迁过程与节奏，识别产品与技术应用机会点，跟踪竞品发展态势和能力动向，为公司高层及产品&技术团队提供洞察分析、制定各类产品策略&技术应用策略； 
2.与产品&技术团队紧密合作，以专业顾问和合作伙伴的角色，制定方案，探索业务增量价值；提供内外全局视角，拉动跨公司，跨团队协同，拉动资源，保证项目落地效果。","2026年05月29日","http://careers.tencent.com/jobdesc.html?postId=1984171555621593088","五年以上工作经验","1","false","true"
"2029499311267676160","118233","数字教育-行业拓展经理","中国","北京","CDG","公共","产品","1.负责教育业务 AI 驱动的增长产品体系规划与落地，围绕用户全生命周期（拉新、激活、留存、变现、推荐），结合大模型、个性化推荐等 AI 技术，设计增长产品策略与解决方案，驱动业务规模与效率持续提升；
2.主导增长产品全生命周期管理，覆盖需求调研、产品规划、原型设计、项目推进、上线迭代、数据复盘全流程，协调研发、算法、运营等跨团队资源，对核心增长指标负责；
3.探索教育场景下 AI 增长创新应用，如智能获客、个性化学习推荐、AI 驱动用户分层运营、智能转化等，挖掘新增长机会点，打造差异化产品竞争力；
4.搭建用户增长数据体系与分析模型，通过数据驱动产品迭代优化，沉淀可复用的增长方法论，助力部门完成各项业务目标；
5.联动业务、运营、算法等团队，深入理解数字教育行业趋势与用户需求，对齐部门业务战略，推动增长产品与核心业务深度融合，支撑业务长期增长发展。","2026年04月07日","http://careers.tencent.com/jobdesc.html?postId=2029499311267676160","五年以上工作经验","1","false","true"
