company,source_schema,source_row_index,title,business_line,location,publish_date,post_url,experience_text,responsibility,requirement_text,jd_text,model,business_scene_fit,platform_agent_fit,execution_fit,technical_fit,domain_transfer_fit,confidence,verdict,reason,strengths,risks,total_score
京东,jd,26,AI产品经理岗,京东工业,北京市,2026-05-14,https://zhaopin.jd.com/web/job-info-detail?requementId=217583,"1. 教育背景
   学历要求：本科及以上学历，专业不限；
2. 工作经验
   工作经验：具备3-5年产品经理工作经验，有从0到1或深度参与产品迭代的经验，熟悉产品全生命周期管理；具备较强的业务分析和规划能力，能够独立负责产品模块或业务线；
3. 能力要求
   产品规划：具备优秀的产品规划与设计能力，能够基于业务目标和用户需求，制定清晰的产品路线图和迭代计划；熟悉数据分析方法，能够通过数据驱动产品决策与优化；
   业务理解：对工业、企业服务或相关领域业务有深入理解，能够快速洞察行业趋势与客户需求，并将其转化为可行的产品方案；
   技术理解：具备良好的技术理解能力，能够与研发团队高效沟通，理解技术实现逻辑与约束，推动产品方案落地；
   项目管理：具备较强的项目推动能力，能够协调内外部资源，确保项目按时高质量交付；
4. 基本素质
   沟通协作：具备出色的沟通表达与团队协作能力，能够与跨部门团队紧密合作，有效推动项目进展；
   解决问题：具备独立分析和解决问题的能力，面对复杂业务场景能够提出系统化解决方案；
   责任心：具有强烈的责任心和主人翁意识，对工作成果负责，能够承受一定的工作压力；
   学习能力：具备快速学习能力和创新意识，关注行业前沿动态，持续提升专业能力；
   用户导向：始终以用户为中心，注重用户体验，持续优化产品价值。

符合京东价值观：客户为先、创新、拼搏、担当、感恩、诚信。","1. 负责AI产品规划与设计，深入理解业务场景与用户需求，主导产品功能定义、迭代路线图制定，确保产品方向与业务目标对齐；
2. 负责AI技术在产品中的落地应用，协同算法、工程团队推进模型训练、优化与部署，提升产品智能化水平与用户体验；
3. 跟踪人工智能领域前沿技术趋势，结合业务实际进行技术预研与创新，推动产品在行业中的竞争力提升；
4. 负责产品全生命周期管理，包括需求分析、原型设计、版本规划、上线推广及效果评估，确保产品高质量交付与持续优化；
5. 与业务、技术、运营等多部门紧密协作，推动跨团队项目落地，保障产品目标达成与业务增长；
6. 负责产品相关数据监控与分析，通过数据驱动洞察用户行为与产品表现，持续优化产品策略与功能设计。","1. 教育背景
   学历要求：本科及以上学历，专业不限；
2. 工作经验
   工作经验：具备3-5年产品经理工作经验，有从0到1或深度参与产品迭代的经验，熟悉产品全生命周期管理；具备较强的业务分析和规划能力，能够独立负责产品模块或业务线；
3. 能力要求
   产品规划：具备优秀的产品规划与设计能力，能够基于业务目标和用户需求，制定清晰的产品路线图和迭代计划；熟悉数据分析方法，能够通过数据驱动产品决策与优化；
   业务理解：对工业、企业服务或相关领域业务有深入理解，能够快速洞察行业趋势与客户需求，并将其转化为可行的产品方案；
   技术理解：具备良好的技术理解能力，能够与研发团队高效沟通，理解技术实现逻辑与约束，推动产品方案落地；
   项目管理：具备较强的项目推动能力，能够协调内外部资源，确保项目按时高质量交付；
4. 基本素质
   沟通协作：具备出色的沟通表达与团队协作能力，能够与跨部门团队紧密合作，有效推动项目进展；
   解决问题：具备独立分析和解决问题的能力，面对复杂业务场景能够提出系统化解决方案；
   责任心：具有强烈的责任心和主人翁意识，对工作成果负责，能够承受一定的工作压力；
   学习能力：具备快速学习能力和创新意识，关注行业前沿动态，持续提升专业能力；
   用户导向：始终以用户为中心，注重用户体验，持续优化产品价值。

符合京东价值观：客户为先、创新、拼搏、担当、感恩、诚信。","岗位职责：
1. 负责AI产品规划与设计，深入理解业务场景与用户需求，主导产品功能定义、迭代路线图制定，确保产品方向与业务目标对齐；
2. 负责AI技术在产品中的落地应用，协同算法、工程团队推进模型训练、优化与部署，提升产品智能化水平与用户体验；
3. 跟踪人工智能领域前沿技术趋势，结合业务实际进行技术预研与创新，推动产品在行业中的竞争力提升；
4. 负责产品全生命周期管理，包括需求分析、原型设计、版本规划、上线推广及效果评估，确保产品高质量交付与持续优化；
5. 与业务、技术、运营等多部门紧密协作，推动跨团队项目落地，保障产品目标达成与业务增长；
6. 负责产品相关数据监控与分析，通过数据驱动洞察用户行为与产品表现，持续优化产品策略与功能设计。

任职要求：
1. 教育背景
   学历要求：本科及以上学历，专业不限；
2. 工作经验
   工作经验：具备3-5年产品经理工作经验，有从0到1或深度参与产品迭代的经验，熟悉产品全生命周期管理；具备较强的业务分析和规划能力，能够独立负责产品模块或业务线；
3. 能力要求
   产品规划：具备优秀的产品规划与设计能力，能够基于业务目标和用户需求，制定清晰的产品路线图和迭代计划；熟悉数据分析方法，能够通过数据驱动产品决策与优化；
   业务理解：对工业、企业服务或相关领域业务有深入理解，能够快速洞察行业趋势与客户需求，并将其转化为可行的产品方案；
   技术理解：具备良好的技术理解能力，能够与研发团队高效沟通，理解技术实现逻辑与约束，推动产品方案落地；
   项目管理：具备较强的项目推动能力，能够协调内外部资源，确保项目按时高质量交付；
4. 基本素质
   沟通协作：具备出色的沟通表达与团队协作能力，能够与跨部门团队紧密合作，有效推动项目进展；
   解决问题：具备独立分析和解决问题的能力，面对复杂业务场景能够提出系统化解决方案；
   责任心：具有强烈的责任心和主人翁意识，对工作成果负责，能够承受一定的工作压力；
   学习能力：具备快速学习能力和创新意识，关注行业前沿动态，持续提升专业能力；
   用户导向：始终以用户为中心，注重用户体验，持续优化产品价值。

符合京东价值观：客户为先、创新、拼搏、担当、感恩、诚信。",doubao-seed-2-0-pro-260215,20,22,16,12,6,medium,中高匹配,候选人有ToB AI产品0-1落地、Agent与中台经验匹配岗责，但工业领域沉淀、工作年限略有不足,"['多类AI场景0-1落地经验丰富，熟悉AI中台、Agent、工作流设计', '懂技术能对接研发，有跨团队推进项目、效果复盘的全流程能力']","['工作年限尚浅，京东工业要求的工业领域经验不足', '对京东工业具体业务场景需要时间熟悉，迁移成本略高']",76
京东,jd,12,AI产品经理岗,京东工业,北京市,2026-05-29,https://zhaopin.jd.com/web/job-info-detail?requementId=218427,"1. 教育背景
   学历要求：本科及以上学历，计算机科学、软件工程、人工智能、数据科学等相关专业优先；  
2. 工作经验
   工作经验：具备3-5年产品经理工作经验，有AI算法或数据智能领域产品规划与落地经验，主导过从0到1或大规模迭代的项目，熟悉产品全生命周期管理；  
3. 能力要求
   业务规划能力：具备较强的业务洞察与市场分析能力，能够结合行业趋势与用户需求，制定清晰的产品战略与路线图；  
   产品设计能力：熟练掌握产品需求分析、原型设计、数据驱动迭代等方法，能够独立输出高质量的产品方案；  
   技术理解能力：对机器学习、深度学习、大模型等AI技术有深入理解，能够与技术团队高效协作，推动算法产品化落地；  
   项目管理能力：具备跨团队协调与资源整合经验，能够把控项目进度、质量与风险，确保产品目标达成；  
4. 基本素质
   沟通协作：具备优秀的跨部门沟通与团队协作能力，能够清晰表达产品思路，推动多方达成共识；  
   解决问题：具备独立分析与解决复杂问题的能力，在快速变化的环境中保持灵活应变；  
   责任心：对工作高度负责，注重细节，有强烈的结果导向意识。


符合京东价值观：客户为先、创新、拼搏、担当、感恩、诚信。","1. 负责AI与数据智能产品的规划与设计，深入理解业务场景，将前沿算法技术与实际业务需求结合，打造具有行业竞争力的智能化产品解决方案；
2. 主导产品从需求分析、原型设计到上线迭代的全生命周期管理，确保产品目标清晰、路径明确，并持续跟踪产品数据，驱动业务增长与效率提升；
3. 协同算法、工程及业务团队，推动技术方案落地，确保产品在准确性、稳定性与扩展性上满足高标准要求；
4. 关注人工智能领域技术趋势，探索创新应用场景，通过产品化手段推动技术成果向业务价值转化，支撑业务模式创新与升级；
5. 负责产品相关方的沟通协调，包括需求对齐、项目推进与效果复盘，确保跨团队协作顺畅，保障关键项目高质量交付；
6. 参与制定产品中长期发展规划，结合行业洞察与用户反馈，持续优化产品路线图，提升产品在行业中的影响力与竞争力。","1. 教育背景
   学历要求：本科及以上学历，计算机科学、软件工程、人工智能、数据科学等相关专业优先；  
2. 工作经验
   工作经验：具备3-5年产品经理工作经验，有AI算法或数据智能领域产品规划与落地经验，主导过从0到1或大规模迭代的项目，熟悉产品全生命周期管理；  
3. 能力要求
   业务规划能力：具备较强的业务洞察与市场分析能力，能够结合行业趋势与用户需求，制定清晰的产品战略与路线图；  
   产品设计能力：熟练掌握产品需求分析、原型设计、数据驱动迭代等方法，能够独立输出高质量的产品方案；  
   技术理解能力：对机器学习、深度学习、大模型等AI技术有深入理解，能够与技术团队高效协作，推动算法产品化落地；  
   项目管理能力：具备跨团队协调与资源整合经验，能够把控项目进度、质量与风险，确保产品目标达成；  
4. 基本素质
   沟通协作：具备优秀的跨部门沟通与团队协作能力，能够清晰表达产品思路，推动多方达成共识；  
   解决问题：具备独立分析与解决复杂问题的能力，在快速变化的环境中保持灵活应变；  
   责任心：对工作高度负责，注重细节，有强烈的结果导向意识。


符合京东价值观：客户为先、创新、拼搏、担当、感恩、诚信。","岗位职责：
1. 负责AI与数据智能产品的规划与设计，深入理解业务场景，将前沿算法技术与实际业务需求结合，打造具有行业竞争力的智能化产品解决方案；
2. 主导产品从需求分析、原型设计到上线迭代的全生命周期管理，确保产品目标清晰、路径明确，并持续跟踪产品数据，驱动业务增长与效率提升；
3. 协同算法、工程及业务团队，推动技术方案落地，确保产品在准确性、稳定性与扩展性上满足高标准要求；
4. 关注人工智能领域技术趋势，探索创新应用场景，通过产品化手段推动技术成果向业务价值转化，支撑业务模式创新与升级；
5. 负责产品相关方的沟通协调，包括需求对齐、项目推进与效果复盘，确保跨团队协作顺畅，保障关键项目高质量交付；
6. 参与制定产品中长期发展规划，结合行业洞察与用户反馈，持续优化产品路线图，提升产品在行业中的影响力与竞争力。

任职要求：
1. 教育背景
   学历要求：本科及以上学历，计算机科学、软件工程、人工智能、数据科学等相关专业优先；  
2. 工作经验
   工作经验：具备3-5年产品经理工作经验，有AI算法或数据智能领域产品规划与落地经验，主导过从0到1或大规模迭代的项目，熟悉产品全生命周期管理；  
3. 能力要求
   业务规划能力：具备较强的业务洞察与市场分析能力，能够结合行业趋势与用户需求，制定清晰的产品战略与路线图；  
   产品设计能力：熟练掌握产品需求分析、原型设计、数据驱动迭代等方法，能够独立输出高质量的产品方案；  
   技术理解能力：对机器学习、深度学习、大模型等AI技术有深入理解，能够与技术团队高效协作，推动算法产品化落地；  
   项目管理能力：具备跨团队协调与资源整合经验，能够把控项目进度、质量与风险，确保产品目标达成；  
4. 基本素质
   沟通协作：具备优秀的跨部门沟通与团队协作能力，能够清晰表达产品思路，推动多方达成共识；  
   解决问题：具备独立分析与解决复杂问题的能力，在快速变化的环境中保持灵活应变；  
   责任心：对工作高度负责，注重细节，有强烈的结果导向意识。


符合京东价值观：客户为先、创新、拼搏、担当、感恩、诚信。",doubao-seed-2-0-pro-260215,21,20,16,12,7,high,match,候选人有丰富ToB AI产品0-1落地经验，匹配核心要求，仅工作年限偏短，行业需适配工业场景。,"['具备多个AI产品0到1落地经验，覆盖智能体、AI中台、多场景业务应用', '有跨部门协作推进经验，熟悉AI产品全生命周期管理，技术理解能力强', '有国企ToB服务经验，懂企业客户流程痛点，落地成果可量化']","['工作年限不足3年，距岗位3-5年经验要求有差距', '过往经验集中于央国企通用场景，对京东工业垂直领域熟悉度不足']",76
京东,jd,13,AI产品经理岗,京东工业,北京市,2026-05-29,https://zhaopin.jd.com/web/job-info-detail?requementId=218428,"1. 教育背景：本科及以上学历，专业不限；
2. 工作经验：具备3-5年产品相关工作经验，有独立负责产品模块或完整项目经验，熟悉产品从需求分析到上线迭代的全流程；
3. 能力要求：具备较强的业务理解和逻辑分析能力，能够基于用户与业务需求设计产品方案；熟悉AI相关产品或技术应用场景，有实际落地经验者优先；具备良好的数据分析能力。

符合京东价值观：客户为先、创新、拼搏、担当、感恩、诚信。","1. 负责国际业务产品的规划与设计，深入理解业务需求，制定产品发展路线图，推动产品迭代与创新，确保产品竞争力与业务目标达成；
2. 主导产品全生命周期管理，包括需求分析、原型设计、项目跟进及上线后效果评估，通过数据驱动优化产品体验与业务指标；
3. 跟踪国际业务领域技术趋势与市场动态，结合AI等前沿技术探索业务新模式，推动产品智能化升级，提升业务效率与用户满意度。","1. 教育背景：本科及以上学历，专业不限；
2. 工作经验：具备3-5年产品相关工作经验，有独立负责产品模块或完整项目经验，熟悉产品从需求分析到上线迭代的全流程；
3. 能力要求：具备较强的业务理解和逻辑分析能力，能够基于用户与业务需求设计产品方案；熟悉AI相关产品或技术应用场景，有实际落地经验者优先；具备良好的数据分析能力。

符合京东价值观：客户为先、创新、拼搏、担当、感恩、诚信。","岗位职责：
1. 负责国际业务产品的规划与设计，深入理解业务需求，制定产品发展路线图，推动产品迭代与创新，确保产品竞争力与业务目标达成；
2. 主导产品全生命周期管理，包括需求分析、原型设计、项目跟进及上线后效果评估，通过数据驱动优化产品体验与业务指标；
3. 跟踪国际业务领域技术趋势与市场动态，结合AI等前沿技术探索业务新模式，推动产品智能化升级，提升业务效率与用户满意度。

任职要求：
1. 教育背景：本科及以上学历，专业不限；
2. 工作经验：具备3-5年产品相关工作经验，有独立负责产品模块或完整项目经验，熟悉产品从需求分析到上线迭代的全流程；
3. 能力要求：具备较强的业务理解和逻辑分析能力，能够基于用户与业务需求设计产品方案；熟悉AI相关产品或技术应用场景，有实际落地经验者优先；具备良好的数据分析能力。

符合京东价值观：客户为先、创新、拼搏、担当、感恩、诚信。",doubao-seed-2-0-pro-260215,16,20,17,12,7,high,中高匹配,候选人AI产品落地经验丰富，但缺乏京东工业国际业务相关经验，领域迁移有一定成本。,"['有丰富的ToB企业AI产品0-1落地经验', '具备AI中台、智能体、RAG相关的产品设计与工程能力']","['无国际业务相关经验，领域适配需时间', '工作年限较短，与岗位3-5年经验要求有差距']",72
京东,jd,30,AI产品经理,京东健康,北京市,2026-05-11,https://zhaopin.jd.com/web/job-info-detail?requementId=217421,"1.计算机、人工智能、数据科学等相关专业优先，3年以上AI产品经验，有对话系统、Agent、工作流引擎或任务调度平台项目经验；
2.深入理解NLP/LLM技术原理（如意图识别、多轮对话、RAG、Prompt Engineering），能将技术能力转化为产品方案；
3.对医疗场景有基本理解，有医疗AI产品落地经验者优先，熟悉医疗合规与安全要求；
4.结构化思维突出，能通过PRD、流程图、状态机等工具高效协同算法与研发团队，具备清晰的沟通表达能力。

符合京东价值观：客户为先、创新、拼搏、担当、感恩、诚信。","1.负责多智能体协同调度平台的产品规划与设计，实现Agent、Plan、Skill三层能力编排与任务分发，支撑诊前导诊、诊中辅助、诊后随访等多场景智能体协同；
2.设计任务调度引擎，支持多轮对话、多目标规划、工具调用与异常处理，提升智能体在复杂医疗任务中的自主决策与协同效率；
3.构建智能体能力池与技能库，沉淀导诊、咨询、随访、健康管理、病历解读等医疗场景通用技能，实现智能体快速配置与场景化调用；
4.建立多智能体效果评估体系，定义任务完成率、响应时延、用户满意度等核心指标，通过离线评测与线上A/B实验持续优化协同策略。","1.计算机、人工智能、数据科学等相关专业优先，3年以上AI产品经验，有对话系统、Agent、工作流引擎或任务调度平台项目经验；
2.深入理解NLP/LLM技术原理（如意图识别、多轮对话、RAG、Prompt Engineering），能将技术能力转化为产品方案；
3.对医疗场景有基本理解，有医疗AI产品落地经验者优先，熟悉医疗合规与安全要求；
4.结构化思维突出，能通过PRD、流程图、状态机等工具高效协同算法与研发团队，具备清晰的沟通表达能力。

符合京东价值观：客户为先、创新、拼搏、担当、感恩、诚信。","岗位职责：
1.负责多智能体协同调度平台的产品规划与设计，实现Agent、Plan、Skill三层能力编排与任务分发，支撑诊前导诊、诊中辅助、诊后随访等多场景智能体协同；
2.设计任务调度引擎，支持多轮对话、多目标规划、工具调用与异常处理，提升智能体在复杂医疗任务中的自主决策与协同效率；
3.构建智能体能力池与技能库，沉淀导诊、咨询、随访、健康管理、病历解读等医疗场景通用技能，实现智能体快速配置与场景化调用；
4.建立多智能体效果评估体系，定义任务完成率、响应时延、用户满意度等核心指标，通过离线评测与线上A/B实验持续优化协同策略。

任职要求：
1.计算机、人工智能、数据科学等相关专业优先，3年以上AI产品经验，有对话系统、Agent、工作流引擎或任务调度平台项目经验；
2.深入理解NLP/LLM技术原理（如意图识别、多轮对话、RAG、Prompt Engineering），能将技术能力转化为产品方案；
3.对医疗场景有基本理解，有医疗AI产品落地经验者优先，熟悉医疗合规与安全要求；
4.结构化思维突出，能通过PRD、流程图、状态机等工具高效协同算法与研发团队，具备清晰的沟通表达能力。

符合京东价值观：客户为先、创新、拼搏、担当、感恩、诚信。",doubao-seed-2-0-pro-260215,13,22,18,11,7,medium,match,候选人有丰富AI Agent、平台设计落地经验，但缺乏医疗领域相关沉淀，需适应医疗场景合规要求。,"['具备多场景AI Agent、智能体平台从0到1落地经验，熟悉工作流与权限设计', '有跨团队推进AI产品落地、上线复盘的成熟经验，工程理解能力较强']","['无医疗AI相关经验，对医疗场景需求、合规要求不熟悉，迁移成本较高', 'AI产品工作经历时长较短，需匹配岗位对3年以上经验的要求']",71
京东,jd,53,AI 产品经理-财务方向,京东集团,北京市,2026-04-13,https://zhaopin.jd.com/web/job-info-detail?requementId=215353,"学历与专业
本科及以上学历，财务、会计、金融、计算机、信息管理等相关专业优先
具备财务与科技复合背景者优先
工作经验
3年以上产品经理工作经验，其中至少1年AI/数据产品经验
有财务系统（ERP、财务共享中心、预算系统、费控系统等）产品经验者优先
有AI产品落地经验（如智能客服、智能报表、RPA等）者优先
专业技能
熟悉产品管理全流程，能够独立完成需求分析、原型设计、PRD撰写、验收测试
了解AI/机器学习基础原理，理解模型训练、评估、部署的基本流程
熟悉财务业务流程，了解会计准则、预算管理、资金管理、税务合规等核心领域
具备数据分析能力，熟练使用SQL、Excel等工具，能够基于数据驱动产品决策
熟悉主流AI工具与平台（如大模型API、OCR服务、BI工具等）者优先

符合京东价值观：客户为先、创新、拼搏、担当、感恩、诚信。","AI财务产品规划与设计
负责AI驱动的财务产品线规划，包括智能财务分析、自动化报表、预算预测、风险预警等核心功能模块
深入理解财务业务流程，识别AI技术可赋能的场景，设计产品解决方案并推动落地
制定产品路线图，明确各阶段目标与交付里程碑
需求分析与产品定义
调研财务部门及业务部门的实际需求，转化为可落地的产品需求文档（PRD）
设计智能财务产品的功能架构、业务流程、交互原型，确保产品易用性与专业性兼顾
协调算法、开发、设计等资源，推动产品从概念到上线的全流程
AI模型应用与优化
与算法团队协作，定义财务场景下的AI模型需求（如OCR票据识别、智能对账、异常检测、现金流预测等）
跟踪模型效果，基于业务反馈持续优化模型准确率与适用性
探索大语言模型（LLM）在财务问答、报告生成、合规审查等场景的应用
数据治理与合规保障
确保产品符合财务合规要求，包括数据安全、审计留痕、权限管控等
建立财务数据质量标准，推动数据治理体系建设
配合内外部审计，提供产品层面的合规支持
产品运营与迭代
跟踪产品使用数据，分析用户行为，持续优化产品体验
收集用户反馈，规划迭代版本，提升产品价值
编写产品培训材料，支持用户推广与培训","学历与专业
本科及以上学历，财务、会计、金融、计算机、信息管理等相关专业优先
具备财务与科技复合背景者优先
工作经验
3年以上产品经理工作经验，其中至少1年AI/数据产品经验
有财务系统（ERP、财务共享中心、预算系统、费控系统等）产品经验者优先
有AI产品落地经验（如智能客服、智能报表、RPA等）者优先
专业技能
熟悉产品管理全流程，能够独立完成需求分析、原型设计、PRD撰写、验收测试
了解AI/机器学习基础原理，理解模型训练、评估、部署的基本流程
熟悉财务业务流程，了解会计准则、预算管理、资金管理、税务合规等核心领域
具备数据分析能力，熟练使用SQL、Excel等工具，能够基于数据驱动产品决策
熟悉主流AI工具与平台（如大模型API、OCR服务、BI工具等）者优先

符合京东价值观：客户为先、创新、拼搏、担当、感恩、诚信。","岗位职责：
AI财务产品规划与设计
负责AI驱动的财务产品线规划，包括智能财务分析、自动化报表、预算预测、风险预警等核心功能模块
深入理解财务业务流程，识别AI技术可赋能的场景，设计产品解决方案并推动落地
制定产品路线图，明确各阶段目标与交付里程碑
需求分析与产品定义
调研财务部门及业务部门的实际需求，转化为可落地的产品需求文档（PRD）
设计智能财务产品的功能架构、业务流程、交互原型，确保产品易用性与专业性兼顾
协调算法、开发、设计等资源，推动产品从概念到上线的全流程
AI模型应用与优化
与算法团队协作，定义财务场景下的AI模型需求（如OCR票据识别、智能对账、异常检测、现金流预测等）
跟踪模型效果，基于业务反馈持续优化模型准确率与适用性
探索大语言模型（LLM）在财务问答、报告生成、合规审查等场景的应用
数据治理与合规保障
确保产品符合财务合规要求，包括数据安全、审计留痕、权限管控等
建立财务数据质量标准，推动数据治理体系建设
配合内外部审计，提供产品层面的合规支持
产品运营与迭代
跟踪产品使用数据，分析用户行为，持续优化产品体验
收集用户反馈，规划迭代版本，提升产品价值
编写产品培训材料，支持用户推广与培训

任职要求：
学历与专业
本科及以上学历，财务、会计、金融、计算机、信息管理等相关专业优先
具备财务与科技复合背景者优先
工作经验
3年以上产品经理工作经验，其中至少1年AI/数据产品经验
有财务系统（ERP、财务共享中心、预算系统、费控系统等）产品经验者优先
有AI产品落地经验（如智能客服、智能报表、RPA等）者优先
专业技能
熟悉产品管理全流程，能够独立完成需求分析、原型设计、PRD撰写、验收测试
了解AI/机器学习基础原理，理解模型训练、评估、部署的基本流程
熟悉财务业务流程，了解会计准则、预算管理、资金管理、税务合规等核心领域
具备数据分析能力，熟练使用SQL、Excel等工具，能够基于数据驱动产品决策
熟悉主流AI工具与平台（如大模型API、OCR服务、BI工具等）者优先

符合京东价值观：客户为先、创新、拼搏、担当、感恩、诚信。",doubao-seed-2-0-pro-260215,12,20,18,12,8,medium,partial,候选人AI产品落地能力强，但无财务领域相关经验，需补充财务业务知识适配岗位。,"['有丰富的AI产品0-1落地、跨部门推进、上线复盘经验', '熟悉Agent、RAG、AI中台等相关技术与产品设计，工程能力扎实', '有企业级AI场景落地经验，具备流程提效、合规、权限设计相关经验']","['无财务领域相关经验，对财务业务流程、合规要求不熟悉，迁移成本较高', '工作经验年限较短，尚未达到岗位要求的3年以上产品经验要求']",70
京东,jd,55,应用产品经理,京东科技,北京市,2026-04-10,https://zhaopin.jd.com/web/job-info-detail?requementId=215621,"1. 本科及以上，具有资深移动端APP产品经验，有完整0-1或大规模迭代经验；
2. 有智能应用/AI相关产品经验（智能助手、大模型应用等优先）；
3. 精通产品设计全流程，能独立负责产品线，具备优秀的智能场景拆解能力；
4. 懂移动端用户体验，有基础技术理解力，数据思维强，沟通协调能力突出；
5. 加分项：有工具类/效率类/金融投研类APP经验；参与过多模态、用户画像相关产品设计；熟悉端侧AI优先。
岗位亮点：参与前沿AI创新项目打造toC产品，六险一金、带薪年假、节日福利、项目奖金、年度调薪，成长空间大。
符合京东价值观：客户为先、创新、拼搏、担当、感恩、诚信。","我们是京东云，作为京东集团面向企业、政府等机构的技术服务品牌，是更懂产业的数智化解决方案提供商，致力于为企业、金融机构、政府等各类客户提供以供应链为基础的数智化解决方案。依托公、专、混的全栈式云产品矩阵，我们融合了人工智能、大数据、物联网等前沿科技，在零售、物流、健康、智能城市、金融科技等行业领域为客户提供了丰富的产品与数字化解决方案，帮助客户降低成本、提升效率，是值得信赖的产业数字合作伙伴。

负责核心智能应用及移动端APP全流程管理，结合AI大模型、多模态交互，设计高价值智能场景，打造差异化APP产品，推动从0到1/1到N迭代落地；
1. 负责APP及智能应用产品线规划，制定迭代路线图，明确产品定位与核心价值；
2. 主导AI智能场景设计（AI助手、个性化服务、多模态处理等），将AI技术转化为实用功能；
3. 统筹APP全流程（需求调研、原型/PRD、评审上线），兼顾移动端体验与业务闭环；
4. 协同研发、算法等团队，推动项目落地，通过数据驱动产品迭代优化；
5. 跟踪行业及竞品动态，输出洞察，助力产品创新。","1. 本科及以上，具有资深移动端APP产品经验，有完整0-1或大规模迭代经验；
2. 有智能应用/AI相关产品经验（智能助手、大模型应用等优先）；
3. 精通产品设计全流程，能独立负责产品线，具备优秀的智能场景拆解能力；
4. 懂移动端用户体验，有基础技术理解力，数据思维强，沟通协调能力突出；
5. 加分项：有工具类/效率类/金融投研类APP经验；参与过多模态、用户画像相关产品设计；熟悉端侧AI优先。
岗位亮点：参与前沿AI创新项目打造toC产品，六险一金、带薪年假、节日福利、项目奖金、年度调薪，成长空间大。
符合京东价值观：客户为先、创新、拼搏、担当、感恩、诚信。","岗位职责：
我们是京东云，作为京东集团面向企业、政府等机构的技术服务品牌，是更懂产业的数智化解决方案提供商，致力于为企业、金融机构、政府等各类客户提供以供应链为基础的数智化解决方案。依托公、专、混的全栈式云产品矩阵，我们融合了人工智能、大数据、物联网等前沿科技，在零售、物流、健康、智能城市、金融科技等行业领域为客户提供了丰富的产品与数字化解决方案，帮助客户降低成本、提升效率，是值得信赖的产业数字合作伙伴。

负责核心智能应用及移动端APP全流程管理，结合AI大模型、多模态交互，设计高价值智能场景，打造差异化APP产品，推动从0到1/1到N迭代落地；
1. 负责APP及智能应用产品线规划，制定迭代路线图，明确产品定位与核心价值；
2. 主导AI智能场景设计（AI助手、个性化服务、多模态处理等），将AI技术转化为实用功能；
3. 统筹APP全流程（需求调研、原型/PRD、评审上线），兼顾移动端体验与业务闭环；
4. 协同研发、算法等团队，推动项目落地，通过数据驱动产品迭代优化；
5. 跟踪行业及竞品动态，输出洞察，助力产品创新。

任职要求：
1. 本科及以上，具有资深移动端APP产品经验，有完整0-1或大规模迭代经验；
2. 有智能应用/AI相关产品经验（智能助手、大模型应用等优先）；
3. 精通产品设计全流程，能独立负责产品线，具备优秀的智能场景拆解能力；
4. 懂移动端用户体验，有基础技术理解力，数据思维强，沟通协调能力突出；
5. 加分项：有工具类/效率类/金融投研类APP经验；参与过多模态、用户画像相关产品设计；熟悉端侧AI优先。
岗位亮点：参与前沿AI创新项目打造toC产品，六险一金、带薪年假、节日福利、项目奖金、年度调薪，成长空间大。
符合京东价值观：客户为先、创新、拼搏、担当、感恩、诚信。",doubao-seed-2-0-pro-260215,12,17,15,12,10,medium,partial,候选人AI产品0-1、多场景落地能力匹配，但缺C端APP经验，需补移动端产品能力。,"['具备AI产品从0到1落地经验，主导过多类AI场景及AI中台建设', '懂LLM、RAG等相关技术，有跨团队推进、业务效果量化落地能力']","['无资深移动端APP产品相关经验，业务场景从ToB转ToC存在迁移成本', '缺少C端用户体验设计、toC产品大规模迭代相关经验沉淀']",66
京东,jd,20,AI产品经理,京东物流,北京市,2026-05-21,https://zhaopin.jd.com/web/job-info-detail?requementId=217808,"1.教育背景与经验： 本科及以上学历。具备大型互联网公司、AI产品或智能客服/SaaS产品的运营经验者优先。
2.AI与数据应用能力：
具备AI产品运营经验，对大模型（LLM）、智能体（Agent）等AI技术在实际场景中的应用和效果评估有深刻理解。
精通数据分析工具与方法，能够独立构建运营指标体系，并通过数据分析驱动运营决策与产品迭代。
3.核心素质：
具备优秀的沟通协调、项目管理与推动能力，能够高效驱动多部门资源达成运营目标。
强烈的结果导向意识、创新思维和抗压能力，善于在快速变化的环境中找到增长突破口

符合京东价值观：客户为先、创新、拼搏、担当、感恩、诚信。","将负责京东智能客服平台中，基于大模型的自助服务与人工辅助系统的运营策略、效果监控与增长工作，确保AI产品价值最大化
1. 产品应用与推广：
制定和实施智能客服自助与辅助系统的运营策略、推广计划和用户触达方案，提升产品在客户端及内部客服侧的覆盖率与使用深度。
协同产品、研发团队，将运营需求转化为产品优化点，持续迭代产品功能，以更好地满足用户需求和业务目标。
2.数据分析与效果监控：
构建和维护AI产品的核心运营指标（KPI）体系，包括但不限于解决率、ATT等。
通过深入的数据挖掘和分析，监控产品效果，识别用户体验痛点和运营瓶颈，并输出高效的运营优化与策略调整方案。
3.内容与知识库运营：
负责智能对话平台知识库、话术模型的运营维护与质量优化，确保AI回复的准确性、专业性和及时性。
基于用户反馈和数据表现，持续优化大模型的策略配置与运营参数，提升模型的应用效果。
4.跨部门协同与赋能：
作为连接产品与实际业务的关键桥梁，与运营部门、业务线紧密合作，推动AI产品在不同业务场景的规模化应用，实现AI能力对业务的有效赋能","1.教育背景与经验： 本科及以上学历。具备大型互联网公司、AI产品或智能客服/SaaS产品的运营经验者优先。
2.AI与数据应用能力：
具备AI产品运营经验，对大模型（LLM）、智能体（Agent）等AI技术在实际场景中的应用和效果评估有深刻理解。
精通数据分析工具与方法，能够独立构建运营指标体系，并通过数据分析驱动运营决策与产品迭代。
3.核心素质：
具备优秀的沟通协调、项目管理与推动能力，能够高效驱动多部门资源达成运营目标。
强烈的结果导向意识、创新思维和抗压能力，善于在快速变化的环境中找到增长突破口

符合京东价值观：客户为先、创新、拼搏、担当、感恩、诚信。","岗位职责：
将负责京东智能客服平台中，基于大模型的自助服务与人工辅助系统的运营策略、效果监控与增长工作，确保AI产品价值最大化
1. 产品应用与推广：
制定和实施智能客服自助与辅助系统的运营策略、推广计划和用户触达方案，提升产品在客户端及内部客服侧的覆盖率与使用深度。
协同产品、研发团队，将运营需求转化为产品优化点，持续迭代产品功能，以更好地满足用户需求和业务目标。
2.数据分析与效果监控：
构建和维护AI产品的核心运营指标（KPI）体系，包括但不限于解决率、ATT等。
通过深入的数据挖掘和分析，监控产品效果，识别用户体验痛点和运营瓶颈，并输出高效的运营优化与策略调整方案。
3.内容与知识库运营：
负责智能对话平台知识库、话术模型的运营维护与质量优化，确保AI回复的准确性、专业性和及时性。
基于用户反馈和数据表现，持续优化大模型的策略配置与运营参数，提升模型的应用效果。
4.跨部门协同与赋能：
作为连接产品与实际业务的关键桥梁，与运营部门、业务线紧密合作，推动AI产品在不同业务场景的规模化应用，实现AI能力对业务的有效赋能

任职要求：
1.教育背景与经验： 本科及以上学历。具备大型互联网公司、AI产品或智能客服/SaaS产品的运营经验者优先。
2.AI与数据应用能力：
具备AI产品运营经验，对大模型（LLM）、智能体（Agent）等AI技术在实际场景中的应用和效果评估有深刻理解。
精通数据分析工具与方法，能够独立构建运营指标体系，并通过数据分析驱动运营决策与产品迭代。
3.核心素质：
具备优秀的沟通协调、项目管理与推动能力，能够高效驱动多部门资源达成运营目标。
强烈的结果导向意识、创新思维和抗压能力，善于在快速变化的环境中找到增长突破口

符合京东价值观：客户为先、创新、拼搏、担当、感恩、诚信。",doubao-seed-2-0-pro-260215,12,16,15,11,12,medium,partial,候选人有企业AI产品0-1落地经验，但岗位偏AI运营、智能客服场景，缺乏对应经验需适配。,"['具备AI Agent、工作流、企业AI中台的产品设计落地经验，有0-1能力', '跨部门协作、项目推动能力较强，有可量化的AI产品落地成果']","['无智能客服领域相关经验，且岗位侧重运营增长，过往经验偏产品建设匹配度有差', '过往为国企背景，需适配互联网公司快节奏、强运营导向的工作模式']",66
京东,jd,19,AI产品经理岗,京东工业,北京市,2026-05-22,https://zhaopin.jd.com/web/job-info-detail?requementId=218031,"1. 教育背景：本科及以上学历，专业不限；
2. 工作经验：3-5年产品相关工作经验，有平台用户增长或AI产品设计经验者优先；
3. 能力要求：具备扎实的产品规划与设计能力，能够独立负责产品全生命周期管理；熟悉用户增长方法论，有通过AI技术驱动用户增长的实际项目经验；具备较强的数据分析能力，能够基于数据洞察制定产品策略；对行业趋势有敏锐的洞察力，能够将AI技术与业务场景深度融合，推动产品创新；
4. 基本素质：具备良好的沟通协调能力和团队合作精神，能够高效协同研发、运营等多方资源；具有强烈的责任心和抗压能力，能够适应快速发展业务的需求；具备创新思维和自主学习能力，乐于探索新技术与业务模式。

符合京东价值观：客户为先、创新、拼搏、担当、感恩、诚信。","1. 负责平台用户增长AI产品的规划与设计，深入分析用户行为与业务数据，制定产品策略以提升用户活跃度与留存率，推动业务增长；
2. 主导AI驱动型产品的全生命周期管理，包括需求调研、产品设计、迭代规划及上线后效果评估，确保产品目标与业务目标对齐；
3. 协同技术、运营及业务团队，推动AI模型与产品功能的落地，通过数据监控与A/B测试持续优化产品体验，提升用户满意度；
4. 跟踪人工智能与增长领域的前沿技术及行业趋势，结合业务场景进行创新应用，探索新的增长机会与产品形态；
5. 负责产品关键指标的管理与复盘，建立数据驱动的产品迭代机制，确保产品在市场竞争中保持领先优势；","1. 教育背景：本科及以上学历，专业不限；
2. 工作经验：3-5年产品相关工作经验，有平台用户增长或AI产品设计经验者优先；
3. 能力要求：具备扎实的产品规划与设计能力，能够独立负责产品全生命周期管理；熟悉用户增长方法论，有通过AI技术驱动用户增长的实际项目经验；具备较强的数据分析能力，能够基于数据洞察制定产品策略；对行业趋势有敏锐的洞察力，能够将AI技术与业务场景深度融合，推动产品创新；
4. 基本素质：具备良好的沟通协调能力和团队合作精神，能够高效协同研发、运营等多方资源；具有强烈的责任心和抗压能力，能够适应快速发展业务的需求；具备创新思维和自主学习能力，乐于探索新技术与业务模式。

符合京东价值观：客户为先、创新、拼搏、担当、感恩、诚信。","岗位职责：
1. 负责平台用户增长AI产品的规划与设计，深入分析用户行为与业务数据，制定产品策略以提升用户活跃度与留存率，推动业务增长；
2. 主导AI驱动型产品的全生命周期管理，包括需求调研、产品设计、迭代规划及上线后效果评估，确保产品目标与业务目标对齐；
3. 协同技术、运营及业务团队，推动AI模型与产品功能的落地，通过数据监控与A/B测试持续优化产品体验，提升用户满意度；
4. 跟踪人工智能与增长领域的前沿技术及行业趋势，结合业务场景进行创新应用，探索新的增长机会与产品形态；
5. 负责产品关键指标的管理与复盘，建立数据驱动的产品迭代机制，确保产品在市场竞争中保持领先优势；

任职要求：
1. 教育背景：本科及以上学历，专业不限；
2. 工作经验：3-5年产品相关工作经验，有平台用户增长或AI产品设计经验者优先；
3. 能力要求：具备扎实的产品规划与设计能力，能够独立负责产品全生命周期管理；熟悉用户增长方法论，有通过AI技术驱动用户增长的实际项目经验；具备较强的数据分析能力，能够基于数据洞察制定产品策略；对行业趋势有敏锐的洞察力，能够将AI技术与业务场景深度融合，推动产品创新；
4. 基本素质：具备良好的沟通协调能力和团队合作精神，能够高效协同研发、运营等多方资源；具有强烈的责任心和抗压能力，能够适应快速发展业务的需求；具备创新思维和自主学习能力，乐于探索新技术与业务模式。

符合京东价值观：客户为先、创新、拼搏、担当、感恩、诚信。",doubao-seed-2-0-pro-260215,7,12,14,12,11,high,weak,候选人有丰富ToB企业AI产品经验，但该岗偏C端用户增长，无对应增长类项目经验，匹配度低。,"['具备AI产品0-1落地全流程能力', '熟悉Agent、RAG、AI中台等相关技术与产品设计', '有跨部门协同推动项目上线的成熟经验']","['无用户增长相关产品经验，业务场景匹配度低', '工作年限较短，距离岗位要求的3-5年经验有差距', '过往以ToB企业服务场景为主，C端增长领域迁移成本较高']",56
京东,jd,21,供应链产品经理,京东物流,北京市,2026-05-20,https://zhaopin.jd.com/web/job-info-detail?requementId=217896,"1、熟悉物流行业及相关的系统，对该领域有一定的认知理解；
2、具有清晰的逻辑思维、结构性、学习能力强，能够快速掌握核心要点；
3、结果导向，有良好的沟通能力和团队协作精神；
4、须有较强抗压能力，须有进取心与责任心；
5、有oms/wms/tms系统经验者优先先。

符合京东价值观：客户为先、创新、拼搏、担当、感恩、诚信。","1、供应链相关系统规划、产品方案设计、需求分析、项目落地；
2、与业务各条线协同推进业务流程建设、需求调研，业务模型梳理，输出完整系统产品方案；
3、协同技术内部多团队产品、开发、测试等角色完成供应链相关系统功能的实现和落地；
4、系统范围包含：WMS仓储系统，大件系统，SCM供应链管理系统。","1、熟悉物流行业及相关的系统，对该领域有一定的认知理解；
2、具有清晰的逻辑思维、结构性、学习能力强，能够快速掌握核心要点；
3、结果导向，有良好的沟通能力和团队协作精神；
4、须有较强抗压能力，须有进取心与责任心；
5、有oms/wms/tms系统经验者优先先。

符合京东价值观：客户为先、创新、拼搏、担当、感恩、诚信。","岗位职责：
1、供应链相关系统规划、产品方案设计、需求分析、项目落地；
2、与业务各条线协同推进业务流程建设、需求调研，业务模型梳理，输出完整系统产品方案；
3、协同技术内部多团队产品、开发、测试等角色完成供应链相关系统功能的实现和落地；
4、系统范围包含：WMS仓储系统，大件系统，SCM供应链管理系统。

任职要求：
1、熟悉物流行业及相关的系统，对该领域有一定的认知理解；
2、具有清晰的逻辑思维、结构性、学习能力强，能够快速掌握核心要点；
3、结果导向，有良好的沟通能力和团队协作精神；
4、须有较强抗压能力，须有进取心与责任心；
5、有oms/wms/tms系统经验者优先先。

符合京东价值观：客户为先、创新、拼搏、担当、感恩、诚信。",doubao-seed-2-0-pro-260215,6,10,16,7,15,high,weak,候选人有AI产品落地经验，但缺少供应链物流相关系统经验，领域匹配度低。,"['具备0-1产品落地及跨团队推进能力', '逻辑清晰、学习能力强，通用素质匹配']","['无WMS/SCM等供应链系统相关经验', '过往AI产品经验与物流供应链场景迁移成本高']",54
京东,jd,47,营销产品经理,京东科技,四川省,2026-04-20,https://zhaopin.jd.com/web/job-info-detail?requementId=216031,"1. 本科及以上学历，具备从0到1或从1到N的产品成功案例，对数据驱动的营销增长有深刻理解；
2.具备卓越的业务理解能力，能够快速把握行业趋势、市场痛点及客户需求，并转化为产品策略；
3. 具备较强的学习能力和创新意识，对AI技术在营销领域的应用充满热情，并能主动探索前瞻性解决方案。

符合京东价值观：客户为先、创新、拼搏、担当、感恩、诚信。","我们是京东人工智能业务，作为京东科技集团旗下专注于以AI技术为政企客户服务的单元，致力于为零售、金融、政府、制造等各类客户提供全价值链的AI技术性产品与服务，助力千行百业的数字化转型与升级，实现高质量发展。基于自研的JoyAI大模型，为近6亿用户、75万商家提供7*24小时服务，涵盖客户服务、交互式营销、云联络中心等整体解决方案，涉及售前、售中、售后等全链条。

1. 负责AI营销产品的全生命周期运营，包括效果调优、用户增长、转化提升，确保产品商业价值最大化；
2. 深入研究并实践人群标签、用户画像、精准投放等营销策略，构建和优化AI驱动的营销运营体系；
3. 紧密关注市场动态及客户需求，通过数据分析与用户研究，洞察潜在价值点，提炼并形成可推广的AI营销方法论；
4. 持续优化AI营销产品功能及用户体验，确保产品能够有效满足市场和客户需求。","1. 本科及以上学历，具备从0到1或从1到N的产品成功案例，对数据驱动的营销增长有深刻理解；
2.具备卓越的业务理解能力，能够快速把握行业趋势、市场痛点及客户需求，并转化为产品策略；
3. 具备较强的学习能力和创新意识，对AI技术在营销领域的应用充满热情，并能主动探索前瞻性解决方案。

符合京东价值观：客户为先、创新、拼搏、担当、感恩、诚信。","岗位职责：
我们是京东人工智能业务，作为京东科技集团旗下专注于以AI技术为政企客户服务的单元，致力于为零售、金融、政府、制造等各类客户提供全价值链的AI技术性产品与服务，助力千行百业的数字化转型与升级，实现高质量发展。基于自研的JoyAI大模型，为近6亿用户、75万商家提供7*24小时服务，涵盖客户服务、交互式营销、云联络中心等整体解决方案，涉及售前、售中、售后等全链条。

1. 负责AI营销产品的全生命周期运营，包括效果调优、用户增长、转化提升，确保产品商业价值最大化；
2. 深入研究并实践人群标签、用户画像、精准投放等营销策略，构建和优化AI驱动的营销运营体系；
3. 紧密关注市场动态及客户需求，通过数据分析与用户研究，洞察潜在价值点，提炼并形成可推广的AI营销方法论；
4. 持续优化AI营销产品功能及用户体验，确保产品能够有效满足市场和客户需求。

任职要求：
1. 本科及以上学历，具备从0到1或从1到N的产品成功案例，对数据驱动的营销增长有深刻理解；
2.具备卓越的业务理解能力，能够快速把握行业趋势、市场痛点及客户需求，并转化为产品策略；
3. 具备较强的学习能力和创新意识，对AI技术在营销领域的应用充满热情，并能主动探索前瞻性解决方案。

符合京东价值观：客户为先、创新、拼搏、担当、感恩、诚信。",doubao-seed-2-0-pro-260215,8,10,12,12,10,high,weak,候选人有AI产品落地经验，但岗位为营销方向，无营销相关经历匹配度低,"['有AI产品0-1落地、企业AI中台搭建经验', '懂LLM相关技术，跨团队推进能力较强']","['无营销领域经验，对人群标签、精准投放等营销业务不熟悉', '过往经验集中在企业内部流程提效，与营销增长场景差异大']",52
京东,jd,32,产品经理岗,京东健康,北京市,2026-05-11,https://zhaopin.jd.com/web/job-info-detail?requementId=217414,"1.熟悉电商或医疗交易履约业务流程，具备3年以上产品经理工作经验，有医药电商、互联网医院、在线支付或供应链履约相关经验者优先；
2.对处方流转、医保支付、医药合规有一定理解，具备B端、C端、G端多角色协同项目经验；了解医疗行业政策法规相关经验者优先；
3.具备大型交易或履约系统的规划与实施经验，能主导复杂业务链路的产品设计，有成功项目落地案例；
4.具备良好的跨部门沟通协调能力、项目规划能力和执行落地能力，结构化思维突出。

符合京东价值观：客户为先、创新、拼搏、担当、感恩、诚信。","1.负责医院场景下药品、特医食品、健康食品及医疗服务（如线上咨询、护理、陪诊、随访等）的交易履约全链路产品设计，覆盖""患者下单-处方审核-医保支付-药品配送/服务履约""闭环；
2.负责与医院HIS系统、医保平台、药店ERP、供应商系统及京东仓配体系的对接方案设计，确保处方合规流转、支付结算、履约时效等关键环节顺畅；
3.负责交易履约数据分析与挖掘，建立履约效率、成本、体验指标体系，提出业务或流程优化方案，持续提升患者体验与运营效率；
4.负责协调医院、医保、药店、供应商、技术等多方资源，推进产品设计、开发、测试、上线全流程，保障项目按时高质量交付。","1.熟悉电商或医疗交易履约业务流程，具备3年以上产品经理工作经验，有医药电商、互联网医院、在线支付或供应链履约相关经验者优先；
2.对处方流转、医保支付、医药合规有一定理解，具备B端、C端、G端多角色协同项目经验；了解医疗行业政策法规相关经验者优先；
3.具备大型交易或履约系统的规划与实施经验，能主导复杂业务链路的产品设计，有成功项目落地案例；
4.具备良好的跨部门沟通协调能力、项目规划能力和执行落地能力，结构化思维突出。

符合京东价值观：客户为先、创新、拼搏、担当、感恩、诚信。","岗位职责：
1.负责医院场景下药品、特医食品、健康食品及医疗服务（如线上咨询、护理、陪诊、随访等）的交易履约全链路产品设计，覆盖""患者下单-处方审核-医保支付-药品配送/服务履约""闭环；
2.负责与医院HIS系统、医保平台、药店ERP、供应商系统及京东仓配体系的对接方案设计，确保处方合规流转、支付结算、履约时效等关键环节顺畅；
3.负责交易履约数据分析与挖掘，建立履约效率、成本、体验指标体系，提出业务或流程优化方案，持续提升患者体验与运营效率；
4.负责协调医院、医保、药店、供应商、技术等多方资源，推进产品设计、开发、测试、上线全流程，保障项目按时高质量交付。

任职要求：
1.熟悉电商或医疗交易履约业务流程，具备3年以上产品经理工作经验，有医药电商、互联网医院、在线支付或供应链履约相关经验者优先；
2.对处方流转、医保支付、医药合规有一定理解，具备B端、C端、G端多角色协同项目经验；了解医疗行业政策法规相关经验者优先；
3.具备大型交易或履约系统的规划与实施经验，能主导复杂业务链路的产品设计，有成功项目落地案例；
4.具备良好的跨部门沟通协调能力、项目规划能力和执行落地能力，结构化思维突出。

符合京东价值观：客户为先、创新、拼搏、担当、感恩、诚信。",doubao-seed-2-0-pro-260215,5,7,15,10,15,high,weak,候选人有AI产品落地能力，但无医疗电商履约相关经验，业务匹配度低，跨领域迁移成本高。,"['有丰富AI产品0-1落地经验', '跨团队协调与项目推进能力强']","['无医疗/医药电商履约相关业务沉淀', '缺乏处方流转、医保合规等领域经验']",52
京东,jd,14,应用产品经理,京东科技,北京市,2026-05-28,https://zhaopin.jd.com/web/job-info-detail?requementId=215589,"1. 本科及以上，5年+移动端APP产品经验，有完整0-1或大规模迭代经验；
2. 2年+智能应用/AI相关产品经验（智能助手、大模型应用等优先）；
3. 精通产品设计全流程，能独立负责产品线，具备优秀的智能场景拆解能力；
4. 懂移动端用户体验，有基础技术理解力，数据思维强，沟通协调能力突出；
5. 加分项：有工具类/效率类/金融投研类APP经验；参与过多模态、用户画像相关产品设计；熟悉端侧AI优先。
岗位亮点：参与前沿AI创新项目打造toC产品，六险一金、带薪年假、节日福利、项目奖金、年度调薪，成长空间大。
符合京东价值观：客户为先、创新、拼搏、担当、感恩、诚信。","我们是京东云，作为京东集团面向企业、政府等机构的技术服务品牌，是更懂产业的数智化解决方案提供商，致力于为企业、金融机构、政府等各类客户提供以供应链为基础的数智化解决方案。依托公、专、混的全栈式云产品矩阵，我们融合了人工智能、大数据、物联网等前沿科技，在零售、物流、健康、智能城市、金融科技等行业领域为客户提供了丰富的产品与数字化解决方案，帮助客户降低成本、提升效率，是值得信赖的产业数字合作伙伴。

负责核心智能应用及移动端APP全流程管理，结合AI大模型、多模态交互，设计高价值智能场景，打造差异化APP产品，推动从0到1/1到N迭代落地；
1. 负责APP及智能应用产品线规划，制定迭代路线图，明确产品定位与核心价值；
2. 主导AI智能场景设计（AI助手、个性化服务、多模态处理等），将AI技术转化为实用功能；
3. 统筹APP全流程（需求调研、原型/PRD、评审上线），兼顾移动端体验与业务闭环；
4. 协同研发、算法等团队，推动项目落地，通过数据驱动产品迭代优化；
5. 跟踪行业及竞品动态，输出洞察，助力产品创新。","1. 本科及以上，5年+移动端APP产品经验，有完整0-1或大规模迭代经验；
2. 2年+智能应用/AI相关产品经验（智能助手、大模型应用等优先）；
3. 精通产品设计全流程，能独立负责产品线，具备优秀的智能场景拆解能力；
4. 懂移动端用户体验，有基础技术理解力，数据思维强，沟通协调能力突出；
5. 加分项：有工具类/效率类/金融投研类APP经验；参与过多模态、用户画像相关产品设计；熟悉端侧AI优先。
岗位亮点：参与前沿AI创新项目打造toC产品，六险一金、带薪年假、节日福利、项目奖金、年度调薪，成长空间大。
符合京东价值观：客户为先、创新、拼搏、担当、感恩、诚信。","岗位职责：
我们是京东云，作为京东集团面向企业、政府等机构的技术服务品牌，是更懂产业的数智化解决方案提供商，致力于为企业、金融机构、政府等各类客户提供以供应链为基础的数智化解决方案。依托公、专、混的全栈式云产品矩阵，我们融合了人工智能、大数据、物联网等前沿科技，在零售、物流、健康、智能城市、金融科技等行业领域为客户提供了丰富的产品与数字化解决方案，帮助客户降低成本、提升效率，是值得信赖的产业数字合作伙伴。

负责核心智能应用及移动端APP全流程管理，结合AI大模型、多模态交互，设计高价值智能场景，打造差异化APP产品，推动从0到1/1到N迭代落地；
1. 负责APP及智能应用产品线规划，制定迭代路线图，明确产品定位与核心价值；
2. 主导AI智能场景设计（AI助手、个性化服务、多模态处理等），将AI技术转化为实用功能；
3. 统筹APP全流程（需求调研、原型/PRD、评审上线），兼顾移动端体验与业务闭环；
4. 协同研发、算法等团队，推动项目落地，通过数据驱动产品迭代优化；
5. 跟踪行业及竞品动态，输出洞察，助力产品创新。

任职要求：
1. 本科及以上，5年+移动端APP产品经验，有完整0-1或大规模迭代经验；
2. 2年+智能应用/AI相关产品经验（智能助手、大模型应用等优先）；
3. 精通产品设计全流程，能独立负责产品线，具备优秀的智能场景拆解能力；
4. 懂移动端用户体验，有基础技术理解力，数据思维强，沟通协调能力突出；
5. 加分项：有工具类/效率类/金融投研类APP经验；参与过多模态、用户画像相关产品设计；熟悉端侧AI优先。
岗位亮点：参与前沿AI创新项目打造toC产品，六险一金、带薪年假、节日福利、项目奖金、年度调薪，成长空间大。
符合京东价值观：客户为先、创新、拼搏、担当、感恩、诚信。",doubao-seed-2-0-pro-260215,10,12,10,10,10,high,weak,候选人有ToB AI产品0-1落地经验，但岗位需5年移动端APP经验且主打ToC产品，匹配度低,"['有多类AI场景从0到1落地经验', '具备AI中台、Agent、RAG相关产品设计能力', '有跨部门推动产品上线复盘的实践']","['无移动端APP产品相关经验', '过往以ToB企业服务为主，缺乏ToC产品经验', '工作年限远低于岗位要求的5年']",52
京东,jd,66,产品经理,京东健康,北京市,2026-03-16,https://zhaopin.jd.com/web/job-info-detail?requementId=213593,"1.本科及以上学历，计算机、软件工程等相关专业优先；3 年及以上C 端用户/增长产品经理经验，至少 1 年以上AI工具 / 应用相关产品经验；
2.具备较强的AI技术转化能力，能理解基础 AI 算法逻辑，将 AI 能力转化为C端创新功能；
3.拥有完整的C端产品从0到1或从1到N的落地经验，熟悉产品全生命周期管理，能独立完成需求规划、方案设计、落地推进；
4.具备增长思维，有通过产品优化、运营策略推动用户增长、留存提升的实际案例者优先加分。

符合京东价值观：客户为先、创新、拼搏、担当、感恩、诚信。","1.负责平台App内AI能力的落地与迭代，结合C端用户需求，将AI技术转化为可落地的产品功能与创新场景，提升用户体验与产品价值；
2. 深度挖掘C端用户痛点与使用习惯，规划AI功能的产品路线及迭代优化；
3. 基于用户数据与行为分析，持续优化AI功能的效果与体验，制定增长策略，提升用户活跃度、留存率及核心业务指标；
4. 关注行业AI产品趋势与技术动态，结合平台业务，探索AI在C端场景的创新应用，打造差异化产品竞争力。","1.本科及以上学历，计算机、软件工程等相关专业优先；3 年及以上C 端用户/增长产品经理经验，至少 1 年以上AI工具 / 应用相关产品经验；
2.具备较强的AI技术转化能力，能理解基础 AI 算法逻辑，将 AI 能力转化为C端创新功能；
3.拥有完整的C端产品从0到1或从1到N的落地经验，熟悉产品全生命周期管理，能独立完成需求规划、方案设计、落地推进；
4.具备增长思维，有通过产品优化、运营策略推动用户增长、留存提升的实际案例者优先加分。

符合京东价值观：客户为先、创新、拼搏、担当、感恩、诚信。","岗位职责：
1.负责平台App内AI能力的落地与迭代，结合C端用户需求，将AI技术转化为可落地的产品功能与创新场景，提升用户体验与产品价值；
2. 深度挖掘C端用户痛点与使用习惯，规划AI功能的产品路线及迭代优化；
3. 基于用户数据与行为分析，持续优化AI功能的效果与体验，制定增长策略，提升用户活跃度、留存率及核心业务指标；
4. 关注行业AI产品趋势与技术动态，结合平台业务，探索AI在C端场景的创新应用，打造差异化产品竞争力。

任职要求：
1.本科及以上学历，计算机、软件工程等相关专业优先；3 年及以上C 端用户/增长产品经理经验，至少 1 年以上AI工具 / 应用相关产品经验；
2.具备较强的AI技术转化能力，能理解基础 AI 算法逻辑，将 AI 能力转化为C端创新功能；
3.拥有完整的C端产品从0到1或从1到N的落地经验，熟悉产品全生命周期管理，能独立完成需求规划、方案设计、落地推进；
4.具备增长思维，有通过产品优化、运营策略推动用户增长、留存提升的实际案例者优先加分。

符合京东价值观：客户为先、创新、拼搏、担当、感恩、诚信。",doubao-seed-2-0-pro-260215,5,10,12,12,10,high,weak,候选人擅长ToB企业AI场景，无C端健康领域及增长运营经验，匹配度低。,"['有AI产品0-1落地及跨部门推进经验', '熟悉LLM、Agent、AI中台等相关技术能力']","['无C端产品尤其是健康类C端业务经验', '缺乏用户增长、C端用户运营相关沉淀']",49
京东,jd,54,产品经理,京东物流,北京市,2026-04-10,https://zhaopin.jd.com/web/job-info-detail?requementId=214731,"1.本科及以上学历，计算机、电子、自动化、物流等相关专业；
2.具有产品开发及产品管理经验，做过物流自动化产品优先；
3.具备智能硬件、机器人等产品设计能力；
4.良好的客户需求分析、挖掘能力，丰富的行业经验；
5.良好的沟通协调能力；
6.有较强的工作主动性，有创新意识和团队合作精神，能够承受压力并达成目标。

符合京东价值观：客户为先、创新、拼搏、担当、感恩、诚信。","1.负责业务场景调研分析，关注行业动向、竞品动态，输出相应的调研分析和竞品分析等文档；
2.挖掘用户需求和痛点，输出产品相关需求文档，包括BRD、MRD、PRD等，提出产品改进方案及新创意，输出方案文档、业务流程、原型设计等；
3.负责仓储自动化产品定义和设计、研发落地协调、产品材料设计、持续优化升级迭代的完整生命周期管理、产品线的Roadmap规划；
4.根据客户业务特点，进行物流方案及流程设计，对客户的运营数据进行分析，提炼业务特征，进行针对性的改进和优化；
5.负责跟进项目的技术交流及跟踪，完成方案文件，与客户讲解交流；
6.为项目提供投标技术支持，负责和参与投标的工作，并配合完成相关技术部分的澄清。","1.本科及以上学历，计算机、电子、自动化、物流等相关专业；
2.具有产品开发及产品管理经验，做过物流自动化产品优先；
3.具备智能硬件、机器人等产品设计能力；
4.良好的客户需求分析、挖掘能力，丰富的行业经验；
5.良好的沟通协调能力；
6.有较强的工作主动性，有创新意识和团队合作精神，能够承受压力并达成目标。

符合京东价值观：客户为先、创新、拼搏、担当、感恩、诚信。","岗位职责：
1.负责业务场景调研分析，关注行业动向、竞品动态，输出相应的调研分析和竞品分析等文档；
2.挖掘用户需求和痛点，输出产品相关需求文档，包括BRD、MRD、PRD等，提出产品改进方案及新创意，输出方案文档、业务流程、原型设计等；
3.负责仓储自动化产品定义和设计、研发落地协调、产品材料设计、持续优化升级迭代的完整生命周期管理、产品线的Roadmap规划；
4.根据客户业务特点，进行物流方案及流程设计，对客户的运营数据进行分析，提炼业务特征，进行针对性的改进和优化；
5.负责跟进项目的技术交流及跟踪，完成方案文件，与客户讲解交流；
6.为项目提供投标技术支持，负责和参与投标的工作，并配合完成相关技术部分的澄清。

任职要求：
1.本科及以上学历，计算机、电子、自动化、物流等相关专业；
2.具有产品开发及产品管理经验，做过物流自动化产品优先；
3.具备智能硬件、机器人等产品设计能力；
4.良好的客户需求分析、挖掘能力，丰富的行业经验；
5.良好的沟通协调能力；
6.有较强的工作主动性，有创新意识和团队合作精神，能够承受压力并达成目标。

符合京东价值观：客户为先、创新、拼搏、担当、感恩、诚信。",doubao-seed-2-0-pro-260215,5,8,12,10,14,high,weak,候选人有AI产品落地经验，但岗位侧重物流仓储自动化，业务场景差异大，无相关领域沉淀。,"['具备AI产品0-1落地、跨团队推进经验', '懂AI相关技术，有中台、Agent设计经验']","['无物流自动化、智能硬件/机器人相关产品经验', '业务场景适配需要较高迁移成本']",49
京东,jd,29,WMS产品经理,京东物流,北京市,2026-05-12,https://zhaopin.jd.com/web/job-info-detail?requementId=217471,"1、熟悉物流行业及相关的系统，对该领域有一定的认知理解；
2、具有清晰的逻辑思维、结构性、学习能力强，能够快速掌握核心要点；
3、结果导向，有良好的沟通能力和团队协作精神；
4、须有较强抗压能力，须有进取心与责任心；
5、有oms/wms/tms系统经验者优先先。

符合京东价值观：客户为先、创新、拼搏、担当、感恩、诚信。","1、供应链相关系统规划、产品方案设计、需求分析、项目落地；
2、与业务各条线协同推进业务流程建设、需求调研，业务模型梳理，输出完整系统产品方案；
3、协同技术内部多团队产品、开发、测试等角色完成供应链相关系统功能的实现和落地；
4、系统范围包含：WMS仓储系统，大件系统，SCM管理系统。","1、熟悉物流行业及相关的系统，对该领域有一定的认知理解；
2、具有清晰的逻辑思维、结构性、学习能力强，能够快速掌握核心要点；
3、结果导向，有良好的沟通能力和团队协作精神；
4、须有较强抗压能力，须有进取心与责任心；
5、有oms/wms/tms系统经验者优先先。

符合京东价值观：客户为先、创新、拼搏、担当、感恩、诚信。","岗位职责：
1、供应链相关系统规划、产品方案设计、需求分析、项目落地；
2、与业务各条线协同推进业务流程建设、需求调研，业务模型梳理，输出完整系统产品方案；
3、协同技术内部多团队产品、开发、测试等角色完成供应链相关系统功能的实现和落地；
4、系统范围包含：WMS仓储系统，大件系统，SCM管理系统。

任职要求：
1、熟悉物流行业及相关的系统，对该领域有一定的认知理解；
2、具有清晰的逻辑思维、结构性、学习能力强，能够快速掌握核心要点；
3、结果导向，有良好的沟通能力和团队协作精神；
4、须有较强抗压能力，须有进取心与责任心；
5、有oms/wms/tms系统经验者优先先。

符合京东价值观：客户为先、创新、拼搏、担当、感恩、诚信。",doubao-seed-2-0-pro-260215,5,10,15,7,12,high,weak,候选人无物流WMS相关经验，AI产品经历与供应链系统场景匹配度低，仅通用能力部分适配,"['有跨团队推进0-1产品落地的经验', '逻辑清晰、学习能力强，具备通用产品素养']","['无物流WMS/OMS/TMS相关领域经验，迁移成本高', '过往AI产品经验与供应链系统岗位需求匹配度极低']",49
京东,jd,63,WMS产品经理,京东物流,北京市,2026-03-30,https://zhaopin.jd.com/web/job-info-detail?requementId=214032,"1、熟悉物流行业及相关的系统，对该领域有一定的认知理解；
2、具有清晰的逻辑思维、结构性、学习能力强，能够快速掌握核心要点；
3、结果导向，有良好的沟通能力和团队协作精神；
4、须有较强抗压能力，须有进取心与责任心；
5、有oms/wms/tms系统经验者优先先。

符合京东价值观：客户为先、创新、拼搏、担当、感恩、诚信。","1、供应链相关系统规划、产品方案设计、需求分析、项目落地；
2、与业务各条线协同推进业务流程建设、需求调研，业务模型梳理，输出完整系统产品方案；
3、协同技术内部多团队产品、开发、测试等角色完成供应链相关系统功能的实现和落地；
4、系统范围包含：大件系统，WMS相关系统，到仓系统。","1、熟悉物流行业及相关的系统，对该领域有一定的认知理解；
2、具有清晰的逻辑思维、结构性、学习能力强，能够快速掌握核心要点；
3、结果导向，有良好的沟通能力和团队协作精神；
4、须有较强抗压能力，须有进取心与责任心；
5、有oms/wms/tms系统经验者优先先。

符合京东价值观：客户为先、创新、拼搏、担当、感恩、诚信。","岗位职责：
1、供应链相关系统规划、产品方案设计、需求分析、项目落地；
2、与业务各条线协同推进业务流程建设、需求调研，业务模型梳理，输出完整系统产品方案；
3、协同技术内部多团队产品、开发、测试等角色完成供应链相关系统功能的实现和落地；
4、系统范围包含：大件系统，WMS相关系统，到仓系统。

任职要求：
1、熟悉物流行业及相关的系统，对该领域有一定的认知理解；
2、具有清晰的逻辑思维、结构性、学习能力强，能够快速掌握核心要点；
3、结果导向，有良好的沟通能力和团队协作精神；
4、须有较强抗压能力，须有进取心与责任心；
5、有oms/wms/tms系统经验者优先先。

符合京东价值观：客户为先、创新、拼搏、担当、感恩、诚信。",doubao-seed-2-0-pro-260215,5,8,12,10,13,high,weak,候选人无物流WMS相关经验，AI能力与岗位匹配度低，仅通用能力可迁移，适配成本高。,"['有跨部门推进产品从0到1落地经验', '逻辑清晰，具备较强的业务痛点识别能力']","['无物流WMS相关领域经验', '岗位非AI方向，现有AI相关经验无法复用']",48
京东,jd,64,即时履约高级产品经理,京东物流,北京市,2026-03-30,https://zhaopin.jd.com/web/job-info-detail?requementId=212611,"1、3年及以上的供应链、物流、电商，或本地生活行业工作经验；
2、优秀的逻辑思考和推理能力，善于将复杂的问题简化，透过表象看问题本质；
3、具备商业思维，具备创新精神；
4、可以自我驱动，结果导向，按照既定目标交付结果；
5、良好的沟通能力，不仅可以协调内部资源，并可以推动外部资源，以及影响业务。

符合京东价值观：客户为先、创新、拼搏、担当、感恩、诚信。","1、深入理解业务战略，围绕本地生活、即时履约场景，设计输出整体产品解决方案；
2、熟悉本地生活业务场景，擅长营销、用户运营、用户增长方向，或OMS、WMS、即时配送方向；
3、能够将业务需求转化为产品方案，完成产品路线图规划；沟通和协调技术团队，推进需求的实现；
4、通过数据分析，或现场调研等方式识别业务痛点，通过抽象化思维和产品化定义提出创新型解决方案，持续优化产品；
5、可以应用行业先进技术和方案，不断丰富产品和技术的解决方案，主动为业务赋能；
6、产品方向：京东服务+、前置仓等。","1、3年及以上的供应链、物流、电商，或本地生活行业工作经验；
2、优秀的逻辑思考和推理能力，善于将复杂的问题简化，透过表象看问题本质；
3、具备商业思维，具备创新精神；
4、可以自我驱动，结果导向，按照既定目标交付结果；
5、良好的沟通能力，不仅可以协调内部资源，并可以推动外部资源，以及影响业务。

符合京东价值观：客户为先、创新、拼搏、担当、感恩、诚信。","岗位职责：
1、深入理解业务战略，围绕本地生活、即时履约场景，设计输出整体产品解决方案；
2、熟悉本地生活业务场景，擅长营销、用户运营、用户增长方向，或OMS、WMS、即时配送方向；
3、能够将业务需求转化为产品方案，完成产品路线图规划；沟通和协调技术团队，推进需求的实现；
4、通过数据分析，或现场调研等方式识别业务痛点，通过抽象化思维和产品化定义提出创新型解决方案，持续优化产品；
5、可以应用行业先进技术和方案，不断丰富产品和技术的解决方案，主动为业务赋能；
6、产品方向：京东服务+、前置仓等。

任职要求：
1、3年及以上的供应链、物流、电商，或本地生活行业工作经验；
2、优秀的逻辑思考和推理能力，善于将复杂的问题简化，透过表象看问题本质；
3、具备商业思维，具备创新精神；
4、可以自我驱动，结果导向，按照既定目标交付结果；
5、良好的沟通能力，不仅可以协调内部资源，并可以推动外部资源，以及影响业务。

符合京东价值观：客户为先、创新、拼搏、担当、感恩、诚信。",doubao-seed-2-0-pro-260215,5,8,15,5,15,high,weak,候选人深耕企业AI产品领域，无京东物流即时履约相关行业经验，业务匹配度极低，岗位不涉及AI能力要求。,"['具备丰富AI产品0-1落地及跨部门推进经验', '有企业级中台、多场景AI应用落地成果']","['无供应链、物流、本地生活相关行业沉淀', '岗位不涉及AI方向，过往AI相关经验复用度极低']",48
京东,jd,28,平台产品经理,京东物流,北京市,2026-05-13,https://zhaopin.jd.com/web/job-info-detail?requementId=217516,"1.3年及以上互联网、电商平台、物流行业B端产品经验；有订单交易、订单履约、OMS产品及物流供应链行业相关工作经验优先。
2.出色的逻辑思维能力、业务抽象能力，可以将复杂业务场景下的需求结构化、产品化，善于提炼重点、归纳总结。
3.优秀的产品创新能力与激情，善于通过互联网及平台化产品技术模式，突破传统行业壁垒。
4.抗压能力强，心智坚定，结果导向明确，强有力的产品推动力和执行力。

符合京东价值观：客户为先、创新、拼搏、担当、感恩、诚信。","1.负责京东物流核心交易履约链路平台产品规划与建设。
2.强烈的产品owner意识，推动所负责产品线迭代优化，高效执行，有效支撑业务战略落地。
3.优秀的产品抽象能力，可以在复杂繁多的业务需求中抽象平台产品通用能力，同时通过产品创新，助力平台产品长期能力建设。
4.跨部门沟通协作，高效协同。","1.3年及以上互联网、电商平台、物流行业B端产品经验；有订单交易、订单履约、OMS产品及物流供应链行业相关工作经验优先。
2.出色的逻辑思维能力、业务抽象能力，可以将复杂业务场景下的需求结构化、产品化，善于提炼重点、归纳总结。
3.优秀的产品创新能力与激情，善于通过互联网及平台化产品技术模式，突破传统行业壁垒。
4.抗压能力强，心智坚定，结果导向明确，强有力的产品推动力和执行力。

符合京东价值观：客户为先、创新、拼搏、担当、感恩、诚信。","岗位职责：
1.负责京东物流核心交易履约链路平台产品规划与建设。
2.强烈的产品owner意识，推动所负责产品线迭代优化，高效执行，有效支撑业务战略落地。
3.优秀的产品抽象能力，可以在复杂繁多的业务需求中抽象平台产品通用能力，同时通过产品创新，助力平台产品长期能力建设。
4.跨部门沟通协作，高效协同。

任职要求：
1.3年及以上互联网、电商平台、物流行业B端产品经验；有订单交易、订单履约、OMS产品及物流供应链行业相关工作经验优先。
2.出色的逻辑思维能力、业务抽象能力，可以将复杂业务场景下的需求结构化、产品化，善于提炼重点、归纳总结。
3.优秀的产品创新能力与激情，善于通过互联网及平台化产品技术模式，突破传统行业壁垒。
4.抗压能力强，心智坚定，结果导向明确，强有力的产品推动力和执行力。

符合京东价值观：客户为先、创新、拼搏、担当、感恩、诚信。",doubao-seed-2-0-pro-260215,5,8,12,7,15,high,weak,候选人深耕企业AI产品领域，无物流履约、交易链路相关经验，业务场景匹配度极低。,"['有AI产品0-1落地经验，跨部门推进能力强', '具备B端平台产品抽象与复用设计经验']","['无物流、电商交易履约相关业务经验，迁移成本高', '岗位无AI相关要求，候选人AI能力难以发挥']",47
京东,jd,27,应用产品经理,京东科技,北京市,2026-05-14,https://zhaopin.jd.com/web/job-info-detail?requementId=217605,"1. 本科及以上，5年+移动端APP产品经验，有完整0-1或大规模迭代经验；
2. 2年+智能应用/AI相关产品经验（智能助手、大模型应用等优先）；
3. 精通产品设计全流程，能独立负责产品线，具备优秀的智能场景拆解能力；
4. 懂移动端用户体验，有基础技术理解力，数据思维强，沟通协调能力突出；
5. 加分项：有工具类/效率类/金融投研类APP经验；参与过多模态、用户画像相关产品设计；熟悉端侧AI优先。
岗位亮点：参与前沿AI创新项目打造toC产品，六险一金、带薪年假、节日福利、项目奖金、年度调薪，成长空间大。
符合京东价值观：客户为先、创新、拼搏、担当、感恩、诚信。","我们是京东云，作为京东集团面向企业、政府等机构的技术服务品牌，是更懂产业的数智化解决方案提供商，致力于为企业、金融机构、政府等各类客户提供以供应链为基础的数智化解决方案。依托公、专、混的全栈式云产品矩阵，我们融合了人工智能、大数据、物联网等前沿科技，在零售、物流、健康、智能城市、金融科技等行业领域为客户提供了丰富的产品与数字化解决方案，帮助客户降低成本、提升效率，是值得信赖的产业数字合作伙伴。

负责核心智能应用及移动端APP全流程管理，结合AI大模型、多模态交互，设计高价值智能场景，打造差异化APP产品，推动从0到1/1到N迭代落地；
1. 负责APP及智能应用产品线规划，制定迭代路线图，明确产品定位与核心价值；
2. 主导AI智能场景设计（AI助手、个性化服务、多模态处理等），将AI技术转化为实用功能；
3. 统筹APP全流程（需求调研、原型/PRD、评审上线），兼顾移动端体验与业务闭环；
4. 协同研发、算法等团队，推动项目落地，通过数据驱动产品迭代优化；
5. 跟踪行业及竞品动态，输出洞察，助力产品创新。","1. 本科及以上，5年+移动端APP产品经验，有完整0-1或大规模迭代经验；
2. 2年+智能应用/AI相关产品经验（智能助手、大模型应用等优先）；
3. 精通产品设计全流程，能独立负责产品线，具备优秀的智能场景拆解能力；
4. 懂移动端用户体验，有基础技术理解力，数据思维强，沟通协调能力突出；
5. 加分项：有工具类/效率类/金融投研类APP经验；参与过多模态、用户画像相关产品设计；熟悉端侧AI优先。
岗位亮点：参与前沿AI创新项目打造toC产品，六险一金、带薪年假、节日福利、项目奖金、年度调薪，成长空间大。
符合京东价值观：客户为先、创新、拼搏、担当、感恩、诚信。","岗位职责：
我们是京东云，作为京东集团面向企业、政府等机构的技术服务品牌，是更懂产业的数智化解决方案提供商，致力于为企业、金融机构、政府等各类客户提供以供应链为基础的数智化解决方案。依托公、专、混的全栈式云产品矩阵，我们融合了人工智能、大数据、物联网等前沿科技，在零售、物流、健康、智能城市、金融科技等行业领域为客户提供了丰富的产品与数字化解决方案，帮助客户降低成本、提升效率，是值得信赖的产业数字合作伙伴。

负责核心智能应用及移动端APP全流程管理，结合AI大模型、多模态交互，设计高价值智能场景，打造差异化APP产品，推动从0到1/1到N迭代落地；
1. 负责APP及智能应用产品线规划，制定迭代路线图，明确产品定位与核心价值；
2. 主导AI智能场景设计（AI助手、个性化服务、多模态处理等），将AI技术转化为实用功能；
3. 统筹APP全流程（需求调研、原型/PRD、评审上线），兼顾移动端体验与业务闭环；
4. 协同研发、算法等团队，推动项目落地，通过数据驱动产品迭代优化；
5. 跟踪行业及竞品动态，输出洞察，助力产品创新。

任职要求：
1. 本科及以上，5年+移动端APP产品经验，有完整0-1或大规模迭代经验；
2. 2年+智能应用/AI相关产品经验（智能助手、大模型应用等优先）；
3. 精通产品设计全流程，能独立负责产品线，具备优秀的智能场景拆解能力；
4. 懂移动端用户体验，有基础技术理解力，数据思维强，沟通协调能力突出；
5. 加分项：有工具类/效率类/金融投研类APP经验；参与过多模态、用户画像相关产品设计；熟悉端侧AI优先。
岗位亮点：参与前沿AI创新项目打造toC产品，六险一金、带薪年假、节日福利、项目奖金、年度调薪，成长空间大。
符合京东价值观：客户为先、创新、拼搏、担当、感恩、诚信。",doubao-seed-2-0-pro-260215,8,10,10,12,7,high,weak,候选人AI产品能力匹配但缺乏移动端APP经验，且岗位偏ToC，现有经验集中ToB企业服务，迁移成本高。,"['具备丰富AI产品0-1落地经验，熟悉Agent、RAG等技术方案', '有跨团队推进、AI中台及多场景AI产品建设能力']","['无移动端APP产品相关经验，不符合岗位核心年限要求', '过往经验集中ToB企业服务，对ToC移动端用户体验认知不足']",47
京东,jd,1,AI产品经理,京东零售,北京市,2026-06-08,https://zhaopin.jd.com/web/job-info-detail?requementId=218961,"本科及以上学历，3年以上互联网产品经理经验；
具备AI产品相关工作经验，熟悉大模型、智能推荐、智能交互等AI应用场景，能将AI能力转化为用户价值；
具备较强的数据分析能力，善于通过数据发现问题、验证假设、驱动产品优化；
对用户体验有深刻理解，能从用户视角出发提出产品改进方案；
优秀的跨团队协作与沟通能力，能高效推动项目落地；
有消息推送、用户增长或用户型产品经验者优先。

符合京东价值观：客户为先、创新、拼搏、担当、感恩、诚信。","负责京东用户产品及消息推送体系的产品规划与迭代优化，深入洞察用户需求，持续提升产品体验与用户满意度；
主导APP二楼产品的规划设计与落地实施，构建完整的用户服务链路；
规划并推动用户端AI场景的落地应用，探索AI技术与用户产品的结合点，制定产品策略并推动目标达成；
建立产品数据监控体系，通过数据分析驱动产品决策，根据市场反馈及时调整产品方向与迭代节奏。","本科及以上学历，3年以上互联网产品经理经验；
具备AI产品相关工作经验，熟悉大模型、智能推荐、智能交互等AI应用场景，能将AI能力转化为用户价值；
具备较强的数据分析能力，善于通过数据发现问题、验证假设、驱动产品优化；
对用户体验有深刻理解，能从用户视角出发提出产品改进方案；
优秀的跨团队协作与沟通能力，能高效推动项目落地；
有消息推送、用户增长或用户型产品经验者优先。

符合京东价值观：客户为先、创新、拼搏、担当、感恩、诚信。","岗位职责：
负责京东用户产品及消息推送体系的产品规划与迭代优化，深入洞察用户需求，持续提升产品体验与用户满意度；
主导APP二楼产品的规划设计与落地实施，构建完整的用户服务链路；
规划并推动用户端AI场景的落地应用，探索AI技术与用户产品的结合点，制定产品策略并推动目标达成；
建立产品数据监控体系，通过数据分析驱动产品决策，根据市场反馈及时调整产品方向与迭代节奏。

任职要求：
本科及以上学历，3年以上互联网产品经理经验；
具备AI产品相关工作经验，熟悉大模型、智能推荐、智能交互等AI应用场景，能将AI能力转化为用户价值；
具备较强的数据分析能力，善于通过数据发现问题、验证假设、驱动产品优化；
对用户体验有深刻理解，能从用户视角出发提出产品改进方案；
优秀的跨团队协作与沟通能力，能高效推动项目落地；
有消息推送、用户增长或用户型产品经验者优先。

符合京东价值观：客户为先、创新、拼搏、担当、感恩、诚信。",doubao-seed-2-0-pro-260215,5,10,10,8,13,high,weak,候选人擅长ToB企业AI场景，岗位为零售C端用户/增长类AI产品，场景匹配度低，无C端相关经验。,"['有AI产品0-1落地经验，跨部门推进能力强', '熟悉大模型、Agent、RAG等相关技术与产品设计']","['无C端用户产品、消息推送、用户增长相关经验', '过往均为ToB企业服务场景，转向C端零售场景迁移成本高']",46
京东,jd,39,物资管理-供应链高级产品经理,京东物流,北京市,2026-04-28,https://zhaopin.jd.com/web/job-info-detail?requementId=216759,"二、任职要求
1.学历：本科及以上学历，物流管理、供应链管理、工业工程、信息技术等相关专业优先
2.行业经验：有物资管理、供应链或物流领域的经验。精通设备、流转容器、工服、耗材等物资的全生命周期管理流程。熟悉物联网（IoT）在物资管理中的应用场景（如RFID、传感器追踪）；能持续关注行业趋势，快速吸收新知识并应用于实践。
3.产品经理能力：具备复杂业务流程的产品化能力，能输出高质量的PRD、流程图、原型设计。具备较强的项目推动力与跨部门协调能力。
 加分项：大型零售或物流企业物资管理信息化项目经验；精通山姆、亚马逊、沃尔玛、日企等企业的物资管理最佳实践者优先
1）新零售与商超： 永辉超市、华联、物美、百果园、无印良品等。
2）电商与本地生活： 特别是优选、小象超市、美菜、亚马逊、转转、各类跨境电商平台。
3）生产制造与工业： 海尔、各类车企（熟悉其工厂端运作）。
4）专业物流： 中外运敦豪（DHL）等

符合京东价值观：客户为先、创新、拼搏、担当、感恩、诚信。","一、JD：岗位名称：技术产品经理-物资管理高级产品经理
核心职责：负责京东物流集团物资管理信息化体系的产品规划与落地，聚焦设备、流转容器（托盘、保温箱等）工服、耗材等物资的全生命周期线上化管理，通过数字化解决方案提升物资使用效率、降低运营成本、优化资源配置。
具体岗位描述：
1.产品规划与设计：负责物资管理产品线的整体规划，制定中长期产品路线图；设计物资全生命周期管理流程（采购、入库、领用、调拨、维修、报废、处置等）；输出产品需求文档（PRD）。
2.跨部门协同：与规划、运营、招采、财务等部门协作，打通物资管理闭环；推动物资管理系统与生产系统的打通。
3.项目推进与落地：主导物资管理信息化项目的需求分析、优先级排序、里程碑制定；协调研发、测试、运维团队，确保项目按时高质量交付；监控项目进展，管理风险，确保业务目标达成。
4.数据分析与优化：建立物资管理关键指标体系（如周转率、利用率、报废率）；通过数据分析识别优化点，持续迭代产品功能；输出物资管理效能报告，支持管理层决策。","二、任职要求
1.学历：本科及以上学历，物流管理、供应链管理、工业工程、信息技术等相关专业优先
2.行业经验：有物资管理、供应链或物流领域的经验。精通设备、流转容器、工服、耗材等物资的全生命周期管理流程。熟悉物联网（IoT）在物资管理中的应用场景（如RFID、传感器追踪）；能持续关注行业趋势，快速吸收新知识并应用于实践。
3.产品经理能力：具备复杂业务流程的产品化能力，能输出高质量的PRD、流程图、原型设计。具备较强的项目推动力与跨部门协调能力。
 加分项：大型零售或物流企业物资管理信息化项目经验；精通山姆、亚马逊、沃尔玛、日企等企业的物资管理最佳实践者优先
1）新零售与商超： 永辉超市、华联、物美、百果园、无印良品等。
2）电商与本地生活： 特别是优选、小象超市、美菜、亚马逊、转转、各类跨境电商平台。
3）生产制造与工业： 海尔、各类车企（熟悉其工厂端运作）。
4）专业物流： 中外运敦豪（DHL）等

符合京东价值观：客户为先、创新、拼搏、担当、感恩、诚信。","岗位职责：
一、JD：岗位名称：技术产品经理-物资管理高级产品经理
核心职责：负责京东物流集团物资管理信息化体系的产品规划与落地，聚焦设备、流转容器（托盘、保温箱等）工服、耗材等物资的全生命周期线上化管理，通过数字化解决方案提升物资使用效率、降低运营成本、优化资源配置。
具体岗位描述：
1.产品规划与设计：负责物资管理产品线的整体规划，制定中长期产品路线图；设计物资全生命周期管理流程（采购、入库、领用、调拨、维修、报废、处置等）；输出产品需求文档（PRD）。
2.跨部门协同：与规划、运营、招采、财务等部门协作，打通物资管理闭环；推动物资管理系统与生产系统的打通。
3.项目推进与落地：主导物资管理信息化项目的需求分析、优先级排序、里程碑制定；协调研发、测试、运维团队，确保项目按时高质量交付；监控项目进展，管理风险，确保业务目标达成。
4.数据分析与优化：建立物资管理关键指标体系（如周转率、利用率、报废率）；通过数据分析识别优化点，持续迭代产品功能；输出物资管理效能报告，支持管理层决策。

任职要求：
二、任职要求
1.学历：本科及以上学历，物流管理、供应链管理、工业工程、信息技术等相关专业优先
2.行业经验：有物资管理、供应链或物流领域的经验。精通设备、流转容器、工服、耗材等物资的全生命周期管理流程。熟悉物联网（IoT）在物资管理中的应用场景（如RFID、传感器追踪）；能持续关注行业趋势，快速吸收新知识并应用于实践。
3.产品经理能力：具备复杂业务流程的产品化能力，能输出高质量的PRD、流程图、原型设计。具备较强的项目推动力与跨部门协调能力。
 加分项：大型零售或物流企业物资管理信息化项目经验；精通山姆、亚马逊、沃尔玛、日企等企业的物资管理最佳实践者优先
1）新零售与商超： 永辉超市、华联、物美、百果园、无印良品等。
2）电商与本地生活： 特别是优选、小象超市、美菜、亚马逊、转转、各类跨境电商平台。
3）生产制造与工业： 海尔、各类车企（熟悉其工厂端运作）。
4）专业物流： 中外运敦豪（DHL）等

符合京东价值观：客户为先、创新、拼搏、担当、感恩、诚信。",doubao-seed-2-0-pro-260215,5,8,12,7,10,high,weak,候选人无物流供应链/物资管理领域经验，AI能力与岗位核心需求匹配度低，领域迁移成本高。,"['具备0-1产品落地、跨部门协同经验', '有复杂业务流程梳理及产品化能力']","['缺乏物流供应链、物资管理相关行业经验', '核心AI能力与岗位传统信息化需求不匹配']",42
京东,jd,37,地图产品经理,京东物流,北京市,2026-04-30,https://zhaopin.jd.com/web/job-info-detail?requementId=216921,"1.本科及以上学历，3年以上地图行业工作经验，产品基本功扎实，具备优秀的逻辑思维能力；
2.具有良好的执行力与团队协作能力，能够组织跨团队协作、推动项目如期落地；
3.对地图生态有极高的热情，能够积极主动学习，具备良好的抗压能力。

符合京东价值观：客户为先、创新、拼搏、担当、感恩、诚信。","负责支持京东物流地图内外部客户需求，结合业务场景与行业发展来设计、优化、沉淀供应链地图能力，支持内部业务降本增效、提升体验，同时解决行业客户的关键问题
1.深入到物流业务中，深刻理解业务运营、经营流程发现业务痛点，结合LBS能力为业务提供完整的产品解决方案推动落地，并抽象其中的核心能力，形成标准化产品；
2.负责调研地图在垂直行业的应用，跟进业界地图产品发展趋势，明确自身产品发展方向，打造业界领先的供应链地图解决方案；
3.结合自身场景与积累，持续建设和迭代核心能力，持续保持行业竞争力。","1.本科及以上学历，3年以上地图行业工作经验，产品基本功扎实，具备优秀的逻辑思维能力；
2.具有良好的执行力与团队协作能力，能够组织跨团队协作、推动项目如期落地；
3.对地图生态有极高的热情，能够积极主动学习，具备良好的抗压能力。

符合京东价值观：客户为先、创新、拼搏、担当、感恩、诚信。","岗位职责：
负责支持京东物流地图内外部客户需求，结合业务场景与行业发展来设计、优化、沉淀供应链地图能力，支持内部业务降本增效、提升体验，同时解决行业客户的关键问题
1.深入到物流业务中，深刻理解业务运营、经营流程发现业务痛点，结合LBS能力为业务提供完整的产品解决方案推动落地，并抽象其中的核心能力，形成标准化产品；
2.负责调研地图在垂直行业的应用，跟进业界地图产品发展趋势，明确自身产品发展方向，打造业界领先的供应链地图解决方案；
3.结合自身场景与积累，持续建设和迭代核心能力，持续保持行业竞争力。

任职要求：
1.本科及以上学历，3年以上地图行业工作经验，产品基本功扎实，具备优秀的逻辑思维能力；
2.具有良好的执行力与团队协作能力，能够组织跨团队协作、推动项目如期落地；
3.对地图生态有极高的热情，能够积极主动学习，具备良好的抗压能力。

符合京东价值观：客户为先、创新、拼搏、担当、感恩、诚信。",doubao-seed-2-0-pro-260215,5,6,12,8,11,high,weak,候选人无地图相关经验，业务场景匹配度极低，仅通用产品能力部分适配，领域迁移成本高。,"['具备跨团队推进AI产品0-1落地的经验', '有企业级业务流程提效、中台建设能力']","['无地图行业从业经验，不了解LBS及供应链地图领域', '现有AI相关技术和产品经验适配岗位的场景较少']",42
京东,jd,31,产品经理,京东健康,北京市,2026-05-11,https://zhaopin.jd.com/web/job-info-detail?requementId=217413,"1. 专业背景：医学、统计学、计算机等相关专业优先；
2. 经验要求：3年以上ToC产品经验，有医疗行业产品经验者优先；
3. 熟悉用户增长、转化漏斗、服务履约等业务型产品方法，能独立完成PRD、原型和业务流程设计；
4.具备较强数据分析能力，掌握埋点设计、漏斗分析、留存分析、A/B测试等方法；
5.强沟通与跨团队推动能力，能对关键指标（如gmv、转化率）负责。

符合京东价值观：客户为先、创新、拼搏、担当、感恩、诚信。","1. 业务流程设计：主导体重管理产品的核心业务流程设计，包括用户评估、目标设定、方案制定、饮食记录、运动打卡、体重追踪、阶段复盘等关键环节；
2. 服务履约产品化：梳理标准化服务流程，将人工服务能力沉淀为可配置、可追踪、可复用的产品能力；
3. 数据驱动优化：构建核心指标体系，包括建档率、方案生成率、打卡率、饮食记录率、体重记录率、留存率、复购率、目标达成率等；","1. 专业背景：医学、统计学、计算机等相关专业优先；
2. 经验要求：3年以上ToC产品经验，有医疗行业产品经验者优先；
3. 熟悉用户增长、转化漏斗、服务履约等业务型产品方法，能独立完成PRD、原型和业务流程设计；
4.具备较强数据分析能力，掌握埋点设计、漏斗分析、留存分析、A/B测试等方法；
5.强沟通与跨团队推动能力，能对关键指标（如gmv、转化率）负责。

符合京东价值观：客户为先、创新、拼搏、担当、感恩、诚信。","岗位职责：
1. 业务流程设计：主导体重管理产品的核心业务流程设计，包括用户评估、目标设定、方案制定、饮食记录、运动打卡、体重追踪、阶段复盘等关键环节；
2. 服务履约产品化：梳理标准化服务流程，将人工服务能力沉淀为可配置、可追踪、可复用的产品能力；
3. 数据驱动优化：构建核心指标体系，包括建档率、方案生成率、打卡率、饮食记录率、体重记录率、留存率、复购率、目标达成率等；

任职要求：
1. 专业背景：医学、统计学、计算机等相关专业优先；
2. 经验要求：3年以上ToC产品经验，有医疗行业产品经验者优先；
3. 熟悉用户增长、转化漏斗、服务履约等业务型产品方法，能独立完成PRD、原型和业务流程设计；
4.具备较强数据分析能力，掌握埋点设计、漏斗分析、留存分析、A/B测试等方法；
5.强沟通与跨团队推动能力，能对关键指标（如gmv、转化率）负责。

符合京东价值观：客户为先、创新、拼搏、担当、感恩、诚信。",doubao-seed-2-0-pro-260215,5,7,12,8,10,high,weak,候选人深耕ToB企业AI产品，岗位为京东健康ToC体重管理产品，业务匹配度低，缺C端及医疗行业经验。,"['有0-1产品落地经验', '跨团队沟通推进能力强']","['无ToC产品及医疗行业经验', '岗位非AI方向，技能适配性差']",42
京东,jd,6,产品经理岗,京东工业,上海市,2026-06-05,https://zhaopin.jd.com/web/job-info-detail?requementId=218719,"1. 教育背景：本科及以上学历，专业不限；
2. 工作经验：具备3年以上产品经理相关工作经验，有从0到1产品规划及全生命周期管理经验，熟悉业务需求分析、产品设计、项目管理及跨部门协作流程；
3. 能力要求：具备较强的市场洞察与用户需求分析能力，能够独立完成产品规划、原型设计及文档撰写；熟悉产品迭代管理、数据分析及运营策略制定；具备良好的商业思维和逻辑推理能力，能够推动产品方案落地并实现业务目标；
4. 基本素质：具备良好的沟通协调能力和团队合作精神，能够高效协同技术、运营、市场等多部门推进项目；具有强烈的责任心和抗压能力，能够独立分析和解决问题；思维活跃，乐于接受挑战，对业务发展保持高度热情。

符合京东价值观：客户为先、创新、拼搏、担当、感恩、诚信。","1. 负责个人防护业务产品的全生命周期管理，深入理解业务需求，完成市场调研、产品规划、功能设计及迭代优化，确保产品竞争力与业务目标对齐；
2. 主导产品需求分析，输出高质量的产品方案与原型设计，协同研发、设计、运营等团队推动产品落地，确保项目按时高质量交付；
3. 监控产品数据与用户反馈，持续进行产品优化与创新，提升用户体验与业务指标，推动产品在业务模式与功能上的突破；
4. 跟踪行业趋势与竞品动态，结合业务发展需要，探索并规划产品新方向，支撑业务前景明朗的长期战略；
5. 负责跨部门沟通与资源协调，确保产品策略有效执行，推动业务增速快的项目顺利落地，实现业务发展稳的目标。","1. 教育背景：本科及以上学历，专业不限；
2. 工作经验：具备3年以上产品经理相关工作经验，有从0到1产品规划及全生命周期管理经验，熟悉业务需求分析、产品设计、项目管理及跨部门协作流程；
3. 能力要求：具备较强的市场洞察与用户需求分析能力，能够独立完成产品规划、原型设计及文档撰写；熟悉产品迭代管理、数据分析及运营策略制定；具备良好的商业思维和逻辑推理能力，能够推动产品方案落地并实现业务目标；
4. 基本素质：具备良好的沟通协调能力和团队合作精神，能够高效协同技术、运营、市场等多部门推进项目；具有强烈的责任心和抗压能力，能够独立分析和解决问题；思维活跃，乐于接受挑战，对业务发展保持高度热情。

符合京东价值观：客户为先、创新、拼搏、担当、感恩、诚信。","岗位职责：
1. 负责个人防护业务产品的全生命周期管理，深入理解业务需求，完成市场调研、产品规划、功能设计及迭代优化，确保产品竞争力与业务目标对齐；
2. 主导产品需求分析，输出高质量的产品方案与原型设计，协同研发、设计、运营等团队推动产品落地，确保项目按时高质量交付；
3. 监控产品数据与用户反馈，持续进行产品优化与创新，提升用户体验与业务指标，推动产品在业务模式与功能上的突破；
4. 跟踪行业趋势与竞品动态，结合业务发展需要，探索并规划产品新方向，支撑业务前景明朗的长期战略；
5. 负责跨部门沟通与资源协调，确保产品策略有效执行，推动业务增速快的项目顺利落地，实现业务发展稳的目标。

任职要求：
1. 教育背景：本科及以上学历，专业不限；
2. 工作经验：具备3年以上产品经理相关工作经验，有从0到1产品规划及全生命周期管理经验，熟悉业务需求分析、产品设计、项目管理及跨部门协作流程；
3. 能力要求：具备较强的市场洞察与用户需求分析能力，能够独立完成产品规划、原型设计及文档撰写；熟悉产品迭代管理、数据分析及运营策略制定；具备良好的商业思维和逻辑推理能力，能够推动产品方案落地并实现业务目标；
4. 基本素质：具备良好的沟通协调能力和团队合作精神，能够高效协同技术、运营、市场等多部门推进项目；具有强烈的责任心和抗压能力，能够独立分析和解决问题；思维活跃，乐于接受挑战，对业务发展保持高度热情。

符合京东价值观：客户为先、创新、拼搏、担当、感恩、诚信。",doubao-seed-2-0-pro-260215,5,0,12,8,15,high,weak,岗位为工业个人防护业务产品，无AI相关要求，候选人AI相关经验不匹配，仅基础产品能力部分适配。,"['具备0-1产品落地、跨部门协作的基础产品能力', '有企业级产品全生命周期管理经验']","['无个人防护业务相关经验，领域适配度极低', '岗位无AI相关需求，候选人核心AI经验无法复用']",40
京东,jd,43,AI产品经理,京东科技,北京市,2026-04-23,https://zhaopin.jd.com/web/job-info-detail?requementId=216566,"1.本科及以上学历，工业设计、计算机科学、信息技术或相关专业；
2.硬件类产品设计相关工作经验优先；
3.具备优秀的沟通能力，能够推动跨部门组织协作；
4.具备快速的学习能力，保持对新产品和新技术的好奇心。

符合京东价值观：客户为先、创新、拼搏、担当、感恩、诚信。","我们是京东云，作为京东集团面向企业、政府等机构的技术服务品牌，是更懂产业的数智化解决方案提供商，致力于为企业、金融机构、政府等各类客户提供以供应链为基础的数智化解决方案。依托公、专、混的全栈式云产品矩阵，我们融合了人工智能、大数据、物联网等前沿科技，在零售、物流、健康、智能城市、金融科技等行业领域为客户提供了丰富的产品与数字化解决方案，帮助客户降低成本、提升效率，是值得信赖的产业数字合作伙伴。
岗位职责：
1.深入理解业务硬件项目进行硬件选型与设计；
2.基于研发与算法侧反馈，推动产品不断改进。","1.本科及以上学历，工业设计、计算机科学、信息技术或相关专业；
2.硬件类产品设计相关工作经验优先；
3.具备优秀的沟通能力，能够推动跨部门组织协作；
4.具备快速的学习能力，保持对新产品和新技术的好奇心。

符合京东价值观：客户为先、创新、拼搏、担当、感恩、诚信。","岗位职责：
我们是京东云，作为京东集团面向企业、政府等机构的技术服务品牌，是更懂产业的数智化解决方案提供商，致力于为企业、金融机构、政府等各类客户提供以供应链为基础的数智化解决方案。依托公、专、混的全栈式云产品矩阵，我们融合了人工智能、大数据、物联网等前沿科技，在零售、物流、健康、智能城市、金融科技等行业领域为客户提供了丰富的产品与数字化解决方案，帮助客户降低成本、提升效率，是值得信赖的产业数字合作伙伴。
岗位职责：
1.深入理解业务硬件项目进行硬件选型与设计；
2.基于研发与算法侧反馈，推动产品不断改进。

任职要求：
1.本科及以上学历，工业设计、计算机科学、信息技术或相关专业；
2.硬件类产品设计相关工作经验优先；
3.具备优秀的沟通能力，能够推动跨部门组织协作；
4.具备快速的学习能力，保持对新产品和新技术的好奇心。

符合京东价值观：客户为先、创新、拼搏、担当、感恩、诚信。",doubao-seed-2-0-pro-260215,5,5,10,7,12,high,weak,候选人是ToB AI产品经理，岗位核心为硬件类产品设计，业务场景匹配度极低，迁移成本高。,"['具备跨部门协作推进产品落地能力', '有AI产品0到1落地经验和工程理解能力']","['无硬件产品设计相关经验，业务场景差异大', '过往企业AI中台、Agent经验难以复用']",39
京东,jd,33,产品经理（仿真方向）,京东物流,北京市,2026-05-11,https://zhaopin.jd.com/web/job-info-detail?requementId=217272,"1、本科及以上学历，工业工程、物流工程、自动化、机械工程等相关专业，具备智能仓储、物流自动化相关项目仿真经验者优先。
2、熟练掌握仓储仿真工具，能够独立搭建仓储仿真模型，完成场景建模、参数配置、仿真测试与数据分析。
3、熟悉智能仓储整体工艺流程，了解立体库、输送线、AGV/AMR、仓储调度系统的基本工作原理与作业逻辑。
4、具备良好的数据敏感度、逻辑分析能力，能够精准定位项目效率瓶颈，独立输出专业的仿真分析与优化方案。
5、具备良好的项目理解能力、沟通协作能力，可配合团队完成售前支持、项目落地复盘等工作，工作严谨、责任心强。

符合京东价值观：客户为先、创新、拼搏、担当、感恩、诚信。","1、负责智能仓储项目整体效率仿真工作，针对仓储布局、设备配置、调度策略、人机配比搭建仿真模型，精准还原仓库出入库全作业流程。
2、基于仿真模型开展量化分析，测算仓库吞吐产能、作业效率，精准识别作业拥堵、资源浪费、流程卡点等效率瓶颈。
3、对比多版规划方案、调度逻辑、设备配比方案的仿真结果，输出效率优化、布局优化等方案，为项目方案设计、售前选型、现场落地提供数据依据。
4、独立完成仿真测试、模型调试、数据统计分析，输出标准化仿真评估报告、瓶颈分析及优化方案报告。
5、沉淀仓储标准化仿真模型，持续优化模型精度，配合项目售前、实施、交付全流程技术支撑，保障仓储项目整体作业效率达标。","1、本科及以上学历，工业工程、物流工程、自动化、机械工程等相关专业，具备智能仓储、物流自动化相关项目仿真经验者优先。
2、熟练掌握仓储仿真工具，能够独立搭建仓储仿真模型，完成场景建模、参数配置、仿真测试与数据分析。
3、熟悉智能仓储整体工艺流程，了解立体库、输送线、AGV/AMR、仓储调度系统的基本工作原理与作业逻辑。
4、具备良好的数据敏感度、逻辑分析能力，能够精准定位项目效率瓶颈，独立输出专业的仿真分析与优化方案。
5、具备良好的项目理解能力、沟通协作能力，可配合团队完成售前支持、项目落地复盘等工作，工作严谨、责任心强。

符合京东价值观：客户为先、创新、拼搏、担当、感恩、诚信。","岗位职责：
1、负责智能仓储项目整体效率仿真工作，针对仓储布局、设备配置、调度策略、人机配比搭建仿真模型，精准还原仓库出入库全作业流程。
2、基于仿真模型开展量化分析，测算仓库吞吐产能、作业效率，精准识别作业拥堵、资源浪费、流程卡点等效率瓶颈。
3、对比多版规划方案、调度逻辑、设备配比方案的仿真结果，输出效率优化、布局优化等方案，为项目方案设计、售前选型、现场落地提供数据依据。
4、独立完成仿真测试、模型调试、数据统计分析，输出标准化仿真评估报告、瓶颈分析及优化方案报告。
5、沉淀仓储标准化仿真模型，持续优化模型精度，配合项目售前、实施、交付全流程技术支撑，保障仓储项目整体作业效率达标。

任职要求：
1、本科及以上学历，工业工程、物流工程、自动化、机械工程等相关专业，具备智能仓储、物流自动化相关项目仿真经验者优先。
2、熟练掌握仓储仿真工具，能够独立搭建仓储仿真模型，完成场景建模、参数配置、仿真测试与数据分析。
3、熟悉智能仓储整体工艺流程，了解立体库、输送线、AGV/AMR、仓储调度系统的基本工作原理与作业逻辑。
4、具备良好的数据敏感度、逻辑分析能力，能够精准定位项目效率瓶颈，独立输出专业的仿真分析与优化方案。
5、具备良好的项目理解能力、沟通协作能力，可配合团队完成售前支持、项目落地复盘等工作，工作严谨、责任心强。

符合京东价值观：客户为先、创新、拼搏、担当、感恩、诚信。",doubao-seed-2-0-pro-260215,3,5,10,8,12,high,weak,候选人无物流仿真相关经验，岗位方向与AI产品经历匹配度极低，迁移成本高。,"['具备0-1产品落地、跨部门沟通及复盘能力', '有工程基础和数据分析能力']","['无智能仓储、物流仿真相关项目经验', '不熟悉仓储仿真工具及仓储工艺流程']",38
京东,jd,5,软件产品经理（小程序/中后台）,京东零售,北京市,2026-06-08,https://zhaopin.jd.com/web/job-info-detail?requementId=218571,"（1）拥有3年以上移动互联网产品经验且熟悉微信小程序开发生态。
（2）精通产品原型工具并具备扎实的数据分析与SQL使用能力。
（3）具备优秀的跨部门沟通协调能力并能理解硬件研发基本流程。
（4）兼具用户视角与商业敏感度，能在体验优化与营收增长间取得平衡。
（5）具有厨房电器、生鲜电商或食谱社区相关产品经验者优先考虑。

符合京东价值观：客户为先、创新、拼搏、担当、感恩、诚信。","（1）制定小程序产品路线图并完成需求分析、原型设计与版本迭代管理。
（2）推动小程序与炒菜机硬件深度联动，实现状态同步、故障预警与固件升级。
（3）基于用户行为数据持续优化操作流程、界面交互及产品性能体验。
（4）设计增值服务模式并通过A/B测试验证商业化策略的有效性。
（5）统筹研发、测试、运营资源确保版本按时高质量交付。","（1）拥有3年以上移动互联网产品经验且熟悉微信小程序开发生态。
（2）精通产品原型工具并具备扎实的数据分析与SQL使用能力。
（3）具备优秀的跨部门沟通协调能力并能理解硬件研发基本流程。
（4）兼具用户视角与商业敏感度，能在体验优化与营收增长间取得平衡。
（5）具有厨房电器、生鲜电商或食谱社区相关产品经验者优先考虑。

符合京东价值观：客户为先、创新、拼搏、担当、感恩、诚信。","岗位职责：
（1）制定小程序产品路线图并完成需求分析、原型设计与版本迭代管理。
（2）推动小程序与炒菜机硬件深度联动，实现状态同步、故障预警与固件升级。
（3）基于用户行为数据持续优化操作流程、界面交互及产品性能体验。
（4）设计增值服务模式并通过A/B测试验证商业化策略的有效性。
（5）统筹研发、测试、运营资源确保版本按时高质量交付。

任职要求：
（1）拥有3年以上移动互联网产品经验且熟悉微信小程序开发生态。
（2）精通产品原型工具并具备扎实的数据分析与SQL使用能力。
（3）具备优秀的跨部门沟通协调能力并能理解硬件研发基本流程。
（4）兼具用户视角与商业敏感度，能在体验优化与营收增长间取得平衡。
（5）具有厨房电器、生鲜电商或食谱社区相关产品经验者优先考虑。

符合京东价值观：客户为先、创新、拼搏、担当、感恩、诚信。",doubao-seed-2-0-pro-260215,3,5,10,8,12,high,weak,候选人是AI产品背景，岗位为零售小程序/中后台产品，业务场景差异极大，无相关经验匹配度低。,"['具备跨团队推进0-1产品落地经验', '有一定产品工程与技术理解能力']","['无小程序、硬件联动、零售相关产品经验', 'AI产品经验与岗位业务匹配度极低，迁移成本高']",38
京东,jd,18,高阶产品经理,京东零售,北京市,2026-05-25,https://zhaopin.jd.com/web/job-info-detail?requementId=218138,"1.2年以上供应链相关产品工作经验，有电商交易、履约产品经验者优先，有国际化经验优先；
2.良好的沟通表达、跨团队协同及系统项目管理能力；
3.了解电商系统（交易、履约、物流、售后）全链路产品能力，能够设计全链路产品方案；
4.具备极佳的数据分析能力和目标驱动力，能够驱动进行产品的需求发现、改进和完善；
5.有推动复杂问题解决的主观能动性和创新意识。

符合京东价值观：客户为先、创新、拼搏、担当、感恩、诚信。","1.负责国际化业务的供应链解决方案，推进国际供应链系统能力建设；
2.深入了解业务，从业务链路中识别各环节的优化和机会点，推动供应链业务的标准化和精细化运营；
3.梳理业务流程、进行业务抽象和产品设计，并据此撰写详细的 PRD 方案，推进产品方案落地。","1.2年以上供应链相关产品工作经验，有电商交易、履约产品经验者优先，有国际化经验优先；
2.良好的沟通表达、跨团队协同及系统项目管理能力；
3.了解电商系统（交易、履约、物流、售后）全链路产品能力，能够设计全链路产品方案；
4.具备极佳的数据分析能力和目标驱动力，能够驱动进行产品的需求发现、改进和完善；
5.有推动复杂问题解决的主观能动性和创新意识。

符合京东价值观：客户为先、创新、拼搏、担当、感恩、诚信。","岗位职责：
1.负责国际化业务的供应链解决方案，推进国际供应链系统能力建设；
2.深入了解业务，从业务链路中识别各环节的优化和机会点，推动供应链业务的标准化和精细化运营；
3.梳理业务流程、进行业务抽象和产品设计，并据此撰写详细的 PRD 方案，推进产品方案落地。

任职要求：
1.2年以上供应链相关产品工作经验，有电商交易、履约产品经验者优先，有国际化经验优先；
2.良好的沟通表达、跨团队协同及系统项目管理能力；
3.了解电商系统（交易、履约、物流、售后）全链路产品能力，能够设计全链路产品方案；
4.具备极佳的数据分析能力和目标驱动力，能够驱动进行产品的需求发现、改进和完善；
5.有推动复杂问题解决的主观能动性和创新意识。

符合京东价值观：客户为先、创新、拼搏、担当、感恩、诚信。",doubao-seed-2-0-pro-260215,3,5,10,3,15,high,weak,候选人有AI产品落地经验，但无供应链、电商相关经验，与岗位业务场景匹配度极低。,"['有0-1产品落地、跨部门推进经验', '具备AI相关产品技术理解能力']","['无供应链、电商行业相关经验，业务适配成本高', '岗位非AI产品方向，过往AI相关经验复用度低']",36
京东,jd,52,地图产品经理,京东物流,北京市,2026-04-14,https://zhaopin.jd.com/web/job-info-detail?requementId=214653,"1.本科及以上学历，3年以上地图行业工作经验，产品基本功扎实，具备优秀的逻辑思维能力；
2.具有良好的执行力与团队协作能力，能够组织跨团队协作、推动项目如期落地；
3.对地图生态有极高的热情，能够积极主动学习，具备良好的抗压能力。

符合京东价值观：客户为先、创新、拼搏、担当、感恩、诚信。","负责支持京东物流地图内外部客户需求，结合业务场景与行业发展来设计、优化、沉淀供应链地图能力，支持内部业务降本增效、提升体验，同时解决行业客户的关键问题
1.深入到物流业务中，深刻理解业务运营、经营流程发现业务痛点，结合LBS能力为业务提供完整的产品解决方案推动落地，并抽象其中的核心能力，形成标准化产品；
2.负责调研地图在垂直行业的应用，跟进业界地图产品发展趋势，明确自身产品发展方向，打造业界领先的供应链地图解决方案；
3.结合自身场景与积累，持续建设和迭代核心能力，持续保持行业竞争力。","1.本科及以上学历，3年以上地图行业工作经验，产品基本功扎实，具备优秀的逻辑思维能力；
2.具有良好的执行力与团队协作能力，能够组织跨团队协作、推动项目如期落地；
3.对地图生态有极高的热情，能够积极主动学习，具备良好的抗压能力。

符合京东价值观：客户为先、创新、拼搏、担当、感恩、诚信。","岗位职责：
负责支持京东物流地图内外部客户需求，结合业务场景与行业发展来设计、优化、沉淀供应链地图能力，支持内部业务降本增效、提升体验，同时解决行业客户的关键问题
1.深入到物流业务中，深刻理解业务运营、经营流程发现业务痛点，结合LBS能力为业务提供完整的产品解决方案推动落地，并抽象其中的核心能力，形成标准化产品；
2.负责调研地图在垂直行业的应用，跟进业界地图产品发展趋势，明确自身产品发展方向，打造业界领先的供应链地图解决方案；
3.结合自身场景与积累，持续建设和迭代核心能力，持续保持行业竞争力。

任职要求：
1.本科及以上学历，3年以上地图行业工作经验，产品基本功扎实，具备优秀的逻辑思维能力；
2.具有良好的执行力与团队协作能力，能够组织跨团队协作、推动项目如期落地；
3.对地图生态有极高的热情，能够积极主动学习，具备良好的抗压能力。

符合京东价值观：客户为先、创新、拼搏、担当、感恩、诚信。",doubao-seed-2-0-pro-260215,3,5,10,2,15,high,weak,候选人无地图行业相关经验，业务场景匹配度极低，仅跨团队落地能力可迁移，整体适配性差。,"['具备跨团队推进AI产品0-1落地经验', '有企业级流程提效、中台建设经验']","['无地图行业相关沉淀，领域迁移成本高', '缺乏LBS、供应链地图相关产品能力']",35
京东,jd,38,电商交易产品经理（C端方向）,京东零售,北京市,2026-04-28,https://zhaopin.jd.com/web/job-info-detail?requementId=216707,"1、本科以上经历，头部互联网公司3年以上产品经验；
2、有电商交易类产品经验优先；
3、有良好的逻辑性和结构性思维、良好的跨团队合作和组织协调能力，能够应对复杂产品线的挑战；
4、责任心强，有激情，良好的跨团队合作和组织协同能力；
5、学习能力强，好奇心强，喜欢尝试和体验不同领域的新鲜事物，具有商业敏感度。

符合京东价值观：客户为先、创新、拼搏、担当、感恩、诚信。","1. 负责京东APP交易流程（导购-订单-支付）的产品工作；
2. 对用户需求敏感，能够通过洞察用户行为与数据，给到体系化的解决方案，并针对具体问题进行优化和解决；
3. 通过分析业务诉求与目标，抽象平台型的解决方案，通过用户产品设计驱动体验和业务增长，达成业务目标。","1、本科以上经历，头部互联网公司3年以上产品经验；
2、有电商交易类产品经验优先；
3、有良好的逻辑性和结构性思维、良好的跨团队合作和组织协调能力，能够应对复杂产品线的挑战；
4、责任心强，有激情，良好的跨团队合作和组织协同能力；
5、学习能力强，好奇心强，喜欢尝试和体验不同领域的新鲜事物，具有商业敏感度。

符合京东价值观：客户为先、创新、拼搏、担当、感恩、诚信。","岗位职责：
1. 负责京东APP交易流程（导购-订单-支付）的产品工作；
2. 对用户需求敏感，能够通过洞察用户行为与数据，给到体系化的解决方案，并针对具体问题进行优化和解决；
3. 通过分析业务诉求与目标，抽象平台型的解决方案，通过用户产品设计驱动体验和业务增长，达成业务目标。

任职要求：
1、本科以上经历，头部互联网公司3年以上产品经验；
2、有电商交易类产品经验优先；
3、有良好的逻辑性和结构性思维、良好的跨团队合作和组织协调能力，能够应对复杂产品线的挑战；
4、责任心强，有激情，良好的跨团队合作和组织协同能力；
5、学习能力强，好奇心强，喜欢尝试和体验不同领域的新鲜事物，具有商业敏感度。

符合京东价值观：客户为先、创新、拼搏、担当、感恩、诚信。",doubao-seed-2-0-pro-260215,0,5,12,3,15,high,weak,候选人背景为ToB企业AI产品，岗位是C端电商交易产品，业务场景完全不匹配，迁移成本极高。,"['有AI产品0-1落地经验', '具备跨团队协同推进能力']","['无C端电商交易相关经验', '过往ToB领域经验与岗位C端业务适配度极低']",35
京东,jd,34,京东服务产品经理,京东零售,北京市,2026-05-08,https://zhaopin.jd.com/web/job-info-detail?requementId=217181,"1.全日制本科及以上学历，3-5年O2O/本地生活经验，且独立负责过完整的产品模块；
2.对用户心理、用户需求等有独到的思考和理解，善于打磨细节；
3.具备较强的逻辑思维能力，对数据敏感且善于发现和挖掘数据价值；
4.跨部门沟通能力和统筹项目能力强，有较强抗压能力，喜欢挑战目标，具有创新精神。

岗位亮点：
1.参与京东自营业务的核心建设，覆盖家政、养老、宠物、电影演出等多业态；
2.跨团队协作氛围好，管理扁平，成长空间大，能全链路参与产品从规划到落地。

符合京东价值观：客户为先、创新、拼搏、担当、感恩、诚信。","1.负责京东服务各垂类及聚合场域的产品B、C端迭代工作，通过产品体验优化、运营能力迭代等功能创新，带动业务增长；
2.基于行业分析、用户调研、洞察用户策略对平台的商业价值，制定可行性产品方案；
3.围绕用户体验和增长目标，优化用户增长转化路径，为结果负责；
4.协调整合多团队、各业务资源，与业务紧密配合，推动产品落地。","1.全日制本科及以上学历，3-5年O2O/本地生活经验，且独立负责过完整的产品模块；
2.对用户心理、用户需求等有独到的思考和理解，善于打磨细节；
3.具备较强的逻辑思维能力，对数据敏感且善于发现和挖掘数据价值；
4.跨部门沟通能力和统筹项目能力强，有较强抗压能力，喜欢挑战目标，具有创新精神。

岗位亮点：
1.参与京东自营业务的核心建设，覆盖家政、养老、宠物、电影演出等多业态；
2.跨团队协作氛围好，管理扁平，成长空间大，能全链路参与产品从规划到落地。

符合京东价值观：客户为先、创新、拼搏、担当、感恩、诚信。","岗位职责：
1.负责京东服务各垂类及聚合场域的产品B、C端迭代工作，通过产品体验优化、运营能力迭代等功能创新，带动业务增长；
2.基于行业分析、用户调研、洞察用户策略对平台的商业价值，制定可行性产品方案；
3.围绕用户体验和增长目标，优化用户增长转化路径，为结果负责；
4.协调整合多团队、各业务资源，与业务紧密配合，推动产品落地。

任职要求：
1.全日制本科及以上学历，3-5年O2O/本地生活经验，且独立负责过完整的产品模块；
2.对用户心理、用户需求等有独到的思考和理解，善于打磨细节；
3.具备较强的逻辑思维能力，对数据敏感且善于发现和挖掘数据价值；
4.跨部门沟通能力和统筹项目能力强，有较强抗压能力，喜欢挑战目标，具有创新精神。

岗位亮点：
1.参与京东自营业务的核心建设，覆盖家政、养老、宠物、电影演出等多业态；
2.跨团队协作氛围好，管理扁平，成长空间大，能全链路参与产品从规划到落地。

符合京东价值观：客户为先、创新、拼搏、担当、感恩、诚信。",doubao-seed-2-0-pro-260215,3,2,10,5,15,high,weak,候选人深耕企业AI产品领域，无O2O/本地生活经验，与京东服务C端增长类产品方向匹配度极低。,"['具备跨团队推进产品0到1落地的经验', '有产品全链路落地及复盘能力']","['无O2O/本地生活领域相关经验', '过往ToB AI产品经验与岗位C端增长方向差异大']",35
京东,jd,41,机器人整机产品经理,京东科技,北京市,2026-04-27,https://zhaopin.jd.com/web/job-info-detail?requementId=216154,"1. 对机器人行业充满热情，具备主人翁意识，主动推动问题解决，追求极致的产品体验。
2. 机器人学、机械电子、自动化、工业设计或相关领域本科及以上学历，丰富的机器人整机产品定义或技术管理经验，有量产机器人产品经验者优先。
3. 熟悉机器人市场格局与竞争态势，能通过用户调研、竞品分析挖掘真实需求，输出数据驱动的产品决策。
4. 深入理解机器人系统架构，熟悉关键模块如结构、运控、电子电气传感器、AI模型等关键技术，能确保业务需求与技术实现的高效链接。
5. 持有PMP/Scrum Master认证者优先，具备多项目并行管理能力，能高效协调资源并推动跨部门协作。
6. 对机器人行业趋势（如具身智能、人形机器人）有深度洞察，具备技术前瞻性判断力，能结合新技术探索产品创新方向，推动技术落地为商业价值。

符合京东价值观：客户为先、创新、拼搏、担当、感恩、诚信。","1. 主导机器人行业趋势与市场需求洞察，结合技术可行性与商业价值，挖掘高潜力应用场景，输出差异化产品定义与竞争策略。
2. 主导用户需求挖掘，将抽象需求转化为具体的产品功能、交互逻辑与形态设计，确保产品定义兼具创新性与落地性。
3. 与技术产品经理、技术团队高效协同，推动技术攻关与方案优化，确保关键模块（如结构、运控、电子电气传感器、环境感知与理解、导航规控等）的研发落地符合产品定义。
4. 制定并管理研发计划，覆盖需求分析、原型开发、测试验证、量产交付等阶段，确保项目按期按质交付且BOM成本达标。
5. 为产品商业成功负责，进行产品全生命周期管理，协调内外部资源如供应链、市场、售后，确保产品从概念到上市的成功。
6. 沉淀产品方法论与技术资产，推动团队能力升级，提升产品线整体竞争力。","1. 对机器人行业充满热情，具备主人翁意识，主动推动问题解决，追求极致的产品体验。
2. 机器人学、机械电子、自动化、工业设计或相关领域本科及以上学历，丰富的机器人整机产品定义或技术管理经验，有量产机器人产品经验者优先。
3. 熟悉机器人市场格局与竞争态势，能通过用户调研、竞品分析挖掘真实需求，输出数据驱动的产品决策。
4. 深入理解机器人系统架构，熟悉关键模块如结构、运控、电子电气传感器、AI模型等关键技术，能确保业务需求与技术实现的高效链接。
5. 持有PMP/Scrum Master认证者优先，具备多项目并行管理能力，能高效协调资源并推动跨部门协作。
6. 对机器人行业趋势（如具身智能、人形机器人）有深度洞察，具备技术前瞻性判断力，能结合新技术探索产品创新方向，推动技术落地为商业价值。

符合京东价值观：客户为先、创新、拼搏、担当、感恩、诚信。","岗位职责：
1. 主导机器人行业趋势与市场需求洞察，结合技术可行性与商业价值，挖掘高潜力应用场景，输出差异化产品定义与竞争策略。
2. 主导用户需求挖掘，将抽象需求转化为具体的产品功能、交互逻辑与形态设计，确保产品定义兼具创新性与落地性。
3. 与技术产品经理、技术团队高效协同，推动技术攻关与方案优化，确保关键模块（如结构、运控、电子电气传感器、环境感知与理解、导航规控等）的研发落地符合产品定义。
4. 制定并管理研发计划，覆盖需求分析、原型开发、测试验证、量产交付等阶段，确保项目按期按质交付且BOM成本达标。
5. 为产品商业成功负责，进行产品全生命周期管理，协调内外部资源如供应链、市场、售后，确保产品从概念到上市的成功。
6. 沉淀产品方法论与技术资产，推动团队能力升级，提升产品线整体竞争力。

任职要求：
1. 对机器人行业充满热情，具备主人翁意识，主动推动问题解决，追求极致的产品体验。
2. 机器人学、机械电子、自动化、工业设计或相关领域本科及以上学历，丰富的机器人整机产品定义或技术管理经验，有量产机器人产品经验者优先。
3. 熟悉机器人市场格局与竞争态势，能通过用户调研、竞品分析挖掘真实需求，输出数据驱动的产品决策。
4. 深入理解机器人系统架构，熟悉关键模块如结构、运控、电子电气传感器、AI模型等关键技术，能确保业务需求与技术实现的高效链接。
5. 持有PMP/Scrum Master认证者优先，具备多项目并行管理能力，能高效协调资源并推动跨部门协作。
6. 对机器人行业趋势（如具身智能、人形机器人）有深度洞察，具备技术前瞻性判断力，能结合新技术探索产品创新方向，推动技术落地为商业价值。

符合京东价值观：客户为先、创新、拼搏、担当、感恩、诚信。",doubao-seed-2-0-pro-260215,3,5,10,4,10,high,weak,候选人深耕企业AI/智能体产品，无机器人整机相关经验，场景、技术匹配度极低，迁移成本高。,"['具备AI产品0-1落地与跨团队推进经验', '有AI中台、多Agent场景设计能力']","['无机器人整机产品相关经验，对机器人核心模块认知空白', '缺乏硬件研发、供应链协同、量产落地相关经验']",32
京东,jd,3,硬件产品经理,京东物流,北京市,2026-06-08,https://zhaopin.jd.com/web/job-info-detail?requementId=217302,"1.本科及以上学历，计算机、电子、自动化、物流等相关专业；
2.具有产品开发及产品管理经验，做过物流自动化产品优先；
3.具备智能硬件、机器人等产品设计能力；
4.良好的客户需求分析、挖掘能力，丰富的行业经验；
5.良好的沟通协调能力；
6.有较强的工作主动性，有创新意识和团队合作精神，能够承受压力并达成目标。

符合京东价值观：客户为先、创新、拼搏、担当、感恩、诚信。","1.负责业务场景调研分析，关注行业动向、竞品动态，输出相应的调研分析和竞品分析等文档；
2.挖掘用户需求和痛点，输出产品相关需求文档，包括BRD、MRD、PRD等，提出产品改进方案及新创意，输出方案文档、业务流程、原型设计等；
3.负责仓储自动化产品定义和设计、研发落地协调、产品材料设计、持续优化升级迭代的完整生命周期管理、产品线的Roadmap规划；
4.根据客户业务特点，进行物流方案及流程设计，对客户的运营数据进行分析，提炼业务特征，进行针对性的改进和优化；
5.负责跟进项目的技术交流及跟踪，完成方案文件，与客户讲解交流；
6.为项目提供投标技术支持，负责和参与投标的工作，并配合完成相关技术部分的澄清。","1.本科及以上学历，计算机、电子、自动化、物流等相关专业；
2.具有产品开发及产品管理经验，做过物流自动化产品优先；
3.具备智能硬件、机器人等产品设计能力；
4.良好的客户需求分析、挖掘能力，丰富的行业经验；
5.良好的沟通协调能力；
6.有较强的工作主动性，有创新意识和团队合作精神，能够承受压力并达成目标。

符合京东价值观：客户为先、创新、拼搏、担当、感恩、诚信。","岗位职责：
1.负责业务场景调研分析，关注行业动向、竞品动态，输出相应的调研分析和竞品分析等文档；
2.挖掘用户需求和痛点，输出产品相关需求文档，包括BRD、MRD、PRD等，提出产品改进方案及新创意，输出方案文档、业务流程、原型设计等；
3.负责仓储自动化产品定义和设计、研发落地协调、产品材料设计、持续优化升级迭代的完整生命周期管理、产品线的Roadmap规划；
4.根据客户业务特点，进行物流方案及流程设计，对客户的运营数据进行分析，提炼业务特征，进行针对性的改进和优化；
5.负责跟进项目的技术交流及跟踪，完成方案文件，与客户讲解交流；
6.为项目提供投标技术支持，负责和参与投标的工作，并配合完成相关技术部分的澄清。

任职要求：
1.本科及以上学历，计算机、电子、自动化、物流等相关专业；
2.具有产品开发及产品管理经验，做过物流自动化产品优先；
3.具备智能硬件、机器人等产品设计能力；
4.良好的客户需求分析、挖掘能力，丰富的行业经验；
5.良好的沟通协调能力；
6.有较强的工作主动性，有创新意识和团队合作精神，能够承受压力并达成目标。

符合京东价值观：客户为先、创新、拼搏、担当、感恩、诚信。",doubao-seed-2-0-pro-260215,3,5,7,2,15,high,weak,候选人是AI产品经理，无硬件/物流自动化经验，岗位匹配度极低。,"['具备产品0-1落地、跨部门协调能力', '有技术理解和AI产品设计经验']","['无智能硬件、物流自动化相关产品经验', '领域差异大，岗位适配性不足']",32
京东,jd,40,技术产品经理（结构运控）,京东科技,北京市,2026-04-27,https://zhaopin.jd.com/web/job-info-detail?requementId=216156,"1. 机械工程、自动化、机器人学或相关领域本科及以上学历，丰富的机器人产品管理或技术经验，有量产机器人产品经验者优先。
2. 精通机器人结构设计（SolidWorks/CAD/CAE），熟悉运控算法（MPC/阻抗控制/RL Locomotion/WBC），能主导完成从需求到技术方案的全链路转化，具备主导技术方案评审以及评估验收技术方案的能力。
3. 熟悉结构运控相关开发流程，能与研发团队深度对话，具备复杂技术问题的快速定位与推动解决能力。
4. 持有PMP/Scrum Master认证者优先，具备多项目并行管理能力，能高效协调资源并推动跨部门协作。
5. 机器人行业趋势（如具身智能、人形机器人）有深度洞察，具备技术前瞻性判断力。","1. 深入理解机器人产品应用场景，结合机械结构设计与运控算法特性，将业务需求转化为可落地的产品定义，精准拆解产品需求到结构设计目标与运控算法目标，制定技术规格书。
2. 作为产品与研发的关键桥梁，主导跨部门技术评审，确保技术方案可满足产品技术需求，平衡创新性与工程可行性。 
3. 与结构运控相关技术团队高效协同，主导技术攻关与方案优化，推动关键模块（如关节模组、底盘运动系统、机械臂、末端执行器等）的研发落地。
4. 制定并管理研发计划，覆盖需求分析、原型开发、测试验证、量产交付等阶段，确保项目按期按质交付且BOM成本达标。
5. 建立技术风险管控体系，针对结构可靠性、运控稳定性等关键风险点制定预案，推动问题闭环与迭代优化。","1. 机械工程、自动化、机器人学或相关领域本科及以上学历，丰富的机器人产品管理或技术经验，有量产机器人产品经验者优先。
2. 精通机器人结构设计（SolidWorks/CAD/CAE），熟悉运控算法（MPC/阻抗控制/RL Locomotion/WBC），能主导完成从需求到技术方案的全链路转化，具备主导技术方案评审以及评估验收技术方案的能力。
3. 熟悉结构运控相关开发流程，能与研发团队深度对话，具备复杂技术问题的快速定位与推动解决能力。
4. 持有PMP/Scrum Master认证者优先，具备多项目并行管理能力，能高效协调资源并推动跨部门协作。
5. 机器人行业趋势（如具身智能、人形机器人）有深度洞察，具备技术前瞻性判断力。","岗位职责：
1. 深入理解机器人产品应用场景，结合机械结构设计与运控算法特性，将业务需求转化为可落地的产品定义，精准拆解产品需求到结构设计目标与运控算法目标，制定技术规格书。
2. 作为产品与研发的关键桥梁，主导跨部门技术评审，确保技术方案可满足产品技术需求，平衡创新性与工程可行性。 
3. 与结构运控相关技术团队高效协同，主导技术攻关与方案优化，推动关键模块（如关节模组、底盘运动系统、机械臂、末端执行器等）的研发落地。
4. 制定并管理研发计划，覆盖需求分析、原型开发、测试验证、量产交付等阶段，确保项目按期按质交付且BOM成本达标。
5. 建立技术风险管控体系，针对结构可靠性、运控稳定性等关键风险点制定预案，推动问题闭环与迭代优化。

任职要求：
1. 机械工程、自动化、机器人学或相关领域本科及以上学历，丰富的机器人产品管理或技术经验，有量产机器人产品经验者优先。
2. 精通机器人结构设计（SolidWorks/CAD/CAE），熟悉运控算法（MPC/阻抗控制/RL Locomotion/WBC），能主导完成从需求到技术方案的全链路转化，具备主导技术方案评审以及评估验收技术方案的能力。
3. 熟悉结构运控相关开发流程，能与研发团队深度对话，具备复杂技术问题的快速定位与推动解决能力。
4. 持有PMP/Scrum Master认证者优先，具备多项目并行管理能力，能高效协调资源并推动跨部门协作。
5. 机器人行业趋势（如具身智能、人形机器人）有深度洞察，具备技术前瞻性判断力。",doubao-seed-2-0-pro-260215,2,0,10,3,10,high,weak,候选人无机器人结构运控相关领域经验，与岗位核心要求匹配度极低，领域迁移成本极高。,"['有AI产品0-1落地、跨部门推进经验', '具备基础产品工程与项目管理能力']","['缺乏机械、机器人、运控相关专业背景', '无结构运控类产品经验，领域适配难度极大']",25
京东,jd,11,美妆产品经理（京造）,京东零售,北京市,2026-05-29,https://zhaopin.jd.com/web/job-info-detail?requementId=218267,"1. 全日制本科及以上学历，3年以上工作经验；
2. 具备生意经营能力、市场分析能力、数据分析能力；
3. 有基本的项目管理能力，善于推动跨部门合作；
4. 结果导向，坦诚直接，积极主动，富有开拓精神极持续学习能力。

符合京东价值观：客户为先、创新、拼搏、担当、感恩、诚信。","1. 负责京东自有品牌美容护肤类目（包含护肤、彩妆、香水&工具）的商品开发与管理，直接对所负责分类的生意结果负责；
2. 负责制定品类策略、产品策略、产品开发、合作伙伴选择、营销策略、产品推广、供应商管理等；
3. 通过渠道及用户运营推动类目商品结构优化，驱动销售提升与客户规模增长；","1. 全日制本科及以上学历，3年以上工作经验；
2. 具备生意经营能力、市场分析能力、数据分析能力；
3. 有基本的项目管理能力，善于推动跨部门合作；
4. 结果导向，坦诚直接，积极主动，富有开拓精神极持续学习能力。

符合京东价值观：客户为先、创新、拼搏、担当、感恩、诚信。","岗位职责：
1. 负责京东自有品牌美容护肤类目（包含护肤、彩妆、香水&工具）的商品开发与管理，直接对所负责分类的生意结果负责；
2. 负责制定品类策略、产品策略、产品开发、合作伙伴选择、营销策略、产品推广、供应商管理等；
3. 通过渠道及用户运营推动类目商品结构优化，驱动销售提升与客户规模增长；

任职要求：
1. 全日制本科及以上学历，3年以上工作经验；
2. 具备生意经营能力、市场分析能力、数据分析能力；
3. 有基本的项目管理能力，善于推动跨部门合作；
4. 结果导向，坦诚直接，积极主动，富有开拓精神极持续学习能力。

符合京东价值观：客户为先、创新、拼搏、担当、感恩、诚信。",doubao-seed-2-0-pro-260215,0,0,8,0,15,high,weak,候选人是AI产品经理，岗位为美妆品类产品经理，业务完全不匹配，迁移成本极高。,"['有跨部门推进项目经验', '具备0到1产品落地能力']","['无美妆行业相关经验', 'AI产品经验与零售美妆品类业务无关联']",23
京东,jd,46,自有品牌产品经理（个人防护）,京东工业,北京市,2026-04-20,https://zhaopin.jd.com/web/job-info-detail?requementId=216328,"1、本科及以上学历，材料、纺织、安全工程、化工、工业工程相关专业优先。
2、4 年以上个人防护 PPE 自有品牌 / ODM/OEM 产品经理相关经验，熟悉劳保防护全品类产品。
3、精通 PPE 产品国标认证、材质工艺、成本核算、工厂开发及供应链管理，有完整自有品牌新品落地成功案例。
4、熟悉工业制造、工地、化工、电子、新能源等场景防护需求，具备方案输出与商业化定价能力。
5、逻辑清晰、项目推进能力强，优秀跨部门协同、供应商谈判、数据分析与抗压能力。","1、负责京东工业自有品牌惠象 / 法力创个人防护全产品线整体规划，对品类 GMV、毛利率、市场占有率、产品竞争力全面负责。
2、开展 PPE 行业市场调研、竞品分析、客户场景需求洞察，制定产品线年度规划、新品开发路线与迭代策略。
3、主导自有品牌 PPE 产品全生命周期管理：产品定义、方案设计、OEM/ODM 工厂开发、打样测试、认证办理、成本定价、上线推广全流程。
4、熟悉安全帽、防护口罩、防护手套、劳保鞋、防护服、护目镜、防坠落、防静电等全品类个人防护产品及国标 / 行业认证标准。
5、对接全国大客户行业需求，输出工业场景 PPE 整体防护解决方案，支撑销售业务拓展，持续优化产品结构与盈利水平。","1、本科及以上学历，材料、纺织、安全工程、化工、工业工程相关专业优先。
2、4 年以上个人防护 PPE 自有品牌 / ODM/OEM 产品经理相关经验，熟悉劳保防护全品类产品。
3、精通 PPE 产品国标认证、材质工艺、成本核算、工厂开发及供应链管理，有完整自有品牌新品落地成功案例。
4、熟悉工业制造、工地、化工、电子、新能源等场景防护需求，具备方案输出与商业化定价能力。
5、逻辑清晰、项目推进能力强，优秀跨部门协同、供应商谈判、数据分析与抗压能力。","岗位职责：
1、负责京东工业自有品牌惠象 / 法力创个人防护全产品线整体规划，对品类 GMV、毛利率、市场占有率、产品竞争力全面负责。
2、开展 PPE 行业市场调研、竞品分析、客户场景需求洞察，制定产品线年度规划、新品开发路线与迭代策略。
3、主导自有品牌 PPE 产品全生命周期管理：产品定义、方案设计、OEM/ODM 工厂开发、打样测试、认证办理、成本定价、上线推广全流程。
4、熟悉安全帽、防护口罩、防护手套、劳保鞋、防护服、护目镜、防坠落、防静电等全品类个人防护产品及国标 / 行业认证标准。
5、对接全国大客户行业需求，输出工业场景 PPE 整体防护解决方案，支撑销售业务拓展，持续优化产品结构与盈利水平。

任职要求：
1、本科及以上学历，材料、纺织、安全工程、化工、工业工程相关专业优先。
2、4 年以上个人防护 PPE 自有品牌 / ODM/OEM 产品经理相关经验，熟悉劳保防护全品类产品。
3、精通 PPE 产品国标认证、材质工艺、成本核算、工厂开发及供应链管理，有完整自有品牌新品落地成功案例。
4、熟悉工业制造、工地、化工、电子、新能源等场景防护需求，具备方案输出与商业化定价能力。
5、逻辑清晰、项目推进能力强，优秀跨部门协同、供应商谈判、数据分析与抗压能力。",doubao-seed-2-0-pro-260215,0,0,5,0,15,high,weak,候选人是AI产品经理，无个人防护品类相关经验，业务场景完全不匹配，领域迁移成本极高。,"['具备跨部门沟通推进项目落地能力', '有0-1产品搭建经验']","['无PPE行业相关经验，对品类、供应链、认证完全不熟悉', '过往AI产品经验与实体消费品产品工作适配度极低']",20
